0.20423,0.83536,0.77963,0.007698300000000001,9.2363e-06,4.0319e-06,1.3406,0.071391,0.45253000000000004,0.00042834,0.010657999999999999,0.006551100000000001,0.0012345999999999998,0.0006803,0.008844,0.007810899999999999,0.0082392,3.2394,3.217,2.8651,3.516,3.3842,2.9330000000000003
0.41577,0.4379,0.47501000000000004,2.5016999999999997e-06,2.5305999999999998e-05,9.0306e-06,-1.9373,0.49923999999999996,-0.39387,0.00047873,0.0016882000000000002,0.0016882000000000002,0.0015622,0.00035275,0.0016882000000000002,0.001285,0.035703,2.1628,1.5393,1.8681,2.1463,1.5077,1.7403
0.17728,0.72436,0.45911,0.0022865,2.1934e-05,1.3693e-05,0.62273,-0.63127,-0.015455000000000002,0.00030237,0.0032505000000000004,0.0015623,0.0014867,0.00042836,0.0032505000000000004,0.001789,0.032379000000000005,1.6072,1.1886,1.4712,2.3369,2.3362,1.6118
0.23631999999999997,0.25611,0.3937,0.0018149999999999998,0.00089876,1.113e-05,2.4945,1.2989,-0.66056,0.00022677,0.0078865,0.0059464,0.0013102,0.00060472,0.0064503,0.007055,0.014967,2.2233,1.9387,2.0291,2.2457,2.3864,2.3928
0.60324,0.39397,0.9568399999999999,2.7444e-10,8.2214e-07,4.0141999999999995e-07,0.096939,-0.31437,-4.082,0.00047873,0.006803,0.0038299,0.0013858,0.00052913,0.0060723,0.0042834,0.021064,2.9267,1.9917,2.5558,3.4571,2.4587,2.1837
0.37501999999999996,0.096554,0.5947600000000001,9.9865e-06,8.433299999999999e-08,5.802000000000001e-07,-0.019285,0.5826899999999999,0.31748000000000004,0.00078109,0.011641,0.0065259,0.0011086,0.00080629,0.010179,0.0082392,0.0051653,3.3288,3.069,2.5188,3.3821,3.2944,2.7639
0.10644,0.7790199999999999,0.64115,3.7167e-12,3.6097e-08,1.4227e-08,1.7062,-0.22791,0.46237,0.0006803,0.012320999999999999,0.006299100000000001,0.0010834000000000002,0.00083148,0.010104,0.0074834,0.005644,3.016,2.9804,2.5858,3.2772,3.2412,3.4664
0.11904,0.35567,0.86203,1.9253e-09,1.4765e-06,5.0991e-06,0.21350999999999998,0.021377,-0.051767999999999995,0.0007055,0.011238,0.0061227,0.0012094,0.0007055,0.009650200000000001,0.0083904,0.0064251,3.1919999999999997,3.1897,3.1205,3.3862,3.3014,3.2983
0.53854,0.40495,0.25921,2.4413e-08,2.5852999999999996e-06,6.6357e-08,-1.4358,-0.84834,-0.38784,0.00022677,0.004560600000000001,0.0025448,0.0014866,0.00042834,0.0046613,0.0030488000000000004,0.027489,2.3480000000000003,1.7781,1.6328,2.9324,2.7971,2.7347
0.64072,0.26411999999999997,0.47898,5.5886e-07,6.9469e-06,7.8423e-05,-0.44558000000000003,-0.17808,0.34242,0.00088188,0.011414,0.005820399999999999,0.0014614,0.00045354,0.009473899999999999,0.0078865,0.007055,2.8676,2.9730000000000003,3.0474,3.4412,3.102,3.0502
0.4628,0.13547,0.5099600000000001,5.827e-06,5.0574e-06,3.2548e-05,0.8276,-0.2006,-0.096717,0.00035275,0.008592,0.004359,0.0013102,0.00060472,0.006727500000000001,0.006022,0.016478,3.2128,2.7461,2.7684,3.2152,2.8725,2.9592
0.54674,0.25354,0.46538999999999997,5.7168e-05,0.00016758,5.2365e-05,-0.027343,-0.7630100000000001,-0.51203,0.00065511,0.0065259,0.004308600000000001,0.0014866,0.00042834,0.004611,0.00577,0.020661000000000002,3.0811,2.4119,3.0119,2.8406,2.9099,3.2574
0.54059,0.78982,0.6597,4.0871e-08,1.7894000000000002e-05,1.165e-06,-2.4134,-1.6694,-0.22791,0.00062991,0.0085668,0.004107,0.0013858,0.00052913,0.0065259,0.0059464,0.016756,2.1884,2.7006,2.7397,3.2414,2.6579,2.4024
0.52871,0.42882,0.8685200000000001,3.5028000000000004e-05,1.9576e-05,0.00011184,-0.6419199999999999,0.0042067,0.25476,0.00040314,0.0032,0.0026456,0.0016125999999999998,0.00030236,0.0026204,0.0024693000000000002,0.031193000000000002,2.1662,2.003,1.9012,2.5678,1.8546,1.5092
0.76005,0.18607,0.504,4.2877999999999995e-08,1.5412e-09,4.5331e-09,-0.40655,-1.0014,0.68843,0.00062991,0.009398299999999998,0.005593600000000001,0.0012094,0.0007055,0.0085416,0.006324300000000001,0.012044,2.3976,1.7893,1.1944,3.1358,3.0784,2.8419
0.23421,0.010376999999999999,0.49368999999999996,0.00067464,3.9575000000000003e-07,4.6172e-05,-0.37937,0.97836,-0.19630999999999998,0.00052913,0.0078613,0.0051905,0.0013102,0.00060472,0.0078865,0.005392,0.015672,3.4349,3.1491,2.9814,3.2569,3.2809,3.0255
0.56793,0.39142,0.8645,5.891e-12,1.7854000000000002e-08,4.5196e-10,1.3373,-0.24229,2.0993,0.00027716,0.0050393,0.004233,0.0015118,0.00040314,0.005518,0.0043841999999999996,0.02308,1.0425,1.2205,0.8771,1.7169999999999999,2.6928,2.0705
0.7177899999999999,0.16297999999999999,0.55165,5.5098999999999995e-05,1.1509999999999999e-06,0.00021405,-1.9643,-0.57371,-0.51571,0.00037795,0.0077353000000000005,0.0036283,0.0013102,0.00060472,0.0075588999999999995,0.0050141000000000005,0.018216999999999997,3.2031,2.1303,2.5977,2.8493,1.8173,2.2218
0.10069,0.5245,0.94295,7.785099999999999e-11,1.7244e-07,8.8958e-08,0.24957,-0.11935,-0.16285,0.00022677,0.0071558,0.0046613,0.0012345999999999998,0.0006803,0.006651899999999999,0.0053417000000000004,0.018494,2.5255,2.1314,2.0248,3.3122,2.4682,2.2571
0.92143,0.30299,0.25968,0.00039534,1.6503e-05,2.1224e-06,0.8262299999999999,0.40896,0.30864,0.00080629,0.01217,0.005140100000000001,0.0012598,0.00065511,0.01028,0.0072818,0.006853399999999999,3.1788,3.0469,3.3475,3.549,3.6821,3.4512
0.27416,0.06726499999999999,0.5882,0.00018965,2.9747e-07,1.6205000000000002e-06,0.026133,0.22330999999999998,0.11688,0.00010895,0.0063463,0.00054475,0.0020155999999999998,5.4475e-05,0.006182899999999999,0.00019066,0.032603,1.9655,2.0014,2.0991,1.864,2.2108,1.534
0.57263,0.95829,0.59809,5.9543e-11,8.470599999999999e-08,5.3089000000000006e-08,-1.3369,0.19668,-0.52381,0.00052913,0.010784,0.0056944,0.0011086,0.00080629,0.0090455,0.007181,0.0092975,2.9841,3.2277,3.0955,3.4289,3.4597,3.3886
0.46473000000000003,0.34367,0.28539000000000003,2.1105e-05,3.046e-05,8.9096e-05,0.63735,-0.0064884,0.77646,0.00035275,0.0057951999999999995,0.0047117,0.0013606,0.00055432,0.0043338000000000005,0.0047873,0.022550999999999998,2.8311,2.1929,2.3126,3.1183,2.4782,2.0835
0.60013,0.68988,0.69195,7.0607e-11,3.084e-07,4.3161000000000004e-07,0.7768,1.2484,-0.9844299999999999,0.00017638,0.0032251,0.0026204,0.0015118,0.00040314,0.002822,0.0027716,0.030916000000000003,1.4286,2.0935,1.5255,3.0317,1.3251,2.6892
0.46261,0.76988,0.51348,1.9438e-06,1.1455999999999998e-05,6.7294e-05,-0.042525,-0.30111,-0.51246,0.00029958,0.008088600000000001,0.00073533,0.0020153,5.4468999999999996e-05,0.009450299999999998,0.00029958,0.027098,3.1892,2.0394,2.5973,3.2206,2.4482,2.4357
0.042379,0.83524,0.8728100000000001,1.155e-11,1.805e-08,3.6970999999999994e-07,-0.6106600000000001,0.20118,0.5060100000000001,0.00025196,0.0074078,0.0037290999999999995,0.0012094,0.0007055,0.006626699999999999,0.0045102,0.020006,2.8057,1.7629,1.7417,2.966,3.2239,2.478
0.49038000000000004,0.16108,0.44786000000000004,7.2606e-05,1.5634e-06,0.00030137,-0.1241,1.0097,-0.51321,0.00040316,0.0078869,0.0031497,0.0012851,0.00062994,0.006375,0.004661600000000001,0.020057,2.5319,1.901,2.4407,2.0524,2.3196,2.3088
0.80096,0.30286,0.30243000000000003,5.2346e-07,8.5955e-07,1.6855000000000002e-06,-0.99154,0.17295,0.39179,0.00040314,0.0073574,0.003930599999999999,0.0012598,0.00065511,0.007055,0.0048125,0.018973,2.8361,3.0045,2.7958,2.9361,3.3424,2.8532
0.52186,0.41011000000000003,0.45011,8.460200000000002e-09,1.8149000000000002e-05,7.5258e-06,-0.50655,0.21093,-0.6400399999999999,0.00015119,0.0073076999999999994,0.0019655000000000002,0.0013607,0.00055438,0.006476100000000001,0.0035277999999999998,0.023107,2.365,1.5932,1.9312,3.2134,2.3737,2.489
0.62847,0.096571,0.57881,4.8161e-05,2.3588000000000002e-07,2.9094e-06,-0.80291,0.44953000000000004,-0.18687,0.00027717,0.011767,0.0035781,0.0011843,0.00073073,0.010003,0.0044852,0.012422,3.3106,3.1114,2.977,3.3656,2.9389999999999996,3.2249
0.39692,0.41663,0.35044000000000003,4.7159e-06,3.166e-05,1.6085e-06,0.07835800000000001,0.60153,-0.67005,0.00047873,0.008768399999999999,0.004308600000000001,0.001537,0.00037795,0.0077605,0.0047117,0.016503999999999998,2.9159,2.7954,2.526,3.2858,3.0004,2.3967
0.36146999999999996,0.083766,0.62047,4.8371e-06,1.8097e-06,5.1728000000000003e-05,0.14375,-0.14553,0.30601999999999996,0.00060472,0.010834,0.0069038,0.0010834000000000002,0.00083148,0.008718,0.008440799999999998,0.0070298,3.489,3.0675,3.0678,3.3468,3.267,3.4318
0.65618,0.24723,0.48426,1.1143e-06,4.9462999999999996e-06,5.9181e-05,0.13827,-0.6726,1.1399,0.00065511,0.011238,0.005593600000000001,0.0011086,0.00080629,0.009751000000000001,0.0078865,0.0074078,3.0335,3.1173,3.1875,2.8638,3.0501,3.3567
0.075843,0.72195,0.40296,2.6781999999999995e-11,5.0137e-08,2.9895e-08,0.081373,-0.16785,0.081893,0.00057952,0.008768399999999999,0.0037290999999999995,0.0013858,0.00052913,0.0080125,0.0056188,0.015823,1.8837,0.9101600000000001,0.69587,3.5004,2.4186,2.3631
0.56962,0.37242,0.63922,9.6093e-09,1.7987999999999998e-05,2.9417e-06,0.3441,0.56206,0.009938500000000001,0.0007307,0.0091463,0.0070298,0.0012598,0.00065511,0.0076345,0.007987300000000001,0.010003,3.5332,2.8216,3.1555,3.478,3.553,3.2005
0.058487,0.29261,0.61265,5.7675e-05,1.2532e-06,1.9132999999999998e-05,3.1626,2.3833,-0.12919,0.00017638,0.004838,0.002167,0.0013607,0.00055435,0.0051151,0.0019149999999999998,0.028322000000000003,2.7746,2.6665,2.8772,2.8676,3.0387,2.471
0.52705,0.56433,0.7076,1.4636e-09,1.9791e-05,3.7244e-06,-1.3037,0.34504,-0.17532,0.00030236,0.0061227,0.0044598,0.0013606,0.00055432,0.005392,0.005215699999999999,0.021039,2.6628,1.7138,1.8425,2.562,2.4481,2.1019
0.53266,0.64057,0.58637,0.00019099999999999998,0.00021280000000000002,0.00018972,0.073311,0.5727,-0.27989,0.00035275,0.0054676,0.0026456,0.001285,0.00062991,0.004913300000000001,0.0034015,0.025751,3.0765,1.6801,1.4208,2.6335,1.6628,2.5442
0.5865199999999999,0.46529,0.4248,3.7432e-05,3.1217e-06,4.8984e-07,0.071104,0.42673,1.012,0.00052915,0.007861700000000001,0.0050899,0.0014363,0.00047876,0.00446,0.0070301999999999995,0.017563,1.7727,1.9739,1.791,2.5266,2.1529,2.4211
0.55476,0.43743999999999994,0.55761,1.2354e-10,8.581200000000001e-07,1.4840000000000001e-06,0.11118,0.8557,-0.058120000000000005,0.00027716,0.009070700000000001,0.0052913000000000005,0.0011338,0.00078109,0.007458199999999999,0.0061478999999999995,0.014286000000000002,3.2846,1.6544,2.0125,3.588,3.1194,2.6771
0.75042,0.48675,0.41995,0.00014264,9.0491e-07,4.3238999999999997e-07,-0.72043,-0.57182,-0.60165,0.00010895,0.0022335000000000002,0.00054475,0.0020155999999999998,5.4475e-05,0.0021245,5.4475e-05,0.040911,1.9801,2.3587,1.7521,2.5298,3.3065,2.4816
0.64174,0.10363,0.5342899999999999,4.8594e-08,1.0094000000000001e-08,1.2734999999999999e-07,1.5875,-0.07358200000000001,2.3886,0.00047873,0.0089951,0.0056944,0.0013354,0.00057952,0.008314799999999999,0.0065259,0.012523000000000001,2.3583,1.9381,2.239,3.0624,2.7844,2.3206
0.11439,0.32037,0.64703,0.00055469,6.1068e-07,3.9199e-07,0.16756,0.39347,0.59311,0.00047873,0.0083652,0.0056692,0.001285,0.00062991,0.0075337,0.0061731,0.014312,3.0863,3.1537,3.2201,3.2712,2.9153,3.1177
0.60483,0.15225,0.32995,3.5638e-06,1.4356e-06,4.7044e-06,-0.41048,-0.26068,0.25595,0.00052913,0.005568399999999999,0.0034771,0.0012598,0.00065511,0.0054676,0.0034519,0.024037,3.0207,2.4005,2.4063,3.6645,2.8688,2.7554
0.5404399999999999,0.63452,0.55684,1.0779999999999999e-10,3.6698e-06,1.4711000000000002e-06,-0.91127,0.89822,-1.0001,0.00052913,0.010053,0.0060472,0.0011086,0.00080629,0.0082392,0.007458199999999999,0.010205,3.242,3.0814,2.7912,3.2736,3.0939,3.3489
0.21361999999999998,0.41496000000000005,0.28426999999999997,2.9876e-06,0.0001193,0.00024162,-0.17195,0.57316,-0.18629,0.00022679,0.0054178,0.0016883,0.0014363,0.00047878,0.0028979,0.0032255,0.02908,2.7133,1.8977,1.9806,2.6883,1.8945,2.1682
0.43095,0.27563000000000004,0.48758,1.8554000000000002e-05,1.2005e-05,0.00011658,-0.14573,0.10683,-0.70552,0.00037795,0.0054676,0.004988899999999999,0.0013606,0.00055432,0.0067779,0.004636199999999999,0.020283000000000002,2.3293,2.4330000000000003,2.5237,2.6289,2.4497,2.9360000000000004
0.35059,0.11857999999999999,0.33314,2.0225e-05,3.633e-05,1.6494e-05,0.39686,0.99323,1.0955,0.00057952,0.0079369,0.0064251,0.0014362,0.00047873,0.0082392,0.0075084999999999995,0.011842,2.8886,3.1996,3.3024,3.5637,3.3155,2.9333
0.6402800000000001,0.88756,0.56276,2.9442000000000005e-10,1.5901e-07,1.55e-06,0.0061842,0.24768,0.72305,0.00083148,0.010532,0.0067527,0.0013102,0.00060472,0.008617200000000002,0.0080881,0.0077101,3.4779,3.2825,2.9892,3.5437,3.3173,3.4338
0.08853,0.46538,0.46799999999999997,0.00010543,9.863e-07,9.4455e-07,-3.1045,0.74983,0.41828000000000004,0.00037798,0.0082652,0.0019150999999999999,0.0013607,0.00055438,0.007106100000000001,0.0036286,0.021243,3.1542,3.2034,2.9646,2.7135,3.0257,3.3215
0.32665,0.34126,0.56566,0.00086761,0.00024921,0.0004421,0.38466999999999996,0.32654,1.1665,0.00057952,0.0081133,0.0044598,0.0013858,0.00052913,0.007231399999999999,0.005644,0.016503999999999998,3.0795,2.3961,2.9304,3.1124,2.6651,2.7119999999999997
0.5796,0.715,0.47156000000000003,2.4048e-10,8.850399999999999e-07,3.3494e-08,-0.7701899999999999,1.514,0.40148,0.00032755,0.0089196,0.008466,0.001159,0.00075589,0.006248699999999999,0.010608,0.007962100000000001,3.0128,2.708,3.133,3.2931,2.7995,3.0634
0.33931999999999995,0.15793,0.33087,0.00069205,0.00035666,0.00011458,-0.16194,0.23853000000000002,-0.27238,0.00062991,0.0098014,0.0034771,0.0013858,0.00052913,0.008617200000000002,0.004611,0.015394999999999999,2.9866,2.7595,2.6927,2.8852,2.8902,3.0811
0.67981,0.24285,0.54906,2.8841000000000004e-10,2.3006999999999997e-09,1.0894999999999999e-07,-0.8631200000000001,-0.63013,0.27393,0.00075593,0.0085672,0.0030740999999999997,0.0012347,0.00068034,0.0077357,0.0047876,0.017613,2.4853,2.9189999999999996,1.9803,3.221,3.2238,2.7123
0.54219,0.24828000000000003,0.67176,2.592e-10,2.6577e-09,1.0765e-06,0.45453000000000005,0.7351300000000001,0.36534,0.00020159,0.006954899999999999,0.0019150999999999999,0.0015370999999999998,0.00037798,0.0049138,0.0037042000000000004,0.024846,3.0603,2.1197,2.6411,3.3637,3.1179,2.7503
0.49288999999999994,0.56342,0.47035,9.5482e-05,0.00024522,2.5221999999999997e-05,-1.4919,-0.43648000000000003,1.1651,0.00040314,0.009977799999999998,0.005518,0.001285,0.00062991,0.0087432,0.0061731,0.011715999999999999,2.67,2.1742,3.1939,2.0674,2.3514,2.4169
0.055298,0.44927,0.8536100000000001,1.3802999999999999e-09,3.3638000000000005e-07,3.0639e-07,0.40803,0.67689,-1.3344,0.00040314,0.0065259,0.004913300000000001,0.0014614,0.00045354,0.0050645,0.0054424,0.020182,3.1129,2.589,2.1623,3.5209,2.8966,2.557
0.49618,0.37936,0.64156,1.2652999999999999e-05,3.8484e-05,0.00010018,-0.95283,-0.020499,-0.40246,0.00035275,0.0047873,0.0036787,0.0015118,0.00040314,0.0024189,0.0052409,0.026052999999999996,1.9858,1.1601,1.1548,2.0456,1.9607,1.7071
0.57467,0.50662,0.81033,1.3161e-10,5.2354e-06,4.5123999999999996e-07,-1.0082,-0.1626,0.89579,0.00025196,0.0042582,0.0022929,0.0015622,0.00035275,0.0048376999999999995,0.002696,0.028194999999999998,2.2175,1.6629,1.4962,2.2967,1.7305,2.4189
0.31742,0.4667,0.53078,6.9472e-06,2.6892e-05,3.3107e-05,1.6546,0.38745999999999997,-0.45132,0.00040314,0.007004600000000001,0.0035275,0.0013354,0.00057952,0.0060472,0.0045354,0.021013999999999998,2.6087,2.39,2.4164,2.8705,2.7234,2.6408
0.50962,0.055337,0.57434,4.3691000000000006e-05,3.1765e-07,4.2963e-05,0.68835,0.40283,0.42163,0.00027716,0.008718,0.0052409,0.0013858,0.00052913,0.0068281999999999995,0.0059968,0.015471,3.3017,3.0682,2.6788,3.2586,3.2574,2.9759
0.67652,0.60305,0.47885,0.00036921,0.00030228,0.00031599,-1.5054,-0.70302,-0.005578499999999999,0.00025198,0.0065262,0.0025198,0.0014363,0.00047876,0.004082,0.0040064,0.025147,1.8901,1.416,1.6157,2.9427,1.4006,1.9097
0.5142399999999999,0.21823,0.48556000000000005,2.9301e-06,1.0840000000000001e-06,1.3539999999999998e-07,-0.5392899999999999,-0.2062,0.13309,0.00055432,0.0048881,0.0024189,0.0013858,0.00052913,0.004107,0.0032,0.027363,2.2223,1.901,1.5462,2.4105,1.8981,1.6415
0.63581,0.097585,0.8758799999999999,7.2507e-09,4.912e-08,2.9544e-08,-0.11199,-0.2111,0.41111000000000003,0.00015118,0.0033259,0.0022677,0.0015118,0.00040314,0.0035275,0.0024189,0.03084,2.3958,1.7098,0.84975,1.1487,2.7512,2.4179
0.5709,0.22396,0.25175,0.00077757,1.1117e-05,1.2401e-07,1.2044,-0.034087,0.093635,0.0001008,0.0041074,0.0016883,0.0014867,0.00042838,0.0033515,0.0019907,0.031297000000000005,2.057,2.5406,2.3428,2.5523,2.6156,2.7731
0.25226,0.50552,0.4615,9.4618e-05,6.929399999999999e-05,8.8602e-05,-1.7009,-0.79102,-0.25595999999999997,0.00010079,0.006626699999999999,0.0048881,0.0014362,0.00047873,0.006803,0.0051148999999999995,0.018997999999999998,3.0109,2.3336,2.5026,3.2909,2.8451,2.9233
0.58395,0.22241999999999998,0.67652,6.4068999999999995e-09,1.2724e-07,2.32e-08,0.26166999999999996,0.7299800000000001,-0.36417,0.00022679,0.004082199999999999,0.0021419,0.0013859000000000002,0.00052918,0.0033766999999999994,0.0025954999999999997,0.030113,3.0217,3.2432,2.9314,3.2325,3.6904,3.1408
0.19576,0.11605,0.27915999999999996,2.0765e-05,1.0300999999999998e-05,2.2266e-05,0.08285,1.3674,-0.49822,0.00030236,0.007004600000000001,0.0034771,0.0013606,0.00055432,0.0071558,0.0039558,0.020636,3.1091,3.0749,2.5934,3.3458,3.2771,3.0692
0.59956,0.38716,0.32556999999999997,6.5989e-06,9.9952e-06,1.6145e-05,-0.45228999999999997,0.68734,-0.46048999999999995,0.0007055,0.006399899999999999,0.0047369,0.0015118,0.00040314,0.0053417000000000004,0.0059212,0.019426,2.8509,2.9009,3.2208,2.9439,3.0410000000000004,2.5201
0.65515,0.5755899999999999,0.4505,6.4411e-10,5.013800000000001e-07,1.1867e-06,-0.17795999999999998,-1.7656,-0.21131,0.00032755,0.0036787,0.0024441,0.001537,0.00037795,0.0034266999999999995,0.0028472,0.029807,1.7211,2.0166,0.43451999999999996,2.2954,2.1708,1.9566
0.22812,0.29761,0.18215,3.1309e-05,1.5262e-05,1.5171e-06,-0.7950699999999999,-0.95483,-0.038232,0.00027717,0.0060222,0.0026962,0.0013607,0.00055435,0.005266300000000001,0.0038552,0.024416999999999998,2.4203,2.727,2.909,2.6599,3.5867,3.2295
0.5959,0.4388,0.5969800000000001,7.546800000000001e-11,5.709e-08,3.7786e-08,-0.71607,0.4592,0.057177,0.00032757,0.0083404,0.0035781,0.0012095,0.00070554,0.0074332999999999995,0.0041576,0.018697,3.2612,2.5411,2.5755,3.6164,3.4553,3.1344
0.14125,0.66225,0.26093,1.7832999999999998e-09,3.7323e-05,2.4452e-05,-0.68915,0.083303,0.046047000000000005,0.00055432,0.0099274,0.0060723,0.0011842,0.0007307,0.0083904,0.007080199999999999,0.010506999999999999,2.6903,2.6483,2.8515,3.4086,2.7663,2.5381
0.63131,0.38999,0.25226,7.617399999999999e-05,2.9493e-05,5.7078e-06,0.70567,-0.67791,-0.63543,0.00052915,0.009423899999999999,0.0038299999999999996,0.0013103,0.00060474,0.0066018,0.0060222,0.016127000000000002,3.2108,3.0748,2.9758,3.7016,3.2284,3.0569
0.35799000000000003,0.08088300000000001,0.6634399999999999,8.1628e-05,3.6316e-06,1.1805999999999998e-05,0.64594,0.5949300000000001,-0.21971999999999997,0.00037795,0.0022929,0.0011338,0.0014614,0.00045354,0.0026708,0.0013858,0.03467,2.3081,2.1415,1.778,2.5941,2.4576,1.87
0.35496,0.4978,0.2216,7.4613e-05,0.00025222,2.8296999999999997e-05,0.26408000000000004,0.95334,0.19386,0.00052913,0.01096,0.0058708,0.001159,0.00075589,0.0095495,0.007004600000000001,0.008617200000000002,3.1346,3.4174,3.2451,3.6409,3.6324,3.1837
0.59091,0.41845,0.5582699999999999,3.5635e-08,2.5321e-05,9.6509e-05,-2.697,-0.12150999999999999,0.6915100000000001,0.00030236,0.0048629,0.0042582,0.0013606,0.00055432,0.0038803000000000006,0.0047117,0.024516,2.7005,2.7267,2.3874,2.943,3.0611,2.9537
0.36696999999999996,0.18577,0.5069899999999999,7.326e-05,6.8203e-05,1.0642e-05,-0.29011,0.22641,0.50727,0.00025196,0.003981,0.0026204,0.0014614,0.00045354,0.004485,0.0027968000000000003,0.028395999999999998,3.2141,3.011,3.0627,2.8994,3.2986,2.9716
0.23119,0.50478,0.25792,1.2682e-05,0.00036109,1.6849e-05,0.5976199999999999,0.14635,0.64735,0.0007055,0.011515000000000001,0.006979399999999999,0.0010583,0.00085668,0.0097762,0.00834,0.005215699999999999,3.2266,2.6838,2.9622,2.9067,3.4224,3.0346
0.46171,0.072437,0.74547,0.00019808,5.9056000000000005e-05,4.45e-05,-0.41857,1.1902,-0.77265,0.0007055,0.0086928,0.006651899999999999,0.0012598,0.00065511,0.0073574,0.0078361,0.011288,2.9323,3.451,3.0362,3.068,3.2312,3.4737
0.53198,0.1264,0.78689,2.1421999999999998e-08,1.5025e-08,4.0598000000000005e-06,-0.45482,0.52904,0.2663,0.00062991,0.0098014,0.0055432,0.0013858,0.00052913,0.0080377,0.006929,0.011590000000000001,3.2488,3.1919999999999997,3.0169,3.3711,3.2715,3.122
0.069783,0.67166,0.76415,2.8730000000000003e-10,1.1058e-07,2.9123e-07,-0.8641700000000001,1.2091,-0.12401,0.00032755,0.0080377,0.005719600000000001,0.0012598,0.00065511,0.0071054,0.006551100000000001,0.014790000000000001,2.7592,1.8868,2.3647,3.2975,3.1469,2.7869
0.49573999999999996,0.70199,0.37906999999999996,3.3366e-05,5.9798e-05,3.1281999999999996e-05,1.5599,0.46629,0.46841000000000005,0.00010894,0.004248600000000001,0.00040852,0.0020153,5.4468999999999996e-05,0.0046026,0.00010894,0.036494,2.5114,2.7956,1.8705,2.5523,2.4473,2.5835
0.44568,0.25136,0.62842,9.5271e-05,1.9355e-05,6.6457e-05,0.9190799999999999,-0.11227000000000001,-1.1243,0.00017638,0.0075089,0.0024694,0.0013355,0.00057955,0.006954600000000001,0.0036536999999999997,0.021771000000000002,2.5953,2.3063,1.8482,2.7929,2.3596,2.4135
0.45536000000000004,0.33195,0.38785,1.2332e-06,1.1101e-05,0.00011215,0.0085632,1.5077,-0.12559,0.00010895,0.0050934,0.00027237,0.0020155999999999998,5.4475e-05,0.0054202,5.4475e-05,0.035026999999999996,2.2201,1.4099,1.4443,1.9711,1.9352,2.5458
0.092471,0.78475,0.93234,1.2122999999999999e-11,8.358e-09,1.5090000000000002e-10,0.5479,-0.70903,-0.014324000000000002,0.00042834,0.010205,0.0038551,0.001285,0.00062991,0.009020299999999998,0.0044598,0.014563999999999999,2.1187,1.9062,1.8253,3.5598,3.2504,2.8598
0.53055,0.90365,0.6434300000000001,1.7620999999999997e-09,1.9299e-05,3.0210000000000004e-06,-0.54979,-0.46863,0.59845,0.00035275,0.0035023000000000003,0.002948,0.0015622,0.00035275,0.0031244,0.0030992,0.029505,2.537,1.6374,1.3727,2.9466,1.4193,1.7730000000000001
0.70402,0.16362000000000002,0.42827,5.9533e-07,6.837100000000001e-08,9.7387e-08,-0.8398100000000001,0.045925,-0.55825,0.00010894,0.0032137,0.00065363,0.0020153,5.4468999999999996e-05,0.0040852,0.00010894,0.037801,3.2578,2.6177,2.5934,3.2497,3.3472,3.135
0.6171,0.44215,0.56894,9.1114e-09,2.452e-06,2.0912e-06,0.98561,0.82442,-0.65694,0.00025198,0.0019906,0.0013355,0.001663,0.00025198,0.0016882000000000002,0.0015119,0.035756,1.4609,1.0571,1.3671,1.5353,1.7835,1.4924
0.63895,0.45291000000000003,0.7093,5.7512e-07,2.0155999999999998e-05,1.4196000000000001e-06,-0.91609,-0.33899999999999997,-0.57053,0.00042834,0.0047621,0.0030992,0.0014614,0.00045354,0.004233,0.0038047,0.026204,2.3782,1.7679,1.5752,2.7108,2.8592,2.7628
0.5546399999999999,0.28171,0.46751000000000004,3.8365e-05,6.056799999999999e-06,7.668800000000001e-05,1.03,-0.66456,1.7358,0.00010895,0.0023152,0.00035409,0.0020155999999999998,5.4475e-05,0.0030234000000000003,0.00010895,0.040066000000000004,1.6472,1.9401,2.0179,2.2345,1.8401,2.1623
0.082887,0.35215,0.38850999999999997,6.7251e-05,7.1166e-06,1.0845e-05,1.1926,-0.032017000000000004,1.4066,0.00035277,0.010281,0.0047876,0.0012095,0.00070553,0.0071813,0.0072569,0.012674,2.9721,1.5639,1.9423,3.2138,2.6858,2.4456
0.09738200000000001,0.3671,0.5884199999999999,0.0006607000000000001,2.2594e-05,9.056899999999999e-05,0.013728,-0.60121,0.33038,0.00012599,0.006954899999999999,0.0017135000000000002,0.0013355,0.00057957,0.005543800000000001,0.0036034,0.024594,2.9154,2.2578,2.17,3.2713,2.4804,2.6613
0.61555,0.48027,0.30084,1.3289e-09,5.2096000000000004e-05,2.063e-06,0.22833,0.017846,-0.058333,0.00062991,0.0097762,0.0059212,0.0011086,0.00080629,0.0085668,0.0066771,0.01096,3.7603,3.3066,3.3571,3.6128,3.2358,3.3485
0.5845,0.61632,0.49096000000000006,2.6661e-09,2.0529e-05,1.4453e-05,0.9909899999999999,0.6066699999999999,-1.4709,0.00032755,0.0099526,0.005820399999999999,0.0011842,0.0007307,0.009070700000000001,0.006500700000000001,0.01086,3.0621,2.9116,2.9821,2.9766,3.1479,2.7701
0.58176,0.51164,0.51454,2.2088e-11,1.3378e-08,1.3152e-08,0.14701,-0.10793,0.08094900000000001,0.0006803,0.0097006,0.0061983,0.0011842,0.0007307,0.0080377,0.0083904,0.0095243,3.5839,3.3229,2.5047,3.3508,2.83,3.4349
0.52556,0.34957,0.14989,0.00088955,5.5476e-05,2.1875e-06,1.0575,-1.6419,0.07671,0.00021790000000000004,0.0056926,0.00049027,0.0020155999999999998,5.4475e-05,0.0061012,0.00027237,0.033201999999999995,1.5347,2.1027,2.4419999999999997,2.0971,3.1142,3.2987
0.42798,0.25196999999999997,0.53089,2.8139e-07,6.0813e-06,1.4794000000000001e-05,0.76979,-0.55525,0.6795399999999999,7.5589e-05,0.004611,0.0045102,0.0014362,0.00047873,0.0038047,0.0047117,0.024819,2.832,2.3677,2.5117,2.9811,2.6354,2.6517
0.58531,0.68815,0.50262,3.6236000000000003e-10,2.4759e-07,1.278e-07,-0.36271,-0.63346,0.30606,0.00035277,0.0072569,0.0030993,0.0013103,0.00060474,0.0057451,0.004712,0.021368,3.0882,2.612,2.2371,2.8837,3.2183,2.8436
0.051484,0.79164,0.9948100000000001,2.0031e-09,7.3737e-09,2.4973e-08,-0.23151999999999998,-1.5116,1.1687,0.00017638,0.0051402999999999996,0.002545,0.0014867,0.00042836,0.0037545,0.0037293,0.027188,2.8309,1.9803,1.8403,3.6248,2.9719,2.7535
0.57229,0.12059,0.78646,2.2895e-09,1.5689e-07,9.2495e-08,0.4368,0.6431100000000001,-0.28715999999999997,0.00057952,0.0074834,0.0031496,0.0013102,0.00060472,0.0060975000000000005,0.0040314,0.02119,3.2592,2.4075,2.8121,3.4979,3.5421,2.7806
0.6511600000000001,0.09526,0.57226,1.0862e-07,1.3187e-07,5.102899999999999e-07,0.15793,0.8662200000000001,1.3206,0.00032755,0.0049385,0.0031748,0.0014362,0.00047873,0.0047117,0.0034771,0.025901999999999998,2.025,1.1072,1.8124,2.4381,1.7774,1.8119
0.10790999999999999,0.2084,0.75021,8.027e-07,4.4935e-06,2.54e-06,0.17923,0.18953,-1.1233,0.00040314,0.0086424,0.0044346,0.001411,0.00050393,0.0082644,0.0049385,0.015849000000000002,2.568,2.2699,2.7447,2.551,2.7225,2.7788
0.5286,0.10937999999999999,0.8315100000000001,0.00024619999999999997,6.0063e-07,4.4657e-06,0.42896999999999996,0.80165,-0.6260399999999999,0.00060472,0.0062739,0.00257,0.0014362,0.00047873,0.0059716000000000005,0.0032,0.023911,2.7123,2.4381,2.3769,2.6624,2.5612,2.5071
0.57084,0.63905,0.7652100000000001,2.5072999999999997e-06,1.449e-06,9.7712e-07,0.79515,0.39532,-0.12499,0.00022677,0.0078361,0.0047117,0.0013858,0.00052913,0.006803,0.005492800000000001,0.017461,2.8314,2.5063,2.8062,3.3229,3.325,2.5164
0.59958,0.64688,0.5706399999999999,5.1962e-09,2.5814999999999998e-06,8.5191e-07,-0.7520399999999999,0.02257,0.31825,0.00060472,0.008844,0.0048881,0.001285,0.00062991,0.0075337,0.0057448,0.014916,2.8462,3.3228,3.1059,3.1455,3.3403,3.3004
0.5855600000000001,0.12012,0.50541,0.0022324000000000003,2.5399000000000002e-05,4.0461e-06,0.42917,-1.1407,-0.10392,0.00015119,0.0075344999999999995,0.0022175000000000003,0.0015623,0.00035278,0.0054934,0.003553,0.023586000000000003,3.3638,2.4811,3.1798,3.613,2.739,3.1264
0.19280999999999998,0.22838000000000003,0.75664,6.5207e-05,2.6671e-06,1.2973e-05,1.0087,0.010062,-0.8053600000000001,0.00020158,0.0029733,0.00093231,0.0015623,0.00035277,0.004082,0.0010583,0.033286,2.9097,2.5693,2.4031,2.8673,2.9306,2.5209
0.5966600000000001,0.19519,0.46431000000000006,1.8257e-05,5.6204e-06,2.6856999999999997e-05,-1.271,0.18678,1.0968,0.00025196,0.0056692,0.0053165,0.0011338,0.00078109,0.005644,0.005518,0.020132,2.8726,2.6007,2.5538,3.0762,2.9244,3.1547
0.60728,0.63736,0.72055,2.8131000000000003e-11,1.1868e-06,1.7299000000000002e-06,-0.07030700000000001,-0.3375,0.26371999999999995,7.5597e-05,0.008744,0.0025199000000000003,0.0015875,0.00032759,0.005569,0.0053674,0.02026,3.4619999999999997,2.9208,2.7314,2.8082,3.1094,3.1867
0.61746,0.53583,0.5405,2.2192e-09,2.3826e-05,2.5093000000000002e-05,-0.27039,0.08682000000000001,0.8957799999999999,0.00027716,0.006727500000000001,0.0031748,0.0011842,0.0007307,0.0075588999999999995,0.003930599999999999,0.020863,3.2816,3.2197,2.7953,3.3794,2.6861,2.8259
0.49596,0.24226,0.46398999999999996,0.00011262,1.4774e-06,3.4874000000000003e-06,0.96345,1.1909999999999998,0.059062,0.00050393,0.0071054,0.0038803000000000006,0.0013354,0.00057952,0.0067779,0.004611,0.019653,2.8241,1.579,1.8057,2.7873,2.2889,2.5212
0.10012,0.41898,0.41239,4.8015e-07,5.2183999999999994e-05,9.6414e-05,-0.8306,0.21735,0.73445,0.00075589,0.012623,0.0064251,0.001159,0.00075589,0.010784,0.006727500000000001,0.005215699999999999,3.0782,3.1868,3.054,3.2015,2.9687,3.0302
0.48783999999999994,0.16645,0.47868999999999995,0.00014971,5.5336999999999996e-05,7.9809e-06,-1.1688,0.64622,0.27037,0.00040316,0.0071813,0.0034016999999999997,0.0013355,0.00057955,0.0053923,0.004611199999999999,0.021544,3.1438,2.5966,2.3724,3.514,2.5381,2.1988
0.5634899999999999,0.39594,0.29404,5.248e-05,0.00042204,5.3321999999999995e-05,-0.5108199999999999,0.38649,0.15972999999999998,0.00020158,0.008189199999999999,0.0032505000000000004,0.0012851,0.00062994,0.0063246000000000005,0.0051655,0.019402000000000003,2.7019,2.6596,2.4153,2.9826,2.8739,2.6865
0.52095,0.26948,0.44516999999999995,3.1383e-05,0.00014453,2.3746e-05,0.78596,1.1812,0.85403,0.00035275,0.0092219,0.0053417000000000004,0.0010834000000000002,0.00083148,0.008314799999999999,0.006022,0.013279,2.3623,2.1622,2.5264,2.6835,2.4884,2.2325
0.48476,0.13113,0.60446,2.2516999999999998e-05,3.8246e-06,1.0233e-05,0.35404,-0.014552,-0.25781,0.00012598,0.0034015,0.0021669000000000002,0.0016378,0.00027716,0.0028724,0.0024189,0.031546,1.8136,1.0225,1.4444,2.3968,1.6421,1.7811
0.5845600000000001,0.65065,0.78722,2.9348e-11,5.8257000000000003e-08,1.0428999999999999e-08,-0.5998899999999999,1.339,-0.80529,0.00052913,0.0071306,0.0036030999999999997,0.0012598,0.00065511,0.006299100000000001,0.0053165,0.019653,2.0628,2.6439999999999997,2.2788,2.7853,2.9019,2.0603
0.35559,0.43738999999999995,0.58278,1.0135e-06,3.8421e-05,3.5118000000000005e-05,0.10736,-0.08497,-0.22754000000000002,0.00020159,0.0047626000000000005,0.0018647000000000002,0.0014363,0.00047878,0.0025199000000000003,0.0030743000000000003,0.030113,2.5188,1.5197,1.8283,2.6986,2.2033,2.4236
0.54662,0.63339,0.22205,2.5399e-07,0.00062782,0.00038137,-0.4436,0.0011124000000000002,0.2096,0.00052913,0.007231399999999999,0.004636199999999999,0.0013858,0.00052913,0.0067779,0.004988899999999999,0.018368000000000002,2.1853,2.5784,2.4247,2.8007,2.7285,2.6971
0.55598,0.43905,0.63703,1.3442000000000002e-09,5.223e-07,3.9034999999999995e-07,0.2755,0.7734,-0.8196700000000001,0.00078109,0.010053,0.0040566000000000005,0.0013354,0.00057952,0.0085164,0.0061227,0.013000999999999999,2.8936,2.8782,2.655,3.2733,3.5131,3.0144
0.6057600000000001,0.43201000000000006,0.51345,7.3362e-06,3.5445e-05,1.1356e-05,-0.31179,-0.044812,0.45047,0.00065511,0.0080125,0.00577,0.0013102,0.00060472,0.007080199999999999,0.0068786,0.014135,2.6630000000000003,2.1622,2.0218,2.3423,2.5835,2.3459
0.57014,0.33776999999999996,0.42399,8.5503e-10,6.3928e-08,1.3431e-08,-0.90341,0.32256999999999997,-0.33796,0.00045354,0.010331,0.0057951999999999995,0.0012094,0.0007055,0.008818799999999998,0.0069038,0.01023,3.0259,3.1127,2.8329,3.153,3.6581,3.1357
0.48185,0.09222999999999999,0.51898,1.0275e-06,2.4845000000000002e-08,1.4475999999999998e-07,-0.61179,0.631,2.6603,0.00022677,0.008768399999999999,0.005568399999999999,0.0013606,0.00055432,0.0065259,0.007231399999999999,0.014211000000000001,2.2054,1.0638,2.6948,1.9124,2.0429,2.8065
0.4114,0.21081,0.7428600000000001,0.0021019000000000003,8.161e-05,7.5906e-05,0.9091600000000001,-1.5092,-0.9748600000000001,0.00027717,0.0084916,0.0023686,0.0015875,0.00032757,0.0078113,0.0038299999999999996,0.019755,2.7135,1.7417,1.9605,3.3136,2.3342,2.0274
0.63588,0.23643000000000003,0.52737,1.1074000000000001e-05,6.4224e-06,7.8595e-06,-3.6866,-0.48246999999999995,-0.23919,0.00037795,0.0073574,0.004308600000000001,0.0012598,0.00065511,0.0071054,0.0046613,0.018721,2.2499,2.5003,2.5415,2.6062,2.5866,2.4868
0.25287,0.65142,0.21893,0.00019145,0.00059504,0.00052824,0.8296100000000001,1.4177,0.81305,0.00022678,0.0020662,0.00065514,0.0017134000000000001,0.00020158,0.002293,0.0010583,0.036233999999999995,1.3008,1.4222,1.6942,1.8063,1.7632,1.915
0.62048,0.10533,0.23,0.00056152,1.3396e-08,4.4559e-06,-0.84526,0.17507999999999999,0.65075,0.00022678,0.0048128,0.0011591,0.0016378,0.00027717,0.0030237,0.0021418,0.03117,1.1678,1.7917,1.9669999999999999,1.5964,2.5529,2.1509
0.57135,0.6200399999999999,0.48977,1.5396999999999999e-10,8.011799999999999e-07,4.4702e-07,1.1595,-0.42236999999999997,0.9061899999999999,0.00060472,0.009675399999999999,0.006324300000000001,0.0011842,0.0007307,0.0091715,0.007206199999999999,0.0095495,3.306,3.307,3.3211,3.3836,3.3314,3.1659
0.56921,0.6543100000000001,0.4615,6.4637e-09,8.3774e-06,1.421e-05,0.1356,0.23244,-0.006584899999999999,0.00045358,0.01008,0.0032506999999999996,0.0013859000000000002,0.00052918,0.0059721,0.0056446000000000005,0.017135,3.0753,2.3121,2.2434,3.7828,2.04,3.4336
0.53595,0.22801,0.58716,0.0003457,1.8491e-06,0.00026991,0.75539,1.9678,1.0415,0.00037795,0.0056188,0.004988899999999999,0.001285,0.00062991,0.004107,0.0059464,0.021493,2.9556,2.0587,2.7493,2.9716,3.0454,3.0229
0.58709,0.27032,0.58218,9.1241e-09,8.6833e-06,3.9703e-06,0.052413999999999995,0.5998899999999999,-0.53908,0.00022677,0.0060723,0.005896,0.001411,0.00050393,0.005568399999999999,0.0060723,0.018696,3.0212,2.9538,2.6706,3.0033,3.3789999999999996,3.0846
0.9223899999999999,0.32727,0.66222,6.0551e-08,5.4085e-06,4.404800000000001e-06,0.23071999999999998,1.9082,-0.73252,0.00027717,0.010759000000000001,0.0030740999999999997,0.0016127,0.00030237,0.009423899999999999,0.004384399999999999,0.014615000000000001,2.029,2.9124,2.8789,2.4848,3.2691,3.2339
0.050923,0.39849,0.47505,9.5745e-08,1.5257e-05,2.3046e-06,0.59667,-0.19572,0.16649,0.00027716,0.007659699999999999,0.0035275,0.001537,0.00037795,0.006929,0.004107,0.020031,3.0353,2.3823,2.5965,3.063,2.8578,2.8960000000000004
0.29177,0.24936,0.37666,7.8484e-08,1.7943000000000001e-06,6.155e-07,-0.35199,3.6517,-1.2505,0.00075589,0.010809000000000001,0.0074329999999999995,0.0012345999999999998,0.0006803,0.0095999,0.0084912,0.0054424,2.8638,2.84,3.3264,3.4541,3.2771,3.3047
0.13452999999999998,0.2759,0.4062,8.2036e-05,9.8911e-05,3.4921999999999995e-05,0.7429600000000001,-0.25363,0.9017799999999999,7.5597e-05,0.009928399999999999,0.0033766999999999994,0.0012599,0.00065517,0.0081392,0.0051154,0.0159,3.0879,2.7263,2.9823,3.4983,2.6933,3.0614
0.48481,0.58209,0.7174,1.7549e-09,7.4447e-05,2.9575e-05,-0.6026699999999999,0.4275,-0.089666,0.00060472,0.010331,0.0050141000000000005,0.001285,0.00062991,0.0090959,0.006626699999999999,0.01086,3.248,2.9715,3.1911,2.9587,2.9207,3.0847
0.078865,0.9096799999999999,0.54994,0.00077315,7.3369e-07,6.8174e-06,0.5833699999999999,0.077172,-0.64132,7.5597e-05,0.0027971,0.0013859000000000002,0.0014363,0.00047878,0.0028726999999999997,0.0015623,0.033842000000000004,2.3205,2.4777,2.6155,3.2399,2.5669999999999997,2.7739999999999996
0.6339100000000001,0.29989,0.5100899999999999,9.374e-09,1.2491e-06,4.4621e-06,0.13454000000000002,1.1272,0.38114000000000003,0.00017638,0.0058963,0.0034521,0.0014111,0.00050395,0.005845899999999999,0.0033513000000000006,0.023812,2.1396,2.0012,1.931,2.5504,2.8103,3.0610000000000004
0.2599,0.044192,0.60138,0.00081379,7.3729e-09,2.2868000000000002e-05,0.14685,-0.1386,0.93865,0.00030237,0.0063246000000000005,0.0033260999999999994,0.0012851,0.00062994,0.0051906999999999995,0.0045356,0.022854,3.0959,2.7055,2.43,3.2807,2.7187,2.8841
0.13823,0.37706,0.52963,0.00090517,8.219799999999999e-05,0.00017708,0.088572,-0.31881,0.075349,0.00017638,0.0078113,0.0021921999999999996,0.0015875,0.00032757,0.0073828999999999995,0.0028473,0.022124,2.6188,2.6492,2.7411,2.8537,2.5124,2.6705
0.8429200000000001,0.030062000000000002,0.36885999999999997,0.0025509,5.776399999999999e-07,2.6919e-06,0.22974,1.3145,0.36895,0.00055435,0.012648999999999999,0.0033513000000000006,0.0011591,0.00075593,0.010457,0.0061481999999999995,0.0093735,2.8761,2.3375,2.4568,2.6145,1.9549,2.7511
0.43485,0.16055999999999998,0.70629,4.3979000000000004e-10,7.3391e-10,1.672e-08,-1.2344,-0.46763000000000005,0.12809,0.00032755,0.01222,0.0041322,0.0011338,0.00078109,0.01086,0.005492800000000001,0.0094991,3.5117,2.4114,3.0168,3.3937,2.4588,3.2465
0.64523,0.28088,0.39123,0.00025436,0.00014646,2.1834e-05,-0.23054000000000002,-0.19286,0.9184100000000001,0.00030236,0.0061731,0.0037795000000000003,0.0013102,0.00060472,0.0061731,0.0040566000000000005,0.022047,2.7104,2.2999,2.2355,2.7784,2.7619,2.3784
0.649,0.37426,0.59392,2.2875000000000002e-09,5.4886e-07,2.3449e-06,-0.078654,0.99341,0.93496,0.00040314,0.0087432,0.0052661,0.0013606,0.00055432,0.008188899999999999,0.006399899999999999,0.013531,2.5494,3.177,2.8452,3.0955,2.8899,3.2101
0.69362,0.25135,0.58731,1.6871e-08,6.5902e-08,5.6717000000000004e-08,-0.33289,-0.16191,-1.0938,0.00017638,0.006123,0.0019654,0.0013859000000000002,0.00052915,0.0046868000000000005,0.0031245,0.026458,3.4589,2.8037,2.6061,3.5892,3.0638,3.188
0.8174,0.32983,0.44823,4.4053e-06,7.674200000000001e-07,5.599e-06,-1.5157,-0.76394,-0.69424,0.00040314,0.0066771,0.0037795000000000003,0.0014866,0.00042834,0.0061983,0.0042582,0.021215,2.0141,1.2402,1.3968,2.1634,1.7152,2.0219
0.5471199999999999,0.45962,0.50843,4.1314e-05,1.2025e-05,2.3806e-06,-1.2792,-1.357,1.5815,0.0006803,0.0093731,0.006626699999999999,0.0012094,0.0007055,0.0072566,0.0083904,0.010205,3.3643,2.1139,2.6593,3.3377,2.8358,3.2279
0.29814,0.51341,0.39863000000000004,8.015399999999999e-05,4.8801e-05,1.3446e-05,1.8861,-0.29167,-0.0053201,0.00010079,0.006022,0.003930599999999999,0.001285,0.00062991,0.006324300000000001,0.004107,0.022047,2.3764,2.1106,2.1689,2.9181,2.0855,2.2882
0.60034,0.6049800000000001,0.57502,4.4827e-10,0.00015256,1.6243e-05,-0.47848999999999997,1.0915,-0.99315,0.00042834,0.0038803000000000006,0.0017889,0.001663,0.00025196,0.003074,0.0024693000000000002,0.030891000000000002,1.5787,1.3303,1.5031,1.5723,1.8765,2.0425
0.56821,0.38101,0.42262,8.4244e-07,1.1741e-05,1.9433e-05,-1.1427,0.060039999999999996,1.6283,0.00027716,0.0034266999999999995,0.0021920999999999998,0.0015874,0.00032755,0.0031244,0.0028472,0.030664,2.307,1.8073,2.1888,2.4613,1.3064,2.4961
0.556,0.79202,0.44761999999999996,3.9639e-09,9.522e-07,1.3712e-06,0.69557,-0.68412,0.36543000000000003,0.00017638,0.0074329999999999995,0.0052913000000000005,0.0013858,0.00052913,0.006324300000000001,0.0064503,0.016856,3.3866,3.3008,3.2967,3.2204,3.492,3.1026
0.52717,0.28001,0.46785,5.6723e-05,6.575599999999999e-06,4.2753e-07,2.0389,0.60822,1.3614,0.00035275,0.0036787,0.0029228,0.0013858,0.00052913,0.003074,0.0032503,0.029252999999999998,2.1838,2.0494,2.1273,2.667,2.509,2.319
0.52952,0.30098,0.27778,0.00013869999999999998,2.8006999999999998e-05,1.5847999999999998e-06,-0.56721,1.067,-0.17882,0.00030236,0.0079117,0.004913300000000001,0.0014866,0.00042834,0.0068786,0.0053668,0.017159,3.4291,3.2202,2.7949,3.5984,3.0392,3.1047
0.8809100000000001,0.16821,0.5663100000000001,2.9655999999999998e-09,1.0792e-07,4.9124e-05,0.21302,0.42183999999999994,-1.0984,0.00050393,0.0067779,0.004308600000000001,0.0011842,0.0007307,0.005492800000000001,0.005215699999999999,0.020233,2.3495,2.4923,2.282,3.0496,2.9627,2.4708
0.49055,0.64853,0.37626,3.265e-05,0.00033392,0.00012062,0.40071999999999997,-0.058845,-0.8747799999999999,0.00022679,0.0051909999999999994,0.0016379,0.0017638999999999999,0.00015119,0.0042082000000000005,0.0026206999999999997,0.028651,2.4331,1.8531,1.3896,2.3274,2.6697,1.9373
0.91701,0.74985,0.13907,0.00026898,7.2812e-05,2.0457e-07,-0.70452,0.70009,-0.1044,0.00015119,0.0056443000000000005,0.0024945999999999996,0.0015623,0.00035277,0.0054175,0.0028976999999999996,0.025927999999999996,2.8316,2.865,2.0987,3.0481,2.9739,2.9643
0.25606,0.17147,0.57231,5.6937e-05,4.8244e-06,0.00015479,-0.19144,-0.22436,-0.95568,0.00032755,0.0071054,0.0030236,0.0013354,0.00057952,0.0064251,0.0040062,0.021644,3.1156,2.8211,2.5145,3.0472,2.89,2.9128
0.51151,0.17232,0.66938,1.35e-08,2.1385999999999997e-08,8.706000000000001e-06,1.0484,0.32561,-0.33449,0.00012599,0.007584899999999999,0.0019655000000000002,0.0013355,0.00057957,0.0060225,0.0036538000000000005,0.023183000000000002,3.0749,2.7809,2.8561,3.3671,2.9130000000000003,3.3739999999999997
0.21458000000000002,0.7159800000000001,0.55648,0.0011664000000000002,7.4374e-06,0.00010779,-0.03311,-0.81186,-0.25872,0.00020158,0.0058207,0.0023938,0.0015370999999999998,0.00037797,0.004963899999999999,0.0034773000000000004,0.025675999999999997,2.9482,2.4455,2.8888,3.055,2.7089999999999996,2.8651
0.58258,0.3954,0.58078,1.1695e-07,7.5801e-05,2.0326e-07,0.33752,-0.022643,0.50745,0.00052913,0.0086928,0.004485,0.0011842,0.0007307,0.0076093,0.0052409,0.015975,2.9241,2.9481,2.5339,3.7378,3.2073,2.7867
0.56712,0.47926,0.50222,2.6799000000000002e-09,8.5185e-05,8.955e-05,-0.95911,0.36080999999999996,0.52046,0.00030236,0.006500700000000001,0.0032503,0.0013606,0.00055432,0.0057448,0.004081800000000001,0.022652000000000002,3.1629,2.557,2.722,3.1319,3.0543,3.0402
0.54323,0.20879,0.47971,4.835e-05,5.541e-05,1.7344000000000002e-05,-2.2425,0.33923000000000003,-0.11523,0.00027234,0.0055286,0.00062639,0.0020153,5.4468999999999996e-05,0.0060733,0.00013617,0.033335000000000004,2.6048,2.8858,2.6676,3.2496,2.5229,2.3456
0.16305999999999998,0.95857,0.99884,5.4727e-08,0.00071248,3.6511999999999996e-11,2.8385,-0.046377,-1.9331,0.00025196,0.0032755,0.0023937,0.001663,0.00025196,0.0019149000000000002,0.0034266999999999995,0.031269,2.5345,2.0707,1.0721,2.7889,2.4684,2.3281
0.59754,0.61017,0.43593999999999994,2.9148000000000003e-09,3.0300999999999996e-07,1.3147e-07,0.6599,0.70848,-0.28747,0.00025199,0.006954899999999999,0.0019655000000000002,0.0014111,0.00050398,0.004384600000000001,0.0032759,0.025702999999999997,2.7703,3.0205,1.7031,3.5198,2.6211,2.7915
0.51988,0.86267,0.77484,1.3392999999999998e-11,5.6514e-09,2.8721999999999997e-08,-0.26578,1.0039,1.0207,0.00052913,0.010734,0.006248699999999999,0.0010834000000000002,0.00083148,0.008214,0.007810899999999999,0.0089951,3.2231,2.3867,1.6989,3.4044,3.35,3.0676
0.6187,0.18003,0.27452,0.00014383,9.165499999999999e-06,3.1867e-07,0.96895,-0.39881,-0.31444,0.00012599,0.0039058,0.0017890999999999998,0.0014363,0.00047878,0.0038805999999999997,0.0021167,0.030717,2.9499,3.3084,3.2335,3.3134,3.3075,3.1875
0.45693999999999996,0.40951,0.76112,1.4299999999999999e-08,9.531e-07,8.9742e-07,-0.58822,-0.19685999999999998,0.36985,0.00035275,0.0097006,0.0052913000000000005,0.0011842,0.0007307,0.0089196,0.0057951999999999995,0.012472,3.1748,2.2154,2.5807,3.0716,3.4779,2.9108
0.8133699999999999,0.30408,0.16236,3.9174000000000004e-08,6.2748e-08,1.1679e-08,0.09576,0.95039,0.14379,0.00042834,0.0074329999999999995,0.0029984,0.0013354,0.00057952,0.007004600000000001,0.0044598,0.020208,3.0303,2.3719,1.9807,3.1768,2.6993,3.0119
0.32474000000000003,0.60087,0.22346999999999997,2.5368000000000002e-05,9.6628e-05,6.340600000000001e-05,-0.44816999999999996,-0.13666,0.24479,0.00062991,0.009826600000000001,0.0054172,0.0015622,0.00035275,0.00834,0.006299100000000001,0.012019,2.2744,2.3625,2.7282,2.5662,2.7992,3.2013
0.35111,0.33823000000000003,0.27299,3.8435999999999996e-05,3.7026999999999996e-05,2.7502e-06,1.6235,-0.49781000000000003,-0.84088,0.00040314,0.0049385,0.0034771,0.0014866,0.00042834,0.0050141000000000005,0.0040062,0.024693,2.3533,2.6734,2.2226,2.4428,3.1331,2.8034
0.55915,0.44688,0.35375999999999996,5.420399999999999e-10,2.8417e-08,3.0298e-08,0.03573,2.1242,0.013341999999999998,0.00075589,0.0099022,0.006626699999999999,0.0013102,0.00060472,0.008188899999999999,0.0086928,0.0083652,2.7635,2.8042,2.9309,3.3160000000000003,2.9705,2.6142
0.54783,0.27986,0.66201,0.0001402,2.2406e-05,4.200100000000001e-05,0.94621,0.33552,-0.19197999999999998,0.00025196,0.0059464,0.0038047,0.0013606,0.00055432,0.006651899999999999,0.0035779,0.022299,2.5303,2.2004,2.1091,2.8625,2.3257,2.3848
0.61221,0.038599,0.8411299999999999,0.00015084,3.9746999999999995e-09,1.9013999999999998e-07,-1.2326,-0.9848600000000001,-0.354,0.00016342,0.0037042999999999998,0.00059922,0.0020155999999999998,5.4475e-05,0.0044125,5.4475e-05,0.037043,2.9678,2.9589,2.2749,3.0743,2.7838,3.3849
0.54322,0.2369,0.41818,8.9078e-06,1.0963e-05,6.091399999999999e-05,0.45081000000000004,-0.21125,0.0068018,0.00045354,0.001159,0.00075589,0.0016378,0.00027716,0.0013354,0.00062991,0.038198,1.963,1.3569,1.9125,2.2227,2.2831,1.6803
0.10195,0.30616,0.65265,3.789e-09,9.3883e-08,5.801e-07,-0.47055,0.45533,-0.11294000000000001,0.0007055,0.009574700000000002,0.0065259,0.0011842,0.0007307,0.0081637,0.0074078,0.010154,3.1231,3.1506,2.9547,3.2309,2.5328,3.2186
0.5633100000000001,0.60878,0.36469,3.7357000000000003e-10,2.376e-05,1.7095e-05,-0.26284,0.27804,0.36535,0.00022677,0.0077856999999999996,0.0048376999999999995,0.001285,0.00062991,0.0073574,0.005392,0.016932,2.8593,2.0796,2.3336,3.1448,2.6633,3.0905
0.30363,0.10944000000000001,0.63722,0.00063531,2.8999999999999998e-06,3.5145e-05,0.35176,0.87184,-0.87274,0.00035275,0.006626699999999999,0.0028724,0.0016378,0.00027716,0.0064503,0.003930599999999999,0.022299,2.91,2.6125,2.4754,2.8403,3.0834,2.8607
0.15623,0.4294,0.41012,0.0094769,2.1554e-07,1.1832e-06,1.1593,-0.20335999999999999,0.3731,0.00022678,0.0042332,0.0012851,0.0014363,0.00047876,0.0040064,0.0017134000000000001,0.031069,2.6224,1.8004,2.7768,2.5942,2.2806,2.8091
0.58525,0.23644,0.59858,5.9098e-07,2.8294999999999998e-06,5.156699999999999e-06,0.6549,-0.22741999999999998,0.14372000000000001,0.00017638,0.0048632,0.0025954,0.0014363,0.00047876,0.0037796999999999996,0.0027716999999999998,0.028347000000000004,2.3636,2.0894,1.9534,2.3667,2.1811,2.1763
0.57317,0.34896,0.82989,4.8065e-10,1.4821000000000002e-06,5.9848e-08,-0.13658,-0.019469,0.37185999999999997,0.00015118,0.006727500000000001,0.0046613,0.0012345999999999998,0.0006803,0.0066015,0.004308600000000001,0.020082,3.4904,2.3463,2.6043,3.1384,2.9303,2.7637
0.58491,0.30327,0.8720700000000001,4.4504000000000003e-11,1.1266e-08,1.4810000000000002e-09,-0.30383000000000004,1.1616,1.6033,0.00065511,0.01154,0.0060723,0.0012345999999999998,0.0006803,0.0095243,0.0077353000000000005,0.007004600000000001,2.6461,2.5321,1.9364,2.877,3.2859,2.2696
0.044271,0.6582600000000001,0.70106,1.9162e-09,4.3906e-06,2.547e-05,0.74869,0.13028,0.48302,0.00010895,0.004194600000000001,0.00029961,0.0020155999999999998,5.4475e-05,0.0045214,5.4475e-05,0.036798000000000004,2.755,2.1735,1.7887,2.9017,2.5448,2.5834
0.51042,0.75927,0.8569,3.6269e-11,1.0445000000000001e-06,9.0587e-09,0.26905,-0.011917,-0.45465,0.00052913,0.0060472,0.0048376999999999995,0.0013606,0.00055432,0.0065763,0.004611,0.01993,2.8606,2.4003,1.383,3.4259,2.8881,3.0718
0.53783,0.8186399999999999,0.68852,3.9811999999999994e-09,6.9213e-06,1.1205999999999999e-05,0.23636999999999997,0.6685,0.17919000000000002,0.00020159,0.0044602,0.0019907,0.0015623,0.00035278,0.0024695,0.0030995000000000003,0.030313999999999997,2.53,3.0616,2.9232,2.9455,3.1777,3.0395
0.58157,0.33371,0.60147,6.3849e-10,1.0081e-05,1.6556e-06,0.37588,0.2575,-0.25023,0.00025198,0.011037,0.00446,0.00095751,0.00095751,0.008542000000000001,0.0063246000000000005,0.011918999999999999,3.5645,3.3006,3.1188,3.5381,3.1326,3.4612
0.55688,0.35147,0.60042,6.2945000000000005e-06,4.2675e-05,2.1228e-05,-0.29523,-0.6803600000000001,-1.0537,0.00025198,0.0078869,0.0025702,0.0014363,0.00047876,0.0068790000000000006,0.0036789,0.021266999999999998,2.1525,2.3339,2.5505,2.5647,2.126,2.181
0.57403,0.84291,0.68311,2.8363e-10,0.001415,3.9719e-06,0.47292,-2.1414,-0.7359,0.00042836,0.0054427,0.0016127,0.001663,0.00025198,0.0042584,0.0025198,0.028272000000000002,2.0452,1.5862,2.3415,1.7523,1.8473,2.1966
0.069238,0.5123800000000001,0.47075,3.4866e-10,6.6297e-07,1.2082e-06,0.59758,0.19946,0.35789,0.00040314,0.01091,0.005820399999999999,0.0012598,0.00065511,0.0093479,0.0067527,0.0092975,3.1684,2.9734,2.8713,3.435,3.4227,2.9527
0.9009299999999999,0.08552799999999999,0.8245,0.0057981000000000005,2.7383e-08,5.8858e-07,-0.9657399999999999,-0.64305,-0.1619,0.00040314,0.0073574,0.0045354,0.0013354,0.00057952,0.007584100000000001,0.0048125,0.017838999999999997,2.1532,2.7811,2.3924,2.8334,3.233,3.1882
0.59327,0.44582,0.57894,1.2010999999999998e-11,9.9318e-08,8.788600000000001e-08,-0.38931,0.043954,0.48733000000000004,0.00057952,0.006979399999999999,0.0050141000000000005,0.0012345999999999998,0.0006803,0.006929,0.0052661,0.017764,3.0137,3.3646,2.7632,3.3211,3.4417,3.1576
0.4392,0.17431,0.5463899999999999,0.00015106,1.7032e-05,2.6726999999999997e-05,-0.24599000000000001,0.83886,0.25782,0.00035277,0.0081389,0.0028221,0.0013355,0.00057955,0.0060474,0.0046868000000000005,0.020486,3.0198,2.5017,2.4514,2.8469,2.43,2.6039
0.871,0.15772,0.59838,6.3513e-09,1.6704000000000002e-07,1.6913e-05,0.15200999999999998,0.44778999999999997,0.026285000000000003,0.00083148,0.006727500000000001,0.0025448,0.0013606,0.00055432,0.005820399999999999,0.0038803000000000006,0.022727,2.9036,2.7628,2.387,2.91,2.992,2.8958
0.42141000000000006,0.14237,0.5194,1.9413e-06,5.3612e-07,4.1096e-05,-0.09099600000000001,0.53093,-1.5515,0.00017639,0.0058208999999999995,0.0017135000000000002,0.0015623,0.00035278,0.0028726999999999997,0.0039310000000000005,0.028020999999999997,2.6503,2.3643,2.3376,2.3927,2.8298,2.596
0.43668,0.11475999999999999,0.45022,0.00011186,1.8023e-07,0.000171,0.19896,-0.22851999999999997,0.36689,0.00010895,0.0050117,0.00029961,0.0020155999999999998,5.4475e-05,0.0052841,0.00021790000000000004,0.035055,1.7641,1.7245,2.0622,2.4443,1.7864,2.0677
0.5192,0.066724,0.48021,0.00022321,2.6823e-08,6.9902e-06,0.61742,-0.51993,0.40208,0.00017638,0.003981,0.0031244,0.0014866,0.00042834,0.0023433000000000004,0.0036283,0.029278,0.86834,0.9941399999999999,1.0956,1.5594,1.4891,1.3124
0.34226999999999996,0.32827,0.44258000000000003,4.9399e-05,0.00015071,0.00010432,-0.69926,0.6353,-0.69514,0.00052913,0.009020299999999998,0.0059464,0.0012345999999999998,0.0006803,0.0081133,0.0064503,0.012472,3.1069,2.5009,3.0103,3.0225,3.1344,3.0157
0.5302600000000001,0.16583,0.56419,0.00038046,3.11e-06,3.4099e-05,1.9807,-0.47755,0.6963699999999999,0.00012599,0.0084916,0.0025954,0.0014363,0.00047876,0.007937300000000001,0.004107199999999999,0.019275999999999998,2.5934,2.1052,2.385,3.0538,2.5239,2.438
0.55076,0.075463,0.85951,1.7598e-07,3.1778e-08,7.1097e-09,1.8047,-0.23375,0.093216,0.00027717,0.0093231,0.0039055999999999995,0.0011591,0.00075593,0.008542000000000001,0.0056947,0.014791,2.7665,3.2325,2.8484,3.1015,2.9029,3.3946
0.54924,0.38544,0.62339,3.3004e-11,1.0128999999999999e-07,1.0385999999999999e-06,0.40195,-1.686,0.23068000000000002,0.00052915,0.011262999999999999,0.003956,0.0012599,0.00065514,0.009575100000000001,0.005845899999999999,0.011364,2.9677,2.5888,3.0009,2.5918,2.764,3.2739999999999996
0.70718,0.17862999999999998,0.84767,7.276999999999999e-07,6.5059e-05,1.9131999999999997e-06,-0.46043999999999996,0.69197,-0.46276000000000006,7.5597e-05,0.0012347,0.00055438,0.0017387000000000001,0.00017639,0.00095756,0.00078117,0.038932,1.1475,0.9416899999999999,0.95649,0.71818,1.296,0.76052
0.59463,0.51936,0.38983,1.0955e-09,2.2146e-07,3.7106e-08,-0.66927,-0.13917000000000002,-0.33175,0.0006803,0.0098014,0.006399899999999999,0.0012345999999999998,0.0006803,0.0082141,0.0076093,0.009826600000000001,3.262,3.2339,2.8124,3.3963,3.2762,3.0363
0.41615,0.39344,0.4441,4.567e-06,9.0946e-05,0.00010007,1.422,0.24636,0.5857,0.00022677,0.0059716000000000005,0.0037795000000000003,0.0013858,0.00052913,0.006022,0.0037543,0.022778,2.4125,1.8341,2.0769,2.5204,2.2655,2.6473
0.33224000000000004,0.35399,0.53491,4.7802e-05,0.00032480000000000003,0.00012109,0.11664000000000001,-1.6515,0.41573000000000004,0.00027716,0.0059464,0.0038047,0.0013606,0.00055432,0.0053165,0.004359,0.022828,2.8198,2.6471,2.406,3.0271,2.694,2.0168
0.57084,0.46879,0.62208,1.4725e-10,1.1118000000000001e-07,1.0859000000000002e-07,0.81655,-0.59833,0.24644000000000002,0.00013619,0.012556,0.0006537000000000001,0.0020155999999999998,5.4475e-05,0.013237,0.00024514,0.019148,2.8459,2.3225,2.5955,2.8347,2.8871,2.6998
0.62028,0.15850999999999998,0.62746,5.0689e-06,5.210300000000001e-07,6.6876e-06,-0.55682,-0.3627,-0.36641,0.00060472,0.007004600000000001,0.004988899999999999,0.0013606,0.00055432,0.0055432,0.0063495,0.018040999999999998,2.7431,2.3666,2.6679,2.7907,2.2907,2.9682
0.57328,0.37517,0.56061,4.3021e-07,0.00018175,0.00029773,-0.7894,1.5935,2.7119999999999997,0.00010895,0.0031595,0.00046304,0.0020155999999999998,5.4475e-05,0.0034864000000000006,0.00010895,0.03865,1.7491,1.3357,1.0159,2.2430000000000003,1.7578,1.9404
0.38906,0.39755999999999997,0.22005,1.6825e-05,0.00067969,1.7722e-05,0.029807999999999998,0.15900999999999998,0.25868,0.00078109,0.011666,0.0068281999999999995,0.0012598,0.00065511,0.0094487,0.0082392,0.005568399999999999,3.3316,3.4752,2.9769,3.2477,3.0468,3.1961
0.62202,0.81362,0.28378000000000003,3.6044999999999996e-08,0.00017579,0.00014157,-0.81576,-0.30677,0.66583,0.00027717,0.0048632,0.0016378,0.0015875,0.00032757,0.0034521,0.0028473,0.029456,0.9757399999999999,1.0184,0.69263,1.1556,0.56825,1.5495
0.59865,0.4987,0.85106,3.9317000000000005e-10,3.7078e-05,3.4734000000000004e-07,0.19987,0.53062,0.022918,0.00032755,0.007584100000000001,0.0044598,0.0012345999999999998,0.0006803,0.0073826000000000004,0.0046865000000000006,0.018091,2.4131,1.8631,2.0777,2.3535,2.3735,1.9133
0.18823,0.48608,0.46282,0.0041975,3.1655e-05,0.00033638,0.59639,-0.49623,1.3152,0.00050393,0.009625100000000001,0.0049637,0.001411,0.00050393,0.0080377,0.006324300000000001,0.013077000000000002,2.9896,3.1284,2.9768,3.1029,3.2487,3.2743
0.12833,0.31878,0.67774,1.0282e-08,1.3249e-06,4.7582e-07,0.26673,-0.45166999999999996,0.34779,0.00032759,0.011163,0.0031750999999999997,0.0012851,0.00062997,0.0089456,0.0059721,0.012952000000000002,3.3966,3.1087,2.8078,3.6937,2.9577,3.0049
0.17757,0.12304000000000001,0.78076,8.056199999999999e-05,1.1800999999999998e-07,1.2007e-05,1.6264,-0.2842,0.40712,0.00060472,0.0042834,0.0017385999999999999,0.0015118,0.00040314,0.0042582,0.0027212,0.028926,1.8162,2.0621,1.7516,2.3655,3.1587,2.2624
0.52808,0.54873,0.54122,2.3905e-09,4.6344e-08,3.2023e-08,-1.0035,0.021001,0.37609000000000004,0.00037797,0.007634899999999999,0.0039055999999999995,0.0011339,0.00078113,0.006652199999999999,0.0048632,0.0191,3.0189,3.1227,3.0231,3.2062,3.4408,3.0256
0.6211899999999999,0.17445,0.5239199999999999,1.4079e-05,6.4326e-08,5.1398e-08,-0.80409,0.042957,0.48494,0.00030236,0.004081800000000001,0.0030992,0.0013354,0.00057952,0.0044346,0.0031496,0.027464,2.6584,1.5204,1.1925,2.8116,2.499,2.5119
0.57343,0.23133,0.97593,2.2384999999999998e-10,8.9987e-08,7.6077e-09,-1.4131,0.58391,-0.086078,0.00052913,0.00834,0.0063747,0.0012094,0.0007055,0.0069542,0.0077353000000000005,0.012598,2.4732,2.4754,1.8051,3.4845,2.6018,2.9468
0.053217999999999994,0.35131,0.25044,0.00060802,0.00015851,4.197e-05,0.45992,-0.43309,-0.39146,0.00027716,0.0022425,0.0020409000000000004,0.0015874,0.00032755,0.0020409000000000004,0.0019149000000000002,0.034015,1.8017,1.4286,1.54,1.4209,1.2146,1.4115
0.60305,0.41985,0.58103,2.2343999999999998e-10,1.9828e-07,3.4011e-08,-0.45633,-0.3356,-0.02835,0.00045356,0.0053923,0.0028976999999999996,0.0013103,0.00060474,0.0050143,0.0038804,0.024895,3.305,2.9267,2.3971,3.6814,3.1764,3.2036
0.6367,0.16935999999999998,0.56912,1.3735999999999999e-09,8.2688e-09,3.3226999999999994e-07,1.1787,0.9279200000000001,0.0073583,0.00075593,0.010709,0.00446,0.0012851,0.00062994,0.0082396,0.006123,0.012246,3.3833,2.6392,2.4101,3.4713,3.2835,3.3284
0.041722,0.21334,0.68097,3.7869999999999994e-09,1.5471e-07,1.354e-05,-0.39014,0.17415999999999998,-0.49905,0.00035278,0.0077613,0.0028475,0.0013103,0.00060477,0.006476100000000001,0.0041074,0.020991,3.3666,3.4146,3.4291,3.5126,3.1172,3.2935
0.44516000000000006,0.40984,0.5140100000000001,4.6767e-05,0.00074312,0.00060841,1.0861,0.33007,-0.12215999999999999,0.00025196,0.0049385,0.0059716000000000005,0.0014866,0.00042834,0.0031496,0.0061731,0.022047,2.7089,2.3742,2.6453,2.8926,2.1239,2.7151
0.5461,0.80087,0.76515,1.6702000000000002e-11,1.4275e-06,3.2033e-07,0.7085899999999999,0.1551,0.041163,0.00078109,0.01086,0.006551100000000001,0.0012345999999999998,0.0006803,0.0090959,0.0083652,0.0068786,3.4617,2.9454,3.1493,3.6268,3.5645,3.4475
0.39699,0.12452,0.35336999999999996,3.0918e-06,6.440300000000001e-07,9.3412e-08,0.1994,0.21443,0.19288,0.00065511,0.011464,0.00577,0.001285,0.00062991,0.009247100000000001,0.0074078,0.007987300000000001,3.1264,3.3307,2.8028,3.2044,2.8949,3.2425
0.42378000000000005,0.51963,0.38455,8.439399999999999e-05,6.6107e-05,7.237e-05,-0.0042293,-0.19504000000000002,-0.87874,0.00022677,0.004107,0.0020661,0.001159,0.00075589,0.0048629,0.0022677,0.029001,2.7571,2.2975,2.2756,3.0210000000000004,2.7997,2.7235
0.59613,0.81104,0.4195,3.0242000000000003e-10,6.7972e-07,2.3888999999999997e-06,-0.42738000000000004,-0.7682399999999999,-0.29536,7.5597e-05,0.006476100000000001,0.0016883,0.0014111,0.00050398,0.0051909999999999994,0.0026459,0.026458999999999996,3.1773,2.6563,2.9838,3.0329,3.2021,3.2013
0.54589,0.08745900000000001,0.73692,0.00013706,2.3415e-06,5.223e-06,-1.7196,0.68804,-0.078734,0.00042834,0.006727500000000001,0.0037795000000000003,0.0013354,0.00057952,0.0074329999999999995,0.004359,0.019804,2.202,2.5239,2.0402,2.7482,2.6635,2.5369
0.56053,0.6803899999999999,0.3885,1.3574e-09,5.9754e-05,0.00040383,-1.2569,0.11385,0.9120799999999999,0.00022677,0.0068281999999999995,0.0037290999999999995,0.0013606,0.00055432,0.006727500000000001,0.0036283,0.021391999999999998,3.1825,2.6853,2.5602,3.1755,2.9897,3.0854
0.056184000000000005,0.79422,0.78794,1.5607e-05,1.8426e-05,8.4098e-05,0.013109,-1.4964,-0.67157,0.00060472,0.0059716000000000005,0.0039055,0.001285,0.00062991,0.004611,0.0045858,0.022853000000000002,1.9004,1.0816,1.0462,2.7193,1.886,2.3992
0.53266,0.26988,0.34744,0.00010126,6.0931e-05,5.5062e-07,0.5344899999999999,0.25373,2.3248,0.00015119,0.0047122,0.0019150999999999999,0.0014615000000000001,0.00045358,0.004939,0.0025703,0.028248000000000002,2.3581,2.6728,2.1156,2.9642,2.2908,2.0252
0.5707399999999999,0.5987100000000001,0.56989,1.9997e-09,1.0800999999999999e-05,3.4046e-06,0.0060025,0.545,0.39571,0.00010895,0.0072179,0.00051751,0.0020155999999999998,5.4475e-05,0.0071362,5.4475e-05,0.030942,3.2818,2.9693,2.6354,3.4675,3.4914,3.2804
0.66899,0.10296,0.6148399999999999,0.00042657,2.0440000000000003e-06,6.5395e-05,1.1645,-0.11672,-0.64513,0.00016342,0.0052841,0.00051751,0.0020155999999999998,5.4475e-05,0.0058288,5.4475e-05,0.034128,2.7344,2.4132,2.5166,2.9935,2.6674,2.6396
0.52008,0.31035,0.41891000000000006,9.106799999999999e-05,0.00018604,8.1402e-06,-0.82535,-0.1151,-0.43986000000000003,0.00057952,0.0067779,0.0037543,0.001537,0.00037795,0.0062739,0.0048629,0.020283000000000002,2.1459,2.219,2.0716,2.3581,2.3519,1.7903
0.61046,0.17152,0.65512,2.6580999999999997e-09,4.9070999999999996e-08,5.918899999999999e-07,0.80002,0.2068,0.6574399999999999,0.0007307,0.011364,0.0054424,0.0012345999999999998,0.0006803,0.009625100000000001,0.006803,0.0085668,3.2392,2.5948,2.4202,3.5441,3.2604,2.9594
0.29599000000000003,0.21254,0.14464000000000002,8.926899999999999e-07,2.2413e-06,2.09e-08,-0.19626,-1.1373,0.72042,0.00015118,0.0040566000000000005,0.002822,0.0014614,0.00045354,0.0038299,0.0032251,0.028447000000000004,3.3174,2.8714,1.7447,3.3741,3.3734,2.7643
0.53875,0.49031,0.36267,0.00016914,0.00041676,3.1158e-05,0.017432,-1.3717,1.3195,0.00037795,0.0067779,0.0041826,0.001411,0.00050393,0.006248699999999999,0.0052409,0.019704,1.9414,1.3628,1.4107,1.8796,1.9006,1.7622
0.48248,0.20195,0.85814,6.1837e-09,4.944200000000001e-08,2.8765999999999997e-07,-0.43256999999999995,-0.58475,-0.78455,0.00052913,0.008440799999999998,0.0052409,0.0013102,0.00060472,0.0080377,0.0058708,0.014412000000000001,3.0821,2.9442,2.7155,3.4893,3.0966,2.9913
0.59463,0.49432,0.61317,5.402e-12,2.6024999999999996e-07,2.9561e-07,1.1962,1.1935,-0.63157,0.0006803,0.011641,0.0059716000000000005,0.001159,0.00075589,0.009877,0.007584100000000001,0.0067779,3.321,3.0157,2.8810000000000002,3.6417,3.0179,3.5127
0.56906,0.16422,0.68619,4.4474e-10,5.550000000000001e-09,1.0274e-06,0.050413,0.22780999999999998,0.37740999999999997,0.00027716,0.005492800000000001,0.0047873,0.0014614,0.00045354,0.004913300000000001,0.0050645,0.021997,2.9429,2.0363,2.5352,3.2983,2.8635,2.8176
0.8674799999999999,0.32716,0.11463,0.00024886,4.3491e-05,4.4462000000000005e-08,0.41666000000000003,0.5051,-0.0072798,0.00065511,0.009247100000000001,0.0059968,0.0012345999999999998,0.0006803,0.0089699,0.005593600000000001,0.012069,3.0180000000000002,2.8265,2.8243,3.4722,2.8143,2.965
0.5788800000000001,0.30129,0.6806399999999999,1.7179e-10,2.1936e-06,4.6808e-07,0.3543,0.7962100000000001,0.37789,0.00038128,0.0087695,0.00076256,0.0020153,5.4468999999999996e-05,0.0080614,0.00019064,0.027806,3.3401,2.6881,2.439,3.5076,3.1371,2.9379
0.39644,0.5856399999999999,0.18467999999999998,0.000924,8.6103e-06,3.3321e-05,0.8534799999999999,0.5364899999999999,-0.11423,0.00055432,0.0027968000000000003,0.001537,0.0016378,0.00027716,0.0019149000000000002,0.0022677,0.033461000000000005,1.1804,1.3331,0.8350299999999999,1.3243,1.4,1.2383
0.11742000000000001,0.5501,0.34775,0.00052189,0.00018799,0.00010359,0.65954,0.11612,-0.36316,0.00057952,0.0081637,0.0045858,0.0013606,0.00055432,0.0071054,0.005644,0.016453,3.2673,2.7003,2.6352,3.127,3.3092,2.9112
0.6016699999999999,0.86019,0.5000100000000001,2.6148000000000005e-09,5.4962e-05,1.485e-05,0.27626,0.20849,-0.95724,0.00060472,0.003930599999999999,0.0038047,0.001411,0.00050393,0.0032251,0.0035275,0.027438999999999998,2.9064,2.3961,2.208,2.8558,2.7224,2.7717
0.58177,0.20763,0.73202,3.704e-09,3.9031999999999996e-07,7.8861e-07,-0.23296999999999998,0.5270100000000001,-0.080662,0.0001008,0.0029735,0.0011087999999999998,0.0014867,0.00042838,0.0024443,0.0015623,0.034345999999999995,2.2216,3.2648,2.9127,2.5140000000000002,3.6207,3.0678
0.56482,0.8992100000000001,0.51351,2.6411e-10,8.8906e-07,1.5278e-06,-0.61939,-0.36316,-0.17824,0.00045354,0.007962100000000001,0.0064503,0.0012598,0.00065511,0.006651899999999999,0.0070298,0.013984,3.3806,3.4004,2.9809,3.5394,3.372,3.4103
0.1396,0.5634600000000001,0.30946,0.00068496,9.869700000000001e-05,0.00024069,-0.49865,1.1989,0.27671999999999997,0.0006803,0.008718,0.0040062,0.001285,0.00062991,0.0077101,0.005215699999999999,0.016201,2.9126,2.7117,3.2141,3.0354,3.0595,3.0893
0.42426,0.38416999999999996,0.48165,0.00017442,9.9453e-05,0.0001047,-0.008312100000000001,0.63905,2.0532,0.00024514,0.012611,0.00068094,0.0020155999999999998,5.4475e-05,0.013346,0.00021790000000000004,0.018876,3.1875,2.8927,2.6528,3.2616,2.3846,3.069
0.24141999999999997,0.075387,0.59177,1.347e-05,1.3478e-06,8.057899999999999e-07,0.47741000000000006,0.13041,-1.5721,0.00017639,0.0066273,0.0016883,0.0014867,0.00042838,0.004686999999999999,0.0036034,0.025752999999999998,1.8254,1.4875,1.3244,1.9315,1.7506,1.6335
0.57038,0.62232,0.53587,9.9312e-10,3.3792e-05,6.339199999999999e-06,-0.22428,-0.1628,0.042537,0.00055435,0.0024694,0.0013607,0.0014867,0.00042836,0.002293,0.0015623,0.034294,2.6709,2.7459,2.3193,2.6693,2.9266,2.7482
0.49373,0.84746,0.50556,1.899e-10,1.2609e-06,1.2785e-05,-0.54055,-1.4815,-0.41585,0.00025198,0.0059215000000000005,0.0026458000000000002,0.0014867,0.00042836,0.004712,0.004082,0.024921000000000002,3.0911,2.9289,3.2079,3.4251,3.2232,3.2673
0.52989,0.142,0.82457,9.6965e-05,9.5932e-05,0.0001871,1.3266,0.06706799999999999,-0.53546,0.00021790000000000004,0.0074358,0.00054475,0.0020155999999999998,5.4475e-05,0.007653699999999999,0.00019066,0.029934,2.4034,1.77,2.0867,2.8117,1.8838,2.5884
