5.371145490869485561e-01,4.525384337881151464e-01,0.000000000000000000e+00
3.807285041387700741e-01,3.712517716121508937e-01,0.000000000000000000e+00
5.517069019120249829e-01,4.968787536692863549e-01,0.000000000000000000e+00
1.281533424665750598e-01,3.377055819718796648e-01,0.000000000000000000e+00
-8.936004069196157307e-01,-2.493546805176499515e+00,0.000000000000000000e+00
1.356137744700083969e+00,-1.424159298992418332e+00,0.000000000000000000e+00
-2.989935766376347059e-01,-2.460158486510082732e+00,0.000000000000000000e+00
2.840703602826150642e-01,3.509427453793670382e-01,0.000000000000000000e+00
1.405390247540994619e-01,2.547788551519689082e-01,0.000000000000000000e+00
2.615445374378508325e-03,9.686560812302432225e-03,0.000000000000000000e+00
-1.674882722467091245e+00,-2.488929060053987286e+00,0.000000000000000000e+00
-3.838265055517742219e-01,-2.691836506216959801e+00,0.000000000000000000e+00
7.908218587126067400e-02,3.421502244656467462e-01,0.000000000000000000e+00
1.412217449144985038e+00,-1.885525293016437065e-01,0.000000000000000000e+00
1.203590212882386989e+00,-6.429332738432956829e-01,0.000000000000000000e+00
1.435703942772670549e+00,-9.393860195464142082e-01,0.000000000000000000e+00
9.666064748605730783e-02,2.205507828066085863e-01,0.000000000000000000e+00
7.898963070124412900e-01,-1.931696494741758530e+00,0.000000000000000000e+00
1.439672407880926874e+00,-5.881670386898945058e-01,0.000000000000000000e+00
1.096572243994137663e+00,-1.946395823017613436e-01,0.000000000000000000e+00
1.759940492626320130e-01,3.606911676587160609e-01,0.000000000000000000e+00
9.802572022878815183e-02,2.951861149685459096e-01,0.000000000000000000e+00
1.063514588557711971e+00,2.077300494579728818e-01,0.000000000000000000e+00
1.450448673988751658e+00,2.051357629423761486e-01,0.000000000000000000e+00
1.203618237792470347e-01,2.314432142734892395e-01,0.000000000000000000e+00
3.493153715603539711e-01,-2.311547795058056742e+00,0.000000000000000000e+00
9.837732993106962365e-01,-1.306480662246789493e+00,0.000000000000000000e+00
1.332954795572802054e+00,-5.829395987098511256e-01,0.000000000000000000e+00
7.857351243478719605e-01,3.802520965996977753e-01,0.000000000000000000e+00
-5.921639190249644580e-01,-2.271921923746185623e+00,0.000000000000000000e+00
1.358320974692373007e+00,-2.108071130992817122e-01,0.000000000000000000e+00
3.045545547560842281e-01,3.195992365115893907e-01,0.000000000000000000e+00
1.454680040615616399e+00,-8.515964298405084287e-01,0.000000000000000000e+00
5.971882001228456111e-02,1.915767952729578172e-01,0.000000000000000000e+00
-3.588897406154363812e-01,-2.512963417228652130e+00,0.000000000000000000e+00
9.544779327238244182e-01,-1.787934887789775829e+00,0.000000000000000000e+00
2.811215800090153816e-01,3.139308259726882322e-01,0.000000000000000000e+00
7.299785225664182087e-02,1.976532067197048215e-01,0.000000000000000000e+00
2.428092280609113196e-01,5.066999560115249546e-01,0.000000000000000000e+00
5.716369640996068480e-01,1.538294609660146306e-01,0.000000000000000000e+00
1.293214406390551074e+00,-5.334994534781548059e-02,0.000000000000000000e+00
2.808849088619136056e-02,1.580587248088344832e-01,0.000000000000000000e+00
1.394637020005174310e+00,-4.799645131711990365e-01,0.000000000000000000e+00
1.048836581576872429e-01,2.278556067983753541e-01,0.000000000000000000e+00
1.463225678861414858e+00,-9.337684338036023046e-01,0.000000000000000000e+00
2.749814597115524673e-01,3.324515819214740597e-01,0.000000000000000000e+00
9.519719991848250018e-01,2.461384481237118838e-01,0.000000000000000000e+00
-6.148682136523271335e-01,-2.555842244944402708e+00,0.000000000000000000e+00
1.074369760911177085e+00,-7.571840873527861948e-01,0.000000000000000000e+00
1.369285445042768279e+00,-3.133522962723157002e-01,0.000000000000000000e+00
9.455662875847220539e-01,-2.083058916386753445e+00,0.000000000000000000e+00
3.993509491599535610e-01,5.407647512430515668e-01,0.000000000000000000e+00
3.721281334012122577e-01,3.656943704217671676e-01,0.000000000000000000e+00
4.073788922276950358e-02,2.779671132437749326e-01,0.000000000000000000e+00
1.013635093512026408e+00,2.013754826902774131e-01,0.000000000000000000e+00
5.861031415523453303e-01,-1.771796529554095390e+00,0.000000000000000000e+00
4.965268643389887937e-01,4.228378954683860713e-01,0.000000000000000000e+00
7.219458046679726460e-01,-1.764364415922762941e+00,0.000000000000000000e+00
9.058582027128085912e-01,2.238657527342812481e-01,0.000000000000000000e+00
1.011689062504690151e+00,-1.995671418499630034e+00,0.000000000000000000e+00
-8.777403900394735725e-01,-2.562892095311744445e+00,0.000000000000000000e+00
1.175201527069661633e+00,-1.700274719592290484e+00,0.000000000000000000e+00
3.457802120872415647e-02,1.670269282142303191e-01,0.000000000000000000e+00
1.377308232921487519e-01,3.010977690320743583e-01,0.000000000000000000e+00
1.623787792690907871e-05,9.030100188453833721e-02,0.000000000000000000e+00
1.353639440528394244e+00,-4.756694222477166889e-01,0.000000000000000000e+00
9.515184348079468446e-01,-1.868683918712243708e+00,0.000000000000000000e+00
4.612244714885011532e-01,4.174296636399211780e-01,0.000000000000000000e+00
9.270858500663861079e-01,-1.502952496731073451e+00,0.000000000000000000e+00
1.131188329018790073e+00,-6.888303880527378853e-01,0.000000000000000000e+00
1.204699756539365563e+00,-9.993017455381439929e-01,0.000000000000000000e+00
1.792530081847664436e-01,2.902462682865751264e-01,0.000000000000000000e+00
3.202287622884329443e-01,4.494222233106761610e-01,0.000000000000000000e+00
9.073998078172867965e-01,-2.089031063761216611e+00,0.000000000000000000e+00
-2.794681298047132015e-02,1.784266248750865924e-01,0.000000000000000000e+00
1.021279560775307349e+00,-6.602191697254422564e-02,0.000000000000000000e+00
6.797066747112312513e-01,5.315583377031606327e-01,0.000000000000000000e+00
-1.563919045279689835e+00,-2.236543672825544338e+00,0.000000000000000000e+00
1.890555126451296530e-01,3.653550439591234933e-01,0.000000000000000000e+00
4.384482446358494157e-01,-1.927346814698674748e+00,0.000000000000000000e+00
1.188528815238114156e+00,-3.323189889543738951e-01,0.000000000000000000e+00
1.416152286399768201e+00,-6.898752774398663190e-01,0.000000000000000000e+00
1.419950665968571002e+00,-5.564351983194388840e-01,0.000000000000000000e+00
-8.584929274840975566e-01,-2.685515767621945216e+00,0.000000000000000000e+00
-3.175369545485836609e-01,-2.548858642110501727e+00,0.000000000000000000e+00
7.319855416191645148e-01,-1.651031692266544670e+00,0.000000000000000000e+00
6.259951312559552949e-01,-1.640472279938178790e+00,0.000000000000000000e+00
1.380859668112964345e+00,-1.019133960407744149e-01,0.000000000000000000e+00
8.577147713921378092e-01,-1.713729320416718549e+00,0.000000000000000000e+00
1.387774902542860289e+00,-6.793900887488221185e-01,0.000000000000000000e+00
1.160801523728676177e+00,1.749618705820708831e-01,0.000000000000000000e+00
1.000507768251269525e+00,-1.610905896408203919e+00,0.000000000000000000e+00
1.119684392330880351e+00,-9.545432512513479795e-02,0.000000000000000000e+00
2.325666712444805079e-03,1.003074910563599709e-01,0.000000000000000000e+00
4.896132169362650832e-01,4.894576985089969523e-01,0.000000000000000000e+00
-1.923232798935687216e+00,-2.088955821113822608e+00,0.000000000000000000e+00
5.091172127094694133e-01,-2.065263376023851905e+00,0.000000000000000000e+00
1.308691517558238537e+00,-2.609183876745215791e-01,0.000000000000000000e+00
2.839678217339471900e-01,-2.128296567097076597e+00,0.000000000000000000e+00
4.847304944227758261e-01,-2.307496028024195844e+00,0.000000000000000000e+00
1.345886615992345270e+00,-8.376845875846625766e-01,0.000000000000000000e+00
-6.129465342279819540e-01,-2.318333122300392901e+00,0.000000000000000000e+00
-1.732446064833008892e+00,-2.043353939726591406e+00,0.000000000000000000e+00
3.898076193021345337e-01,-2.294888428804853220e+00,0.000000000000000000e+00
1.235846473572878912e+00,-1.204535268837101158e+00,0.000000000000000000e+00
1.527766024666639355e+00,-9.818255095753249950e-01,0.000000000000000000e+00
-2.931835702090623275e-01,-2.582070615244573819e+00,0.000000000000000000e+00
-4.545235625153428716e-01,-2.395385572215462222e+00,0.000000000000000000e+00
1.381550643112561261e+00,-1.906913158739781677e-01,0.000000000000000000e+00
8.560398569652647449e-01,-2.143044458304385724e+00,0.000000000000000000e+00
1.354258196457230445e+00,-8.988707402930161683e-01,0.000000000000000000e+00
-1.003570594477922295e+00,-2.254992834175558958e+00,0.000000000000000000e+00
8.672341967930489171e-01,-1.986143263212470256e+00,0.000000000000000000e+00
6.657893813426302154e-01,-2.146612020405473498e+00,0.000000000000000000e+00
5.630801348628938774e-01,4.684135683359365032e-01,0.000000000000000000e+00
1.055339154042737704e+00,-1.318618864569404414e-01,0.000000000000000000e+00
-1.225380382948413560e+00,-2.359659872059499897e+00,0.000000000000000000e+00
1.280149234332995878e+00,-8.472321500553712248e-01,0.000000000000000000e+00
1.546589638369757713e+00,-4.663989130654188076e-01,0.000000000000000000e+00
2.867180532696526618e-01,3.743966089484414006e-01,0.000000000000000000e+00
-1.827516457764413627e+00,-2.277064146303690695e+00,0.000000000000000000e+00
5.246270831705888149e-01,-2.133776231733238049e+00,0.000000000000000000e+00
-1.704075271760340016e+00,-2.144519295069943432e+00,0.000000000000000000e+00
1.213881053846472380e+00,-2.727543507592815053e-01,0.000000000000000000e+00
6.787364213718316552e-01,4.649968283062828056e-01,0.000000000000000000e+00
9.579124735807178492e-01,-1.671377611844940603e+00,0.000000000000000000e+00
-2.290375491772071559e+00,-1.906352918259551110e+00,0.000000000000000000e+00
6.385697739517937066e-01,3.377898768708738619e-01,0.000000000000000000e+00
7.990268649597340733e-01,-7.644713391672575131e-02,0.000000000000000000e+00
-1.542959512816376666e+00,-2.335707723546279979e+00,0.000000000000000000e+00
-3.632576503547052527e-01,-2.228107578775389452e+00,0.000000000000000000e+00
9.968395248650343543e-01,1.823342628937261178e-01,0.000000000000000000e+00
6.142663558774992261e-01,5.321398421877503448e-01,0.000000000000000000e+00
8.466250684874068178e-01,1.027951890581906697e-01,0.000000000000000000e+00
6.277737134717963352e-01,-2.178926764377548508e+00,0.000000000000000000e+00
4.289374249264450434e-01,-1.733678585220951529e+00,0.000000000000000000e+00
-4.230623166415647951e-01,-2.278787164278033739e+00,0.000000000000000000e+00
-1.128830646684641503e-01,-2.415423885733094078e+00,0.000000000000000000e+00
-7.167328481543664420e-01,-2.393310597635094794e+00,0.000000000000000000e+00
-8.719316517707329517e-01,-2.469307044104124493e+00,0.000000000000000000e+00
1.334948881058490411e+00,-4.683289983827263470e-01,0.000000000000000000e+00
3.324576317545241411e-01,4.653480433211979461e-01,0.000000000000000000e+00
1.160539209363463442e+00,-5.500238788192493011e-01,0.000000000000000000e+00
-1.926748619070802748e+00,-2.016884029548223101e+00,0.000000000000000000e+00
5.556006101436735678e-01,4.458536834005988880e-01,0.000000000000000000e+00
-3.861778900110476864e-01,-2.336190014926947889e+00,0.000000000000000000e+00
-1.747960086027813498e+00,-2.250394689283659932e+00,0.000000000000000000e+00
-4.831615797677210611e-01,-2.512493304508431891e+00,0.000000000000000000e+00
1.363454457190586222e+00,-1.008081464001374217e+00,0.000000000000000000e+00
6.393790374443105717e-01,3.968164313114274089e-01,0.000000000000000000e+00
-4.105563597961098821e-01,-2.637129319554351703e+00,0.000000000000000000e+00
2.525977641680083874e-01,4.100464410447307584e-01,0.000000000000000000e+00
1.213464885313656705e+00,-1.608585513327554506e-01,0.000000000000000000e+00
9.273730384342977751e-02,3.073855684798579846e-01,0.000000000000000000e+00
1.309441098217578370e+00,-1.272775543085885364e+00,0.000000000000000000e+00
-1.262498242957030170e+00,-2.475966025213535815e+00,0.000000000000000000e+00
-1.234754545907677636e+00,-2.545793289806197013e+00,0.000000000000000000e+00
1.241690288294835298e+00,-1.485955117794572011e+00,0.000000000000000000e+00
1.413444507021951013e+00,-8.998670293261669118e-01,0.000000000000000000e+00
-3.411104382294053577e-02,2.282342536937256305e-01,0.000000000000000000e+00
8.011595671845527233e-01,2.616695872265210610e-01,0.000000000000000000e+00
-6.512664049962468664e-03,1.101755735499663630e-01,0.000000000000000000e+00
-3.711972496152305956e-01,-2.490888236981097847e+00,0.000000000000000000e+00
1.152948856924896681e+00,-4.549593455613835241e-02,0.000000000000000000e+00
1.352370628637720840e+00,-7.618860759676097938e-02,0.000000000000000000e+00
6.827088297213588231e-01,4.027284651803816340e-01,0.000000000000000000e+00
1.689732325530566570e-01,-2.221006316935713265e+00,0.000000000000000000e+00
-7.739796508879835946e-01,-2.658870916999498402e+00,0.000000000000000000e+00
9.776508042091224260e-01,-1.260649654396260866e+00,0.000000000000000000e+00
1.406255157073413420e+00,-1.242085417123531599e+00,0.000000000000000000e+00
1.124983319798192216e+00,-1.697917304592165166e+00,0.000000000000000000e+00
1.178929813114922842e+00,1.088750793030832387e-01,0.000000000000000000e+00
6.458665883485396886e-02,1.133216484822201636e-01,0.000000000000000000e+00
-8.722559193806647335e-03,1.200849661838169352e-01,0.000000000000000000e+00
-2.140647415547403121e+00,-2.087469435328043854e+00,0.000000000000000000e+00
5.873500116456385756e-02,1.813617242108165051e-01,0.000000000000000000e+00
1.343966550155532014e+00,-9.494075163959946329e-01,0.000000000000000000e+00
1.376560637304608647e+00,-6.084045911655575622e-01,0.000000000000000000e+00
7.089377067030112611e-01,5.593160542275567026e-01,0.000000000000000000e+00
-1.440540959183391090e+00,-2.481782883690069497e+00,0.000000000000000000e+00
-4.814941254624529599e-01,-2.338913365181810811e+00,0.000000000000000000e+00
-2.181627225534825687e+00,-1.848627763280800806e+00,0.000000000000000000e+00
4.236784048656233037e-01,5.089353535114484739e-01,0.000000000000000000e+00
1.163606690207258820e+00,2.520298964427989535e-02,0.000000000000000000e+00
3.003255370983545433e-02,2.995013507595213342e-01,0.000000000000000000e+00
8.123431726757788240e-01,1.833420363508154183e-01,0.000000000000000000e+00
-2.121993362038222308e+00,-1.990852185021242171e+00,0.000000000000000000e+00
1.161613341970517466e+00,-1.434900159392536123e+00,0.000000000000000000e+00
2.640510698404151535e-01,4.265584012865177854e-01,0.000000000000000000e+00
3.857765101183552314e-01,-2.427734360925899892e+00,0.000000000000000000e+00
-1.158674753724248996e+00,-2.303611648624660724e+00,0.000000000000000000e+00
2.358921031368932386e-02,1.486415234853791789e-01,0.000000000000000000e+00
1.138037445686126969e-01,4.782859118156601030e-01,0.000000000000000000e+00
-1.032627994549715433e+00,-2.395615250941459440e+00,0.000000000000000000e+00
7.822764963010756523e-01,4.094289664163778819e-01,0.000000000000000000e+00
-1.347801224550885912e+00,-2.338378670275328197e+00,0.000000000000000000e+00
8.259294191841736188e-01,-1.883745728521564411e+00,0.000000000000000000e+00
3.831844262994774097e-02,1.351407409712795105e-01,0.000000000000000000e+00
-5.006915921386939639e-03,1.943221172340725555e-02,0.000000000000000000e+00
1.141204413899268966e+00,-7.720103001646601293e-02,0.000000000000000000e+00
2.273970050677130705e-01,1.548611017695477488e+00,1.000000000000000000e+00
-7.744034850604342157e-01,1.086761765743445407e+00,1.000000000000000000e+00
-7.411454374784264276e-01,4.012867621484041414e-01,1.000000000000000000e+00
2.708925539223910217e+00,-2.380141715357714585e-02,1.000000000000000000e+00
7.225636638128261069e-01,1.687969158470095543e+00,1.000000000000000000e+00
-2.462742123144092132e-01,-4.762112605673788496e-02,1.000000000000000000e+00
2.045752247959244929e+00,1.212201223223345226e+00,1.000000000000000000e+00
-9.994440855367310306e-01,5.137277357707243919e-01,1.000000000000000000e+00
-6.420248908526493548e-01,1.218279364431520094e-02,1.000000000000000000e+00
-3.768731959374101992e-01,-5.774162853616764124e-02,1.000000000000000000e+00
-7.214556420573795537e-01,7.258598978602610607e-01,1.000000000000000000e+00
-7.193461389809820972e-01,1.838753213415592336e-01,1.000000000000000000e+00
-3.660008363213039795e-01,-1.878022439162852220e-01,1.000000000000000000e+00
3.016143674087297909e-03,2.137121617461784417e+00,1.000000000000000000e+00
2.746815648185411796e+00,8.643449833661100978e-01,1.000000000000000000e+00
4.936828721071299664e-01,2.161735742033565444e+00,1.000000000000000000e+00
-4.907330990896567324e-01,-2.982836195697934761e-02,1.000000000000000000e+00
3.971272636779131782e-01,1.493244792142825794e+00,1.000000000000000000e+00
-4.520940982473322101e-01,1.308728653939975839e+00,1.000000000000000000e+00
-8.481199147380654724e-01,7.970623127502627359e-01,1.000000000000000000e+00
-1.384167450216460815e-01,1.579229893359996417e+00,1.000000000000000000e+00
1.376409026757729193e-01,1.609509999202210828e+00,1.000000000000000000e+00
-5.304716344688061858e-01,2.392776108822522729e-01,1.000000000000000000e+00
2.369818007920628578e+00,1.160692409016216731e+00,1.000000000000000000e+00
-7.433555972250320831e-01,3.285093966400995935e-01,1.000000000000000000e+00
-7.590111341349088381e-01,2.284374336777853232e-01,1.000000000000000000e+00
2.934923106735147780e+00,-6.214711236671481842e-01,1.000000000000000000e+00
-7.979932326045887647e-01,2.381649285757507228e-01,1.000000000000000000e+00
2.177353911993847202e+00,1.097084158296311340e+00,1.000000000000000000e+00
-1.999241666959339914e-01,-6.652671742692005397e-02,1.000000000000000000e+00
-1.351881859215128545e-01,1.549297021814137532e+00,1.000000000000000000e+00
8.038211374684332000e-01,1.617275505585546780e+00,1.000000000000000000e+00
1.400775170260703251e-01,1.810643158273425257e+00,1.000000000000000000e+00
-1.050468327197459917e-01,-5.883574659854008682e-02,1.000000000000000000e+00
2.808566915197527436e+00,5.374698514569914432e-01,1.000000000000000000e+00
-9.245631147523397653e-01,5.050445137372282511e-01,1.000000000000000000e+00
-3.613021751412119342e-01,1.533256643532403762e+00,1.000000000000000000e+00
-7.586183010380083414e-02,-4.898217980370141861e-02,1.000000000000000000e+00
1.153517114555131728e+00,1.530340184125287717e+00,1.000000000000000000e+00
-7.291890198739977569e-01,8.812439427502329892e-01,1.000000000000000000e+00
-1.994498963283796583e-02,1.685500725977624015e+00,1.000000000000000000e+00
-6.062983815939000376e-01,1.787779671061324738e-01,1.000000000000000000e+00
2.409366772385035382e+00,6.977303819716900168e-01,1.000000000000000000e+00
-1.243719202490652376e-01,-3.930468124457760920e-02,1.000000000000000000e+00
-7.486663045736122180e-02,1.603604492538547754e+00,1.000000000000000000e+00
-6.962795912298695988e-01,9.207498972599392761e-02,1.000000000000000000e+00
-4.170634243992057955e-01,-6.033246448693637548e-02,1.000000000000000000e+00
2.760174662545029634e+00,5.234166586810677924e-01,1.000000000000000000e+00
1.073977711287065206e+00,1.951407924767748048e+00,1.000000000000000000e+00
1.778557036960238535e-01,1.686298800200848769e+00,1.000000000000000000e+00
2.249871917516051312e+00,1.280263732608000415e+00,1.000000000000000000e+00
-6.711583802857183922e-01,1.302086197486913788e+00,1.000000000000000000e+00
5.621453381618508605e-01,1.811084266453870217e+00,1.000000000000000000e+00
1.534490891198045104e-01,1.849833677984720204e+00,1.000000000000000000e+00
-4.677328407181882697e-01,6.005041695546717295e-02,1.000000000000000000e+00
1.717809570666697594e+00,1.800205231052297572e+00,1.000000000000000000e+00
1.540088088606742511e+00,1.510496645812660965e+00,1.000000000000000000e+00
-8.868981943147682956e-02,-4.691606779016273959e-02,1.000000000000000000e+00
-1.449512599014509961e-01,1.749859519462836355e+00,1.000000000000000000e+00
4.864384719672501523e-02,1.955916943998359692e+00,1.000000000000000000e+00
-1.830256528978380370e-01,-5.332434483274686721e-02,1.000000000000000000e+00
-7.087877235856993030e-01,1.166024252773213199e+00,1.000000000000000000e+00
2.668015866987179407e+00,-2.415699154617775013e-01,1.000000000000000000e+00
1.333690037987396382e+00,1.980813773491625351e+00,1.000000000000000000e+00
-6.998767761022031131e-01,7.328760604842626813e-01,1.000000000000000000e+00
-8.377612820205153632e-01,4.753218819409107954e-01,1.000000000000000000e+00
-9.501673061081218341e-01,7.230284718276822620e-01,1.000000000000000000e+00
-5.231539551809744060e-01,1.062091910487478641e+00,1.000000000000000000e+00
-7.119039926481487424e-01,2.732447825301884681e-01,1.000000000000000000e+00
7.489111535612074100e-01,1.980167118301189744e+00,1.000000000000000000e+00
1.466633455848225465e+00,1.595570907317583220e+00,1.000000000000000000e+00
2.729280487974065750e+00,4.686865383371745519e-01,1.000000000000000000e+00
1.881883378832213349e+00,1.420569083165559965e+00,1.000000000000000000e+00
-4.198246280140773834e-01,-1.365446099789704715e-01,1.000000000000000000e+00
1.973391100646901375e+00,1.397405702702874342e+00,1.000000000000000000e+00
-7.590488202723740807e-01,1.205717657007117083e+00,1.000000000000000000e+00
2.825463080307210717e+00,1.498020189544277958e-01,1.000000000000000000e+00
2.318080069855778191e+00,1.496554263899160020e+00,1.000000000000000000e+00
-1.542142912189848614e-01,-9.399487860466887446e-02,1.000000000000000000e+00
-7.695910952600704125e-01,5.097063389968433667e-01,1.000000000000000000e+00
5.847221431174278727e-01,1.877615324515372830e+00,1.000000000000000000e+00
2.266780367130570184e+00,1.120114008450541432e+00,1.000000000000000000e+00
-9.180134615196668957e-01,1.671712987867391143e-01,1.000000000000000000e+00
-8.128485209059757022e-01,1.272103065498656760e-01,1.000000000000000000e+00
-8.568226276985592138e-01,4.823793191467040664e-01,1.000000000000000000e+00
1.923629800119397659e+00,1.142745624319144282e+00,1.000000000000000000e+00
2.608088588608098668e+00,8.370838982590567134e-01,1.000000000000000000e+00
2.928202176425298120e+00,-9.570873749488272020e-02,1.000000000000000000e+00
2.571647235471744342e+00,1.203823624023826033e+00,1.000000000000000000e+00
-8.403688729107984257e-01,3.304652446848871383e-01,1.000000000000000000e+00
-4.702813709429682354e-01,-1.038226681420246766e-01,1.000000000000000000e+00
-6.741782613836239113e-01,1.047941824150367823e-01,1.000000000000000000e+00
2.846933552935233092e+00,1.208721021329224737e-01,1.000000000000000000e+00
1.475483563199418979e+00,1.890322769927276214e+00,1.000000000000000000e+00
1.584608878045637326e+00,1.607928545289402988e+00,1.000000000000000000e+00
-5.544492220174229713e-01,1.402246003344944647e-01,1.000000000000000000e+00
-7.666376158617528302e-01,5.995589511645497138e-01,1.000000000000000000e+00
-5.294531846196544045e-01,-1.150351627843805707e-01,1.000000000000000000e+00
2.839907146178995312e+00,6.780596809005976500e-01,1.000000000000000000e+00
2.938548234700819162e+00,-8.575767892344203502e-02,1.000000000000000000e+00
2.646549384453356080e+00,3.446504435972665426e-01,1.000000000000000000e+00
-5.217356119383107504e-01,-1.916105999015351542e-03,1.000000000000000000e+00
-4.723182819543438743e-02,-1.690871897089625195e-02,1.000000000000000000e+00
-6.906705572432487727e-01,1.745042301814029861e-01,1.000000000000000000e+00
-6.697913098906355112e-02,1.744534082906286088e+00,1.000000000000000000e+00
-2.340532844779575350e-01,-1.364093137225643182e-01,1.000000000000000000e+00
-1.260903510274321127e+00,8.031795179519545247e-01,1.000000000000000000e+00
-6.003798992209283814e-01,1.112556125683285879e+00,1.000000000000000000e+00
-4.196073242863571640e-01,1.725636285397427638e+00,1.000000000000000000e+00
9.985715541348794133e-02,1.883642629141215608e+00,1.000000000000000000e+00
-4.281741608420378542e-01,-5.296928821877283644e-02,1.000000000000000000e+00
-7.345645159001438218e-01,7.829342068812477073e-01,1.000000000000000000e+00
-1.624530162083145587e-02,-1.178007787560741114e-02,1.000000000000000000e+00
2.962531855639870315e+00,-2.090670413143037309e-01,1.000000000000000000e+00
-8.202671129072717227e-01,8.114941837304391337e-01,1.000000000000000000e+00
1.144379879536088218e+00,1.721170370017005347e+00,1.000000000000000000e+00
-1.332438280270585584e-01,1.438658927883129435e+00,1.000000000000000000e+00
2.376539264395134410e+00,9.202650729976049604e-01,1.000000000000000000e+00
-5.507452539141461934e-01,-3.473413729079149331e-02,1.000000000000000000e+00
-4.970203665575745888e-01,-6.816005002163595672e-02,1.000000000000000000e+00
-8.515723484607500282e-01,2.332662224646195048e-01,1.000000000000000000e+00
2.909878909840998951e+00,-6.423442008218223087e-01,1.000000000000000000e+00
-6.497220838211279492e-01,5.649802341297879837e-02,1.000000000000000000e+00
-4.601064377975922493e-01,3.632929088903800313e-02,1.000000000000000000e+00
8.048505560794934066e-01,2.173492177630041322e+00,1.000000000000000000e+00
-3.598223202061788806e-01,-3.156322483149220925e-02,1.000000000000000000e+00
9.700238522800025409e-01,2.027380672805611628e+00,1.000000000000000000e+00
-7.258883386648515845e-01,4.665206853068023518e-01,1.000000000000000000e+00
1.147779298036708751e+00,1.670431671763602299e+00,1.000000000000000000e+00
-6.612798624287834492e-01,1.363116265309706865e+00,1.000000000000000000e+00
1.502592484840409304e+00,1.790946750226604545e+00,1.000000000000000000e+00
-8.769953065942660830e-02,1.633098410256889288e+00,1.000000000000000000e+00
-9.436817782621146344e-01,3.408296497430410299e-01,1.000000000000000000e+00
-7.500583372513587588e-02,-2.858331435141660617e-02,1.000000000000000000e+00
-3.978542386397371233e-01,-5.276389484544204839e-02,1.000000000000000000e+00
-4.856867516896404280e-01,1.221354373035843155e+00,1.000000000000000000e+00
-8.955977100566465676e-01,4.296179204231594384e-01,1.000000000000000000e+00
-7.020681630989299427e-01,2.708673624577983552e-01,1.000000000000000000e+00
2.327649453515816536e+00,1.199912540550105433e+00,1.000000000000000000e+00
1.770094879246221664e+00,1.542417405587695356e+00,1.000000000000000000e+00
8.386200056312365092e-01,1.789865663536917673e+00,1.000000000000000000e+00
1.191902057696052619e+00,1.663987026383455081e+00,1.000000000000000000e+00
-8.296869954409052950e-01,6.653929491299616084e-01,1.000000000000000000e+00
-2.840276019915515260e-01,1.190672424612700731e+00,1.000000000000000000e+00
-2.177694586668615651e-01,-7.636033487200377667e-02,1.000000000000000000e+00
9.164088274690257441e-01,1.941772093278294475e+00,1.000000000000000000e+00
-6.129274214152226341e-02,1.784901104015856221e+00,1.000000000000000000e+00
5.223842578325275099e-01,1.749773773934101273e+00,1.000000000000000000e+00
-6.917467306603588550e-01,4.988259396879040075e-01,1.000000000000000000e+00
-3.502860780970199484e-01,2.490846674280690690e-02,1.000000000000000000e+00
-8.573507505133227680e-01,5.948080123044868772e-01,1.000000000000000000e+00
2.772122837809378293e+00,-1.991093759143061914e-01,1.000000000000000000e+00
-2.969823168668939695e-01,-9.244126656947107556e-02,1.000000000000000000e+00
-8.562689017371937217e-01,7.121508416162427579e-01,1.000000000000000000e+00
3.473158479473901217e-01,1.700683561692787560e+00,1.000000000000000000e+00
-5.107907582808319802e-01,1.123445350840825308e+00,1.000000000000000000e+00
-4.700223330815084255e-02,1.715075128114303293e+00,1.000000000000000000e+00
-7.733165859062287595e-01,2.151035870779409997e-01,1.000000000000000000e+00
1.268744570521562531e+00,1.903553852174181271e+00,1.000000000000000000e+00
9.067838760431587986e-01,1.790123905549498184e+00,1.000000000000000000e+00
1.478720006345453308e+00,1.951122022975071868e+00,1.000000000000000000e+00
-2.877364200577847142e-01,-4.325777483541431989e-02,1.000000000000000000e+00
-6.615039328046917744e-01,1.196672205152317786e-01,1.000000000000000000e+00
2.647732511978441394e+00,-7.622271226586699311e-02,1.000000000000000000e+00
-7.404356115735861721e-01,2.534392937648903832e-01,1.000000000000000000e+00
-6.648355047995957445e-01,6.830377997013827862e-01,1.000000000000000000e+00
1.435618412058023430e-01,1.588845066030591724e+00,1.000000000000000000e+00
2.537373843619619151e+00,6.871146039180420217e-01,1.000000000000000000e+00
1.558850960893105320e-01,1.789208703165868775e+00,1.000000000000000000e+00
2.681026431399442522e+00,5.099682880161113818e-01,1.000000000000000000e+00
-5.872948996811447886e-01,-1.322752976370192568e-01,1.000000000000000000e+00
1.638132383486344157e+00,1.434214985525728236e+00,1.000000000000000000e+00
-1.616882353298352837e-01,-5.431895484374155147e-02,1.000000000000000000e+00
-4.858383459336901994e-02,1.664843098000847288e+00,1.000000000000000000e+00
-0.000000000000000000e+00,-0.000000000000000000e+00,1.000000000000000000e+00
2.920175460280599822e+00,-4.830976359161076594e-01,1.000000000000000000e+00
1.456786425543888042e+00,1.789753362151699001e+00,1.000000000000000000e+00
2.767401567319957234e+00,-8.657649090368085831e-01,1.000000000000000000e+00
-6.951386424972733069e-01,5.919718413081447306e-01,1.000000000000000000e+00
-5.538786140014135828e-01,9.444388601434211550e-02,1.000000000000000000e+00
-6.211922059233544458e-01,1.271039263384715623e+00,1.000000000000000000e+00
1.599628970420449381e+00,1.745882099561528067e+00,1.000000000000000000e+00
-1.739558100452574252e-01,-1.358810632570455756e-01,1.000000000000000000e+00
-4.443874155800798809e-01,1.119003145259140464e+00,1.000000000000000000e+00
-8.359075950675783906e-01,1.428985530902596279e+00,1.000000000000000000e+00
2.443419678541694395e+00,7.919661416251229102e-01,1.000000000000000000e+00
-3.143417310175611878e-01,-1.040140487708688388e-01,1.000000000000000000e+00
1.084529456970165784e+00,1.604260964154395008e+00,1.000000000000000000e+00
2.504825689154312585e+00,9.779424397495309895e-01,1.000000000000000000e+00
-7.026888953107397473e-01,8.380267079026342270e-01,1.000000000000000000e+00
-6.889576177348195607e-01,2.486119672171515638e-01,1.000000000000000000e+00
-4.880143879010523378e-02,1.644761119341707989e+00,1.000000000000000000e+00
1.104326246243712895e+00,1.770833438098219359e+00,1.000000000000000000e+00
-5.692623147465346589e-01,1.273179396017661613e+00,1.000000000000000000e+00
1.987583252763106323e+00,9.601778654875969821e-01,1.000000000000000000e+00
-3.533660441681875652e-01,-1.680819188863744429e-01,1.000000000000000000e+00
2.869175806335023005e+00,-4.727292252202087292e-02,1.000000000000000000e+00
1.377923313752735801e+00,1.876110397110224426e+00,1.000000000000000000e+00
-7.002477865322240085e-03,-7.185771957310026908e-03,1.000000000000000000e+00
7.342585446788520986e-01,1.781000791123945826e+00,1.000000000000000000e+00
3.510342047042067648e-01,-4.257954698326158471e-01,2.000000000000000000e+00
-1.599054806419602182e+00,-8.818261159918077130e-01,2.000000000000000000e+00
-1.012951315752237180e+00,-1.153479089609610098e+00,2.000000000000000000e+00
-1.050292457744773422e+00,-1.253629681551097441e+00,2.000000000000000000e+00
-1.881777920507072377e+00,-8.052299031982209643e-01,2.000000000000000000e+00
2.259152807206298574e-01,-7.072703071685019216e-01,2.000000000000000000e+00
-1.868970708435701233e+00,2.243164287516832722e+00,2.000000000000000000e+00
3.845961527199454749e-02,-1.147075547463291892e-02,2.000000000000000000e+00
-1.521172551120054228e+00,-1.165580062646543791e+00,2.000000000000000000e+00
9.155765115007262131e-03,-4.103898151222461557e-03,2.000000000000000000e+00
4.305051393892118661e-01,-3.764866575247649005e-01,2.000000000000000000e+00
-6.852075357322217064e-01,-1.203183442493032773e+00,2.000000000000000000e+00
-2.326833835563860919e+00,3.132596946125462689e-01,2.000000000000000000e+00
2.436500237749382181e-01,-6.157542129111046592e-01,2.000000000000000000e+00
-2.477141010108749875e+00,7.449398402253647189e-02,2.000000000000000000e+00
-1.496065711036494772e+00,-8.801933103065189279e-01,2.000000000000000000e+00
-1.524806309192251741e-01,-1.265091430348905144e+00,2.000000000000000000e+00
-1.690042446403897669e+00,2.231593860310926658e+00,2.000000000000000000e+00
-2.257458132009120266e+00,1.898788084046297397e+00,2.000000000000000000e+00
-2.245696482772590041e+00,2.307960363619080413e-01,2.000000000000000000e+00
-1.859293302869246878e+00,-5.411892442123715785e-01,2.000000000000000000e+00
-2.412786558511122337e+00,2.722127372340389373e-01,2.000000000000000000e+00
-2.077740459599658696e+00,1.920592837017917498e+00,2.000000000000000000e+00
2.818375917035775835e-01,-7.836346753359892947e-01,2.000000000000000000e+00
-4.874717522849505991e-01,-1.242225093885885645e+00,2.000000000000000000e+00
3.071690088766007021e-01,-4.704767439941996976e-01,2.000000000000000000e+00
-1.809244572281382579e+00,-3.673119945482264948e-01,2.000000000000000000e+00
-1.549263055162075187e+00,2.533789259065323485e+00,2.000000000000000000e+00
1.404451552319016805e-01,-2.545837335356568483e-03,2.000000000000000000e+00
-2.616754627287495971e+00,4.109654212002641915e-01,2.000000000000000000e+00
-2.216559676582296579e+00,6.072393882759583722e-02,2.000000000000000000e+00
-1.682257875646502310e-01,-1.202335133067877981e+00,2.000000000000000000e+00
3.215949012909394278e-01,-5.673689560754212602e-01,2.000000000000000000e+00
-2.322789911304021793e+00,1.520194351806988253e-01,2.000000000000000000e+00
-8.887363072782289430e-01,-1.239365886184882415e+00,2.000000000000000000e+00
-9.464007246171486365e-01,-1.038006724462438468e+00,2.000000000000000000e+00
-2.026740298851104072e+00,7.940279939730347097e-03,2.000000000000000000e+00
-5.919859654148071360e-02,-9.613898185814252484e-01,2.000000000000000000e+00
-1.951627539527133470e-01,-1.157576491260074780e+00,2.000000000000000000e+00
4.735859016001872646e-01,-7.212987063861161507e-01,2.000000000000000000e+00
-1.426887085433485414e+00,2.361601812431651126e+00,2.000000000000000000e+00
-2.576832446841552660e+00,8.678946384619465881e-01,2.000000000000000000e+00
3.141075956258355117e-01,-7.604219870583043273e-01,2.000000000000000000e+00
2.011293716482740190e-01,-9.317155467863623697e-01,2.000000000000000000e+00
-7.755778686058084626e-01,-1.289788472756936644e+00,2.000000000000000000e+00
-2.095615714543763719e+00,-5.524988606764671406e-01,2.000000000000000000e+00
-1.189852229687999585e-01,-1.177952377585572918e+00,2.000000000000000000e+00
-1.056213689148445267e+00,-1.287818144304655688e+00,2.000000000000000000e+00
-7.278243997366432017e-02,-1.131440734812577675e+00,2.000000000000000000e+00
-4.495739668210116946e-01,-1.341381308249933513e+00,2.000000000000000000e+00
2.024428528402930638e-01,-8.491102601760945889e-01,2.000000000000000000e+00
3.719183950096672797e-01,-3.514532915594427709e-01,2.000000000000000000e+00
-2.382215192372562740e+00,3.516299676258012874e-01,2.000000000000000000e+00
6.909527570500627325e-02,-1.259657112915793173e-02,2.000000000000000000e+00
3.131314669120159877e-01,-1.800472818729854929e-01,2.000000000000000000e+00
-2.393165817327552070e+00,1.038292047762106263e+00,2.000000000000000000e+00
2.547084836705293953e-01,-7.187444568653069688e-01,2.000000000000000000e+00
4.261834725372217192e-01,-5.833018128356881604e-01,2.000000000000000000e+00
3.321536179128637412e-01,-3.759641090574644684e-01,2.000000000000000000e+00
-2.389487243696582386e+00,1.095784291461488369e+00,2.000000000000000000e+00
8.161896744079298605e-02,-1.342001911802497949e+00,2.000000000000000000e+00
2.427049582104175707e-01,-5.289123115466350944e-01,2.000000000000000000e+00
2.811260110656897959e-01,-7.504430966885486387e-02,2.000000000000000000e+00
-7.330943450645218684e-01,-1.360170119526376453e+00,2.000000000000000000e+00
-2.258813270283285046e+00,1.989580102411375728e-01,2.000000000000000000e+00
-3.195096091260114513e-01,-1.150435435105500614e+00,2.000000000000000000e+00
-1.432811155618347154e+00,-9.619115928455194142e-01,2.000000000000000000e+00
-2.280833889154892269e+00,1.761443255903470118e-01,2.000000000000000000e+00
-7.752719140491800554e-01,-1.394271173547913634e+00,2.000000000000000000e+00
2.189208408702711661e-01,-7.299385797774977924e-02,2.000000000000000000e+00
3.294439878213175632e-01,-2.785776667207445767e-01,2.000000000000000000e+00
2.779259776054019415e-01,-1.799633217433683208e-01,2.000000000000000000e+00
2.764360108875867916e-01,-7.961851272506890176e-01,2.000000000000000000e+00
-2.471668379642090851e+00,1.157076402715893515e+00,2.000000000000000000e+00
-1.590328690005745060e-01,-1.233941123118516670e+00,2.000000000000000000e+00
-2.423185793326819937e+00,6.481099758671464706e-01,2.000000000000000000e+00
-2.351155808117788570e+00,3.558095439535978732e-01,2.000000000000000000e+00
-3.744574040733039677e-01,-1.270376318949582028e+00,2.000000000000000000e+00
-1.645446864567906287e-01,-1.425316168565535113e+00,2.000000000000000000e+00
-2.314209397214876951e+00,1.276226064723866849e-01,2.000000000000000000e+00
1.094709084444671528e-02,-1.294268086126952211e+00,2.000000000000000000e+00
-2.095063349156502941e+00,-8.986925422105539185e-02,2.000000000000000000e+00
-2.639502948216696510e-01,-1.420501203923704159e+00,2.000000000000000000e+00
5.008815238879903153e-02,-2.815557173318119187e-03,2.000000000000000000e+00
3.122927754305092063e-01,-5.380044234021637006e-01,2.000000000000000000e+00
-2.015511041246618174e+00,2.042576749959466031e+00,2.000000000000000000e+00
-7.841359060500065203e-02,-1.110948496603408664e+00,2.000000000000000000e+00
3.486223068647309464e-01,-3.024570029534831561e-01,2.000000000000000000e+00
2.330482126134507045e-02,-1.314174649963462338e+00,2.000000000000000000e+00
-2.088592633537069698e+00,1.725289800483605029e+00,2.000000000000000000e+00
-1.769384307414684665e+00,2.284568424585968760e+00,2.000000000000000000e+00
-2.331769771979627759e+00,9.776494030161407833e-01,2.000000000000000000e+00
2.664915882998271646e-01,-8.892426569187764085e-02,2.000000000000000000e+00
-8.378041093713619603e-01,-1.064328565551999395e+00,2.000000000000000000e+00
1.404381410542976938e-01,-7.699048636342091800e-01,2.000000000000000000e+00
-1.488874003196692941e+00,2.558136479404059749e+00,2.000000000000000000e+00
-2.325603305464161163e+00,1.540048926285164876e+00,2.000000000000000000e+00
9.891221984564592395e-02,-6.865023603356747162e-02,2.000000000000000000e+00
-2.042409420066511494e+00,1.840235256078293746e+00,2.000000000000000000e+00
-4.727660892224483935e-01,-1.344024703960804201e+00,2.000000000000000000e+00
-6.027186114654886628e-01,-1.156742636376338673e+00,2.000000000000000000e+00
-1.622313882436334342e+00,2.106572918647014792e+00,2.000000000000000000e+00
-1.986082488978565319e+00,-3.502079639442031711e-01,2.000000000000000000e+00
3.165914324576692973e-01,-2.124555632985104248e-01,2.000000000000000000e+00
-2.501833921253380666e+00,6.646998576234650624e-01,2.000000000000000000e+00
-8.871108581216884392e-01,-1.526888570337103124e+00,2.000000000000000000e+00
-2.221595037837463593e+00,2.659598798012639542e-01,2.000000000000000000e+00
3.259061117587319090e-01,-4.201990934155035995e-01,2.000000000000000000e+00
3.822093877182131672e-01,-7.058357309966190041e-01,2.000000000000000000e+00
-7.667686365370052215e-01,-1.140851159111333946e+00,2.000000000000000000e+00
-1.768794061780460947e+00,-5.951028496719232841e-01,2.000000000000000000e+00
-1.721883572385586314e+00,2.370368138412969561e+00,2.000000000000000000e+00
-1.603374972059703751e-01,-1.081828236708988866e+00,2.000000000000000000e+00
-1.320236685911987617e+00,-1.157581227721778072e+00,2.000000000000000000e+00
1.077712315682125832e-01,-2.379986231814005052e-02,2.000000000000000000e+00
3.964160737918590582e-01,-5.675775165277865408e-01,2.000000000000000000e+00
-3.281440634411128543e-01,-1.053768785662930307e+00,2.000000000000000000e+00
-1.895889907823274712e+00,-7.443870636110888617e-01,2.000000000000000000e+00
-2.423265619790908598e+00,7.560229614157913947e-01,2.000000000000000000e+00
-2.125310847191603347e+00,8.698822582515569612e-02,2.000000000000000000e+00
1.582209033161977862e-01,-2.716007294292326069e-02,2.000000000000000000e+00
-2.147008517300030395e+00,-2.526713158727929634e-02,2.000000000000000000e+00
2.155038494153940498e-01,-2.380003910101436138e-01,2.000000000000000000e+00
-1.005429773697077422e+00,2.805193810136887844e+00,2.000000000000000000e+00
-2.020725113384017391e+00,1.633926339860269028e+00,2.000000000000000000e+00
-1.805441651452988738e+00,-1.143537646141936204e+00,2.000000000000000000e+00
-2.311410007759597818e+00,1.230904488354259696e+00,2.000000000000000000e+00
-7.118010444796130098e-01,2.914333418309876578e+00,2.000000000000000000e+00
3.040146371826779603e-01,-9.982093874964595992e-01,2.000000000000000000e+00
-1.631616820606833773e+00,2.323873355452092948e+00,2.000000000000000000e+00
1.811926223519472745e-01,-1.260695078343352371e-01,2.000000000000000000e+00
2.440329985519452127e-01,-4.267980802872966550e-01,2.000000000000000000e+00
-1.561809437452854166e+00,-6.340834179867430587e-01,2.000000000000000000e+00
5.594118160383378946e-01,-4.246663313390468542e-01,2.000000000000000000e+00
-1.887388487776064494e+00,2.253926530161979080e+00,2.000000000000000000e+00
-2.323398742106586479e+00,1.313326257180508216e+00,2.000000000000000000e+00
-1.606892024588605361e+00,-4.748516254709035378e-01,2.000000000000000000e+00
3.101352396708243475e-01,-2.853034163079365970e-01,2.000000000000000000e+00
4.569647975184526478e-01,-4.367407272912653959e-01,2.000000000000000000e+00
2.754491192809653821e-01,-2.918900589095254627e-01,2.000000000000000000e+00
9.619331104308533054e-02,2.852802829231889867e-02,2.000000000000000000e+00
4.017102291719418794e-01,-9.521749206981364733e-01,2.000000000000000000e+00
-2.058736006519049422e+00,1.552662187360525747e+00,2.000000000000000000e+00
-2.027027412567302900e+00,-5.750717561897743524e-01,2.000000000000000000e+00
-9.274111246651841611e-01,-1.419557994850259020e+00,2.000000000000000000e+00
1.535893117923206874e-01,-6.956204915735771932e-01,2.000000000000000000e+00
1.298595206066133212e-01,-5.981050328030690366e-01,2.000000000000000000e+00
-2.064679984080492581e+00,1.905157665306941750e+00,2.000000000000000000e+00
3.438744910832052248e-01,-3.371854810907392586e-01,2.000000000000000000e+00
8.923492357112940143e-02,-1.383472516079629379e-02,2.000000000000000000e+00
-1.765060368979576966e+00,-8.671223589347042404e-01,2.000000000000000000e+00
-2.441632159564597782e+00,7.974600255469229682e-01,2.000000000000000000e+00
-2.006098070100868380e+00,4.869423178586391315e-02,2.000000000000000000e+00
-1.650730190386220819e+00,-8.918629876690585823e-01,2.000000000000000000e+00
7.092444568970088237e-02,-1.051121609053980999e+00,2.000000000000000000e+00
-9.779634949028088997e-02,-1.008647954335168739e+00,2.000000000000000000e+00
-1.491503948653580602e+00,-9.823668981124243915e-01,2.000000000000000000e+00
-2.099505432679301009e+00,-6.483143694658305423e-01,2.000000000000000000e+00
-2.114954957009592462e+00,1.233067530804857315e+00,2.000000000000000000e+00
-4.636689753820011917e-01,-1.111152237766723561e+00,2.000000000000000000e+00
-2.150796764634173908e+00,-1.659660053108404365e-01,2.000000000000000000e+00
-1.635402132430015643e+00,2.503070088184091269e+00,2.000000000000000000e+00
-2.365421862295038036e+00,1.278789490841755416e+00,2.000000000000000000e+00
-1.455424738966053511e+00,-1.119409200165181861e+00,2.000000000000000000e+00
-2.153012212124347347e+00,3.240196675768924339e-01,2.000000000000000000e+00
-1.894501374576573749e+00,-4.887144947896000513e-01,2.000000000000000000e+00
-9.120409027326074058e-01,-1.321110810109637379e+00,2.000000000000000000e+00
-1.113929206583851750e+00,-1.113811886907970727e+00,2.000000000000000000e+00
1.728340201006227927e-01,-5.239738844577868093e-02,2.000000000000000000e+00
-7.529931242348069098e-01,-1.314678045781862981e+00,2.000000000000000000e+00
2.494256579211936165e-01,-1.684928917185876118e-01,2.000000000000000000e+00
2.998523430143892193e-02,-2.629801851647865264e-03,2.000000000000000000e+00
-2.314165997800192720e+00,5.890569219577964644e-01,2.000000000000000000e+00
-4.690485003762696059e-01,-1.408924948375890329e+00,2.000000000000000000e+00
-3.806832897092617407e-01,-1.195010131917715102e+00,2.000000000000000000e+00
2.090718820271872114e-01,-4.226925726913609016e-01,2.000000000000000000e+00
1.205601848206989818e-01,-8.746735602736995796e-01,2.000000000000000000e+00
-2.265053177889573721e+00,-6.550081472036285435e-01,2.000000000000000000e+00
-9.627636129620700256e-01,-1.221344886987753231e+00,2.000000000000000000e+00
-1.327551427655107252e+00,-1.224465470700957903e+00,2.000000000000000000e+00
-2.124040257123819497e+00,-6.707264713019375213e-01,2.000000000000000000e+00
4.189450867026934394e-02,-1.163125345921658615e+00,2.000000000000000000e+00
2.476545497738574519e-01,-8.996455872429287570e-01,2.000000000000000000e+00
-1.878477182322192851e+00,-6.150008803638088439e-01,2.000000000000000000e+00
-5.437580190184202467e-01,-1.360223971949782396e+00,2.000000000000000000e+00
2.820426294871944961e-01,-8.048557713259965052e-01,2.000000000000000000e+00
1.617198556441565294e-01,-5.422474149155346451e-02,2.000000000000000000e+00
-6.611265931788800065e-01,-1.318442254808403380e+00,2.000000000000000000e+00
9.671350961589365858e-02,-1.758252058394725037e-01,2.000000000000000000e+00
-1.009563723002655289e+00,-1.312067926678209595e+00,2.000000000000000000e+00
-2.527276739329563870e+00,3.281752011270543390e-01,2.000000000000000000e+00
1.719034470234339085e-01,-9.069289998774001660e-01,2.000000000000000000e+00
-2.287909796892046987e+00,1.506089074403554884e+00,2.000000000000000000e+00
3.154817694464936428e-01,-1.956744835517305048e-01,2.000000000000000000e+00
3.542292475452102352e-01,-2.634744560389521983e-01,2.000000000000000000e+00
-6.415531120096559237e-01,-1.305755209545517825e+00,2.000000000000000000e+00
5.966164203789577763e-02,-8.037972686347405124e-03,2.000000000000000000e+00
-1.649157754266080467e+00,-9.361155393208218101e-01,2.000000000000000000e+00
-1.104259206823554829e+00,-1.179016140587869854e+00,2.000000000000000000e+00
2.839900414557953723e-01,-9.832194521733538251e-01,2.000000000000000000e+00
