,mean_fit_time,std_fit_time,mean_score_time,std_score_time,param_mlp__alpha,param_mlp__batch_size,param_mlp__early_stopping,param_mlp__hidden_layer_sizes,param_mlp__learning_rate,params,split0_test_score,split1_test_score,split2_test_score,split3_test_score,split4_test_score,mean_test_score,std_test_score,rank_test_score
0,0.5498766899108887,0.0746826316702801,0.0037646770477294924,0.0004377818915170764,0.01,50,True,"(25, 25)",constant,"{'mlp__alpha': 0.01, 'mlp__batch_size': 50, 'mlp__early_stopping': True, 'mlp__hidden_layer_sizes': (25, 25), 'mlp__learning_rate': 'constant'}",0.5040650406504065,0.4796747967479675,0.5487804878048781,0.491869918699187,0.4715447154471545,0.4991869918699187,0.027135478485005925,91
1,0.569439697265625,0.04516457783397632,0.0035336971282958984,0.00028490254459704917,0.01,50,True,"(25, 25)",adaptive,"{'mlp__alpha': 0.01, 'mlp__batch_size': 50, 'mlp__early_stopping': True, 'mlp__hidden_layer_sizes': (25, 25), 'mlp__learning_rate': 'adaptive'}",0.5040650406504065,0.4796747967479675,0.5487804878048781,0.491869918699187,0.4715447154471545,0.4991869918699187,0.027135478485005925,91
2,0.5768377780914307,0.05140911523945602,0.0037163734436035157,0.0001310332199617061,0.01,50,True,"(25, 25)",invscaling,"{'mlp__alpha': 0.01, 'mlp__batch_size': 50, 'mlp__early_stopping': True, 'mlp__hidden_layer_sizes': (25, 25), 'mlp__learning_rate': 'invscaling'}",0.5040650406504065,0.4796747967479675,0.5487804878048781,0.491869918699187,0.4715447154471545,0.4991869918699187,0.027135478485005925,91
3,0.756964921951294,0.20022422180956312,0.003997945785522461,5.818089461510625e-05,0.01,50,True,"(50, 50)",constant,"{'mlp__alpha': 0.01, 'mlp__batch_size': 50, 'mlp__early_stopping': True, 'mlp__hidden_layer_sizes': (50, 50), 'mlp__learning_rate': 'constant'}",0.5528455284552846,0.540650406504065,0.5853658536585366,0.47560975609756095,0.5650406504065041,0.5439024390243902,0.037203451019992034,4
4,0.7686018943786621,0.21259310473680934,0.0052493572235107425,0.00200566327335668,0.01,50,True,"(50, 50)",adaptive,"{'mlp__alpha': 0.01, 'mlp__batch_size': 50, 'mlp__early_stopping': True, 'mlp__hidden_layer_sizes': (50, 50), 'mlp__learning_rate': 'adaptive'}",0.5528455284552846,0.540650406504065,0.5853658536585366,0.47560975609756095,0.5650406504065041,0.5439024390243902,0.037203451019992034,4
5,0.846662187576294,0.22756321711483699,0.004870700836181641,0.00020888251071234657,0.01,50,True,"(50, 50)",invscaling,"{'mlp__alpha': 0.01, 'mlp__batch_size': 50, 'mlp__early_stopping': True, 'mlp__hidden_layer_sizes': (50, 50), 'mlp__learning_rate': 'invscaling'}",0.5528455284552846,0.540650406504065,0.5853658536585366,0.47560975609756095,0.5650406504065041,0.5439024390243902,0.037203451019992034,4
6,0.9795726299285888,0.35433073612095833,0.007532835006713867,0.004060854264740273,0.01,50,True,"(75, 75)",constant,"{'mlp__alpha': 0.01, 'mlp__batch_size': 50, 'mlp__early_stopping': True, 'mlp__hidden_layer_sizes': (75, 75), 'mlp__learning_rate': 'constant'}",0.5447154471544715,0.556910569105691,0.5121951219512195,0.5203252032520326,0.5365853658536586,0.5341463414634147,0.016178657513928756,43
7,1.0149773120880128,0.3246681206663826,0.006154394149780274,0.0008357847214275938,0.01,50,True,"(75, 75)",adaptive,"{'mlp__alpha': 0.01, 'mlp__batch_size': 50, 'mlp__early_stopping': True, 'mlp__hidden_layer_sizes': (75, 75), 'mlp__learning_rate': 'adaptive'}",0.5447154471544715,0.556910569105691,0.5121951219512195,0.5203252032520326,0.5365853658536586,0.5341463414634147,0.016178657513928756,43
8,0.9258349418640137,0.29375063525472767,0.004290151596069336,0.0004041280689285727,0.01,50,True,"(75, 75)",invscaling,"{'mlp__alpha': 0.01, 'mlp__batch_size': 50, 'mlp__early_stopping': True, 'mlp__hidden_layer_sizes': (75, 75), 'mlp__learning_rate': 'invscaling'}",0.5447154471544715,0.556910569105691,0.5121951219512195,0.5203252032520326,0.5365853658536586,0.5341463414634147,0.016178657513928756,43
9,10.591384077072144,0.14365316825833552,0.003981161117553711,2.6662574729764617e-05,0.01,50,False,"(25, 25)",constant,"{'mlp__alpha': 0.01, 'mlp__batch_size': 50, 'mlp__early_stopping': False, 'mlp__hidden_layer_sizes': (25, 25), 'mlp__learning_rate': 'constant'}",0.5284552845528455,0.524390243902439,0.5772357723577236,0.4959349593495935,0.5121951219512195,0.5276422764227642,0.027256999372748322,64
10,10.727746725082397,0.21373895187392858,0.004354524612426758,0.0002564841163399716,0.01,50,False,"(25, 25)",adaptive,"{'mlp__alpha': 0.01, 'mlp__batch_size': 50, 'mlp__early_stopping': False, 'mlp__hidden_layer_sizes': (25, 25), 'mlp__learning_rate': 'adaptive'}",0.5284552845528455,0.524390243902439,0.5772357723577236,0.4959349593495935,0.5121951219512195,0.5276422764227642,0.027256999372748322,64
11,11.427586650848388,0.210000077284771,0.004761934280395508,0.00013998602262810825,0.01,50,False,"(25, 25)",invscaling,"{'mlp__alpha': 0.01, 'mlp__batch_size': 50, 'mlp__early_stopping': False, 'mlp__hidden_layer_sizes': (25, 25), 'mlp__learning_rate': 'invscaling'}",0.5284552845528455,0.524390243902439,0.5772357723577236,0.4959349593495935,0.5121951219512195,0.5276422764227642,0.027256999372748322,64
12,12.804595518112183,1.7774385055939879,0.004985332489013672,0.00011661091457170738,0.01,50,False,"(50, 50)",constant,"{'mlp__alpha': 0.01, 'mlp__batch_size': 50, 'mlp__early_stopping': False, 'mlp__hidden_layer_sizes': (50, 50), 'mlp__learning_rate': 'constant'}",0.5609756097560976,0.516260162601626,0.5772357723577236,0.5447154471544715,0.508130081300813,0.5414634146341464,0.0261429840501033,19
13,13.161613082885742,1.2831206940811897,0.005057621002197266,9.174765757717445e-05,0.01,50,False,"(50, 50)",adaptive,"{'mlp__alpha': 0.01, 'mlp__batch_size': 50, 'mlp__early_stopping': False, 'mlp__hidden_layer_sizes': (50, 50), 'mlp__learning_rate': 'adaptive'}",0.5609756097560976,0.516260162601626,0.5772357723577236,0.5447154471544715,0.508130081300813,0.5414634146341464,0.0261429840501033,19
14,13.382710886001586,1.2856972489017624,0.0053822994232177734,0.00011413642987003314,0.01,50,False,"(50, 50)",invscaling,"{'mlp__alpha': 0.01, 'mlp__batch_size': 50, 'mlp__early_stopping': False, 'mlp__hidden_layer_sizes': (50, 50), 'mlp__learning_rate': 'invscaling'}",0.5609756097560976,0.516260162601626,0.5772357723577236,0.5447154471544715,0.508130081300813,0.5414634146341464,0.0261429840501033,19
15,12.984568643569947,0.8107581779338708,0.005764818191528321,8.252129587249068e-05,0.01,50,False,"(75, 75)",constant,"{'mlp__alpha': 0.01, 'mlp__batch_size': 50, 'mlp__early_stopping': False, 'mlp__hidden_layer_sizes': (75, 75), 'mlp__learning_rate': 'constant'}",0.5528455284552846,0.5691056910569106,0.5772357723577236,0.5528455284552846,0.5365853658536586,0.5577235772357724,0.014175281117205438,1
16,13.684259080886841,0.8902479222522596,0.005693769454956055,0.00018228060726366426,0.01,50,False,"(75, 75)",adaptive,"{'mlp__alpha': 0.01, 'mlp__batch_size': 50, 'mlp__early_stopping': False, 'mlp__hidden_layer_sizes': (75, 75), 'mlp__learning_rate': 'adaptive'}",0.5528455284552846,0.5691056910569106,0.5772357723577236,0.5528455284552846,0.5365853658536586,0.5577235772357724,0.014175281117205438,1
17,13.152748966217041,1.0669996468725114,0.005621671676635742,0.0004915506322623486,0.01,50,False,"(75, 75)",invscaling,"{'mlp__alpha': 0.01, 'mlp__batch_size': 50, 'mlp__early_stopping': False, 'mlp__hidden_layer_sizes': (75, 75), 'mlp__learning_rate': 'invscaling'}",0.5528455284552846,0.5691056910569106,0.5772357723577236,0.5528455284552846,0.5365853658536586,0.5577235772357724,0.014175281117205438,1
18,0.6115691661834717,0.09467971925277031,0.005081987380981446,0.0001481779889507107,0.01,100,True,"(25, 25)",constant,"{'mlp__alpha': 0.01, 'mlp__batch_size': 100, 'mlp__early_stopping': True, 'mlp__hidden_layer_sizes': (25, 25), 'mlp__learning_rate': 'constant'}",0.483739837398374,0.4715447154471545,0.5528455284552846,0.4878048780487805,0.4715447154471545,0.4934959349593496,0.030376490556535615,97
19,0.6038612365722656,0.08436011023464084,0.005006217956542968,0.0001466519327540891,0.01,100,True,"(25, 25)",adaptive,"{'mlp__alpha': 0.01, 'mlp__batch_size': 100, 'mlp__early_stopping': True, 'mlp__hidden_layer_sizes': (25, 25), 'mlp__learning_rate': 'adaptive'}",0.483739837398374,0.4715447154471545,0.5528455284552846,0.4878048780487805,0.4715447154471545,0.4934959349593496,0.030376490556535615,97
20,0.6009427547454834,0.07265219829306267,0.004985380172729492,0.00012065124080532998,0.01,100,True,"(25, 25)",invscaling,"{'mlp__alpha': 0.01, 'mlp__batch_size': 100, 'mlp__early_stopping': True, 'mlp__hidden_layer_sizes': (25, 25), 'mlp__learning_rate': 'invscaling'}",0.483739837398374,0.4715447154471545,0.5528455284552846,0.4878048780487805,0.4715447154471545,0.4934959349593496,0.030376490556535615,97
21,0.7240758895874023,0.15565619263225985,0.00524139404296875,0.00014505986697221443,0.01,100,True,"(50, 50)",constant,"{'mlp__alpha': 0.01, 'mlp__batch_size': 100, 'mlp__early_stopping': True, 'mlp__hidden_layer_sizes': (50, 50), 'mlp__learning_rate': 'constant'}",0.540650406504065,0.5650406504065041,0.573170731707317,0.4796747967479675,0.5365853658536586,0.5390243902439024,0.03278348805472512,34
22,0.7433383464813232,0.1582437394155861,0.005255126953125,8.95006451983339e-05,0.01,100,True,"(50, 50)",adaptive,"{'mlp__alpha': 0.01, 'mlp__batch_size': 100, 'mlp__early_stopping': True, 'mlp__hidden_layer_sizes': (50, 50), 'mlp__learning_rate': 'adaptive'}",0.540650406504065,0.5650406504065041,0.573170731707317,0.4796747967479675,0.5365853658536586,0.5390243902439024,0.03278348805472512,34
23,0.7300944805145264,0.15656831726904086,0.005263328552246094,8.117345596173699e-05,0.01,100,True,"(50, 50)",invscaling,"{'mlp__alpha': 0.01, 'mlp__batch_size': 100, 'mlp__early_stopping': True, 'mlp__hidden_layer_sizes': (50, 50), 'mlp__learning_rate': 'invscaling'}",0.540650406504065,0.5650406504065041,0.573170731707317,0.4796747967479675,0.5365853658536586,0.5390243902439024,0.03278348805472512,34
24,1.005703592300415,0.12602408287362063,0.00571589469909668,8.052343880859576e-05,0.01,100,True,"(75, 75)",constant,"{'mlp__alpha': 0.01, 'mlp__batch_size': 100, 'mlp__early_stopping': True, 'mlp__hidden_layer_sizes': (75, 75), 'mlp__learning_rate': 'constant'}",0.5365853658536586,0.573170731707317,0.556910569105691,0.516260162601626,0.5284552845528455,0.5422764227642276,0.02034145691576715,13
25,1.0120812892913817,0.11325908396478777,0.005856370925903321,0.00024635045916062147,0.01,100,True,"(75, 75)",adaptive,"{'mlp__alpha': 0.01, 'mlp__batch_size': 100, 'mlp__early_stopping': True, 'mlp__hidden_layer_sizes': (75, 75), 'mlp__learning_rate': 'adaptive'}",0.5365853658536586,0.573170731707317,0.556910569105691,0.516260162601626,0.5284552845528455,0.5422764227642276,0.02034145691576715,13
26,0.9768756866455078,0.09669429727189949,0.005412578582763672,0.00024050585694509436,0.01,100,True,"(75, 75)",invscaling,"{'mlp__alpha': 0.01, 'mlp__batch_size': 100, 'mlp__early_stopping': True, 'mlp__hidden_layer_sizes': (75, 75), 'mlp__learning_rate': 'invscaling'}",0.5365853658536586,0.573170731707317,0.556910569105691,0.516260162601626,0.5284552845528455,0.5422764227642276,0.02034145691576715,13
27,7.270536279678344,0.05132806248246582,0.004958629608154297,0.0006384057500825928,0.01,100,False,"(25, 25)",constant,"{'mlp__alpha': 0.01, 'mlp__batch_size': 100, 'mlp__early_stopping': False, 'mlp__hidden_layer_sizes': (25, 25), 'mlp__learning_rate': 'constant'}",0.5121951219512195,0.556910569105691,0.5609756097560976,0.4959349593495935,0.532520325203252,0.5317073170731706,0.02511129302679757,58
28,7.271125936508179,0.02628149785972515,0.004694557189941407,0.00014721505337939275,0.01,100,False,"(25, 25)",adaptive,"{'mlp__alpha': 0.01, 'mlp__batch_size': 100, 'mlp__early_stopping': False, 'mlp__hidden_layer_sizes': (25, 25), 'mlp__learning_rate': 'adaptive'}",0.5121951219512195,0.556910569105691,0.5609756097560976,0.4959349593495935,0.532520325203252,0.5317073170731706,0.02511129302679757,58
29,7.341396045684815,0.044399375579384434,0.004874277114868164,0.00012439943973823275,0.01,100,False,"(25, 25)",invscaling,"{'mlp__alpha': 0.01, 'mlp__batch_size': 100, 'mlp__early_stopping': False, 'mlp__hidden_layer_sizes': (25, 25), 'mlp__learning_rate': 'invscaling'}",0.5121951219512195,0.556910569105691,0.5609756097560976,0.4959349593495935,0.532520325203252,0.5317073170731706,0.02511129302679757,58
30,9.180633735656738,0.21241262802654787,0.005551290512084961,0.0009459733863864409,0.01,100,False,"(50, 50)",constant,"{'mlp__alpha': 0.01, 'mlp__batch_size': 100, 'mlp__early_stopping': False, 'mlp__hidden_layer_sizes': (50, 50), 'mlp__learning_rate': 'constant'}",0.5650406504065041,0.540650406504065,0.5528455284552846,0.5040650406504065,0.508130081300813,0.5341463414634147,0.024199798481523933,43
31,9.391637516021728,0.10482580050826709,0.005460166931152343,0.0005244709034438174,0.01,100,False,"(50, 50)",adaptive,"{'mlp__alpha': 0.01, 'mlp__batch_size': 100, 'mlp__early_stopping': False, 'mlp__hidden_layer_sizes': (50, 50), 'mlp__learning_rate': 'adaptive'}",0.5650406504065041,0.540650406504065,0.5528455284552846,0.5040650406504065,0.508130081300813,0.5341463414634147,0.024199798481523933,43
32,9.452739000320435,0.15581663707307278,0.0055979728698730465,0.00011723510652504041,0.01,100,False,"(50, 50)",invscaling,"{'mlp__alpha': 0.01, 'mlp__batch_size': 100, 'mlp__early_stopping': False, 'mlp__hidden_layer_sizes': (50, 50), 'mlp__learning_rate': 'invscaling'}",0.5650406504065041,0.540650406504065,0.5528455284552846,0.5040650406504065,0.508130081300813,0.5341463414634147,0.024199798481523933,43
33,8.473383617401122,0.30713989238206507,0.011607503890991211,0.011472060245850466,0.01,100,False,"(75, 75)",constant,"{'mlp__alpha': 0.01, 'mlp__batch_size': 100, 'mlp__early_stopping': False, 'mlp__hidden_layer_sizes': (75, 75), 'mlp__learning_rate': 'constant'}",0.5528455284552846,0.5772357723577236,0.5650406504065041,0.508130081300813,0.5040650406504065,0.5414634146341464,0.029916047956055455,19
34,8.922223472595215,0.17196598682982392,0.005873632431030273,0.00022219344745591965,0.01,100,False,"(75, 75)",adaptive,"{'mlp__alpha': 0.01, 'mlp__batch_size': 100, 'mlp__early_stopping': False, 'mlp__hidden_layer_sizes': (75, 75), 'mlp__learning_rate': 'adaptive'}",0.5528455284552846,0.5772357723577236,0.5650406504065041,0.508130081300813,0.5040650406504065,0.5414634146341464,0.029916047956055455,19
35,8.574262809753417,0.1623456025878116,0.0059963703155517575,0.0002820683688022838,0.01,100,False,"(75, 75)",invscaling,"{'mlp__alpha': 0.01, 'mlp__batch_size': 100, 'mlp__early_stopping': False, 'mlp__hidden_layer_sizes': (75, 75), 'mlp__learning_rate': 'invscaling'}",0.5528455284552846,0.5772357723577236,0.5650406504065041,0.508130081300813,0.5040650406504065,0.5414634146341464,0.029916047956055455,19
36,0.45911149978637694,0.1525965159712287,0.005182647705078125,0.00014069157724469958,0.01,auto,True,"(25, 25)",constant,"{'mlp__alpha': 0.01, 'mlp__batch_size': 'auto', 'mlp__early_stopping': True, 'mlp__hidden_layer_sizes': (25, 25), 'mlp__learning_rate': 'constant'}",0.4796747967479675,0.4959349593495935,0.4796747967479675,0.37398373983739835,0.4268292682926829,0.451219512195122,0.04512012008296458,103
37,0.45464520454406737,0.14869947973067857,0.00517430305480957,8.654622006963478e-05,0.01,auto,True,"(25, 25)",adaptive,"{'mlp__alpha': 0.01, 'mlp__batch_size': 'auto', 'mlp__early_stopping': True, 'mlp__hidden_layer_sizes': (25, 25), 'mlp__learning_rate': 'adaptive'}",0.4796747967479675,0.4959349593495935,0.4796747967479675,0.37398373983739835,0.4268292682926829,0.451219512195122,0.04512012008296458,103
38,0.4647487163543701,0.15203608769767007,0.005303525924682617,0.0001102808584660017,0.01,auto,True,"(25, 25)",invscaling,"{'mlp__alpha': 0.01, 'mlp__batch_size': 'auto', 'mlp__early_stopping': True, 'mlp__hidden_layer_sizes': (25, 25), 'mlp__learning_rate': 'invscaling'}",0.4796747967479675,0.4959349593495935,0.4796747967479675,0.37398373983739835,0.4268292682926829,0.451219512195122,0.04512012008296458,103
39,0.5181485176086426,0.08913631840751572,0.0054436206817626955,0.00016176375728091654,0.01,auto,True,"(50, 50)",constant,"{'mlp__alpha': 0.01, 'mlp__batch_size': 'auto', 'mlp__early_stopping': True, 'mlp__hidden_layer_sizes': (50, 50), 'mlp__learning_rate': 'constant'}",0.508130081300813,0.5528455284552846,0.524390243902439,0.491869918699187,0.5284552845528455,0.5211382113821138,0.020471021645551493,82
40,0.5194084644317627,0.08546062509594932,0.005481863021850586,0.00012619228502554344,0.01,auto,True,"(50, 50)",adaptive,"{'mlp__alpha': 0.01, 'mlp__batch_size': 'auto', 'mlp__early_stopping': True, 'mlp__hidden_layer_sizes': (50, 50), 'mlp__learning_rate': 'adaptive'}",0.508130081300813,0.5528455284552846,0.524390243902439,0.491869918699187,0.5284552845528455,0.5211382113821138,0.020471021645551493,82
41,0.5206703662872314,0.08631374738755239,0.006139087677001953,0.0013342501117045024,0.01,auto,True,"(50, 50)",invscaling,"{'mlp__alpha': 0.01, 'mlp__batch_size': 'auto', 'mlp__early_stopping': True, 'mlp__hidden_layer_sizes': (50, 50), 'mlp__learning_rate': 'invscaling'}",0.508130081300813,0.5528455284552846,0.524390243902439,0.491869918699187,0.5284552845528455,0.5211382113821138,0.020471021645551493,82
42,0.7774115085601807,0.07439050044175385,0.0060675621032714845,0.0006187093858290378,0.01,auto,True,"(75, 75)",constant,"{'mlp__alpha': 0.01, 'mlp__batch_size': 'auto', 'mlp__early_stopping': True, 'mlp__hidden_layer_sizes': (75, 75), 'mlp__learning_rate': 'constant'}",0.532520325203252,0.5487804878048781,0.5284552845528455,0.5121951219512195,0.5447154471544715,0.5333333333333334,0.012957217439438397,49
43,0.777404499053955,0.07226434439028566,0.005844831466674805,0.0001111838656752752,0.01,auto,True,"(75, 75)",adaptive,"{'mlp__alpha': 0.01, 'mlp__batch_size': 'auto', 'mlp__early_stopping': True, 'mlp__hidden_layer_sizes': (75, 75), 'mlp__learning_rate': 'adaptive'}",0.532520325203252,0.5487804878048781,0.5284552845528455,0.5121951219512195,0.5447154471544715,0.5333333333333334,0.012957217439438397,49
44,0.7743954658508301,0.06185158138019566,0.005619668960571289,0.0004514006252837949,0.01,auto,True,"(75, 75)",invscaling,"{'mlp__alpha': 0.01, 'mlp__batch_size': 'auto', 'mlp__early_stopping': True, 'mlp__hidden_layer_sizes': (75, 75), 'mlp__learning_rate': 'invscaling'}",0.532520325203252,0.5487804878048781,0.5284552845528455,0.5121951219512195,0.5447154471544715,0.5333333333333334,0.012957217439438397,49
45,4.630429410934449,0.011463515786478888,0.004804182052612305,9.840022041062373e-05,0.01,auto,False,"(25, 25)",constant,"{'mlp__alpha': 0.01, 'mlp__batch_size': 'auto', 'mlp__early_stopping': False, 'mlp__hidden_layer_sizes': (25, 25), 'mlp__learning_rate': 'constant'}",0.5121951219512195,0.556910569105691,0.524390243902439,0.483739837398374,0.540650406504065,0.5235772357723577,0.024979335765426353,76
46,4.646906948089599,0.04966759530106533,0.005016517639160156,6.055520267427609e-05,0.01,auto,False,"(25, 25)",adaptive,"{'mlp__alpha': 0.01, 'mlp__batch_size': 'auto', 'mlp__early_stopping': False, 'mlp__hidden_layer_sizes': (25, 25), 'mlp__learning_rate': 'adaptive'}",0.5121951219512195,0.556910569105691,0.524390243902439,0.483739837398374,0.540650406504065,0.5235772357723577,0.024979335765426353,76
47,4.6962666511535645,0.09272462372116735,0.0051018714904785155,0.00011570897507500693,0.01,auto,False,"(25, 25)",invscaling,"{'mlp__alpha': 0.01, 'mlp__batch_size': 'auto', 'mlp__early_stopping': False, 'mlp__hidden_layer_sizes': (25, 25), 'mlp__learning_rate': 'invscaling'}",0.5121951219512195,0.556910569105691,0.524390243902439,0.483739837398374,0.540650406504065,0.5235772357723577,0.024979335765426353,76
48,6.447121620178223,0.1744973616641114,0.005510473251342773,0.00011738028275020883,0.01,auto,False,"(50, 50)",constant,"{'mlp__alpha': 0.01, 'mlp__batch_size': 'auto', 'mlp__early_stopping': False, 'mlp__hidden_layer_sizes': (50, 50), 'mlp__learning_rate': 'constant'}",0.5528455284552846,0.5528455284552846,0.5772357723577236,0.5203252032520326,0.5040650406504065,0.5414634146341464,0.026016260162601636,19
49,6.655746650695801,0.10250782507031282,0.005552244186401367,0.00019728594452684485,0.01,auto,False,"(50, 50)",adaptive,"{'mlp__alpha': 0.01, 'mlp__batch_size': 'auto', 'mlp__early_stopping': False, 'mlp__hidden_layer_sizes': (50, 50), 'mlp__learning_rate': 'adaptive'}",0.5528455284552846,0.5528455284552846,0.5772357723577236,0.5203252032520326,0.5040650406504065,0.5414634146341464,0.026016260162601636,19
50,6.6512140274047855,0.0714750379990964,0.005856561660766602,0.00013688186830393707,0.01,auto,False,"(50, 50)",invscaling,"{'mlp__alpha': 0.01, 'mlp__batch_size': 'auto', 'mlp__early_stopping': False, 'mlp__hidden_layer_sizes': (50, 50), 'mlp__learning_rate': 'invscaling'}",0.5528455284552846,0.5528455284552846,0.5772357723577236,0.5203252032520326,0.5040650406504065,0.5414634146341464,0.026016260162601636,19
51,7.8138525009155275,0.0805057268886053,0.006017732620239258,0.0001726472150226917,0.01,auto,False,"(75, 75)",constant,"{'mlp__alpha': 0.01, 'mlp__batch_size': 'auto', 'mlp__early_stopping': False, 'mlp__hidden_layer_sizes': (75, 75), 'mlp__learning_rate': 'constant'}",0.5650406504065041,0.573170731707317,0.5487804878048781,0.516260162601626,0.516260162601626,0.5439024390243902,0.023897460905201742,4
52,7.955673742294311,0.22785153080572704,0.006045103073120117,0.0002278620632048591,0.01,auto,False,"(75, 75)",adaptive,"{'mlp__alpha': 0.01, 'mlp__batch_size': 'auto', 'mlp__early_stopping': False, 'mlp__hidden_layer_sizes': (75, 75), 'mlp__learning_rate': 'adaptive'}",0.5650406504065041,0.573170731707317,0.5487804878048781,0.516260162601626,0.516260162601626,0.5439024390243902,0.023897460905201742,4
53,7.289877796173096,0.24000376123776904,0.005432891845703125,0.0002878751819827288,0.01,auto,False,"(75, 75)",invscaling,"{'mlp__alpha': 0.01, 'mlp__batch_size': 'auto', 'mlp__early_stopping': False, 'mlp__hidden_layer_sizes': (75, 75), 'mlp__learning_rate': 'invscaling'}",0.5650406504065041,0.573170731707317,0.5487804878048781,0.516260162601626,0.516260162601626,0.5439024390243902,0.023897460905201742,4
54,0.8222906589508057,0.08731278483945185,0.005282115936279297,0.00023637315734491068,0.001,50,True,"(25, 25)",constant,"{'mlp__alpha': 0.001, 'mlp__batch_size': 50, 'mlp__early_stopping': True, 'mlp__hidden_layer_sizes': (25, 25), 'mlp__learning_rate': 'constant'}",0.4959349593495935,0.4715447154471545,0.5365853658536586,0.491869918699187,0.4634146341463415,0.491869918699187,0.025451180231704926,100
55,0.8008475303649902,0.07253987868483823,0.005136537551879883,0.00017385965373026605,0.001,50,True,"(25, 25)",adaptive,"{'mlp__alpha': 0.001, 'mlp__batch_size': 50, 'mlp__early_stopping': True, 'mlp__hidden_layer_sizes': (25, 25), 'mlp__learning_rate': 'adaptive'}",0.4959349593495935,0.4715447154471545,0.5365853658536586,0.491869918699187,0.4634146341463415,0.491869918699187,0.025451180231704926,100
56,0.7937318325042725,0.0643731678086018,0.005104207992553711,6.397736785988786e-05,0.001,50,True,"(25, 25)",invscaling,"{'mlp__alpha': 0.001, 'mlp__batch_size': 50, 'mlp__early_stopping': True, 'mlp__hidden_layer_sizes': (25, 25), 'mlp__learning_rate': 'invscaling'}",0.4959349593495935,0.4715447154471545,0.5365853658536586,0.491869918699187,0.4634146341463415,0.491869918699187,0.025451180231704926,100
57,1.1575186252593994,0.36585555137660314,0.0050601005554199215,0.00022023433304474327,0.001,50,True,"(50, 50)",constant,"{'mlp__alpha': 0.001, 'mlp__batch_size': 50, 'mlp__early_stopping': True, 'mlp__hidden_layer_sizes': (50, 50), 'mlp__learning_rate': 'constant'}",0.556910569105691,0.5284552845528455,0.573170731707317,0.4796747967479675,0.5609756097560976,0.5398373983739837,0.03346197662968565,28
58,1.1216732025146485,0.3627506877120292,0.005318927764892578,0.0007171351124248688,0.001,50,True,"(50, 50)",adaptive,"{'mlp__alpha': 0.001, 'mlp__batch_size': 50, 'mlp__early_stopping': True, 'mlp__hidden_layer_sizes': (50, 50), 'mlp__learning_rate': 'adaptive'}",0.556910569105691,0.5284552845528455,0.573170731707317,0.4796747967479675,0.5609756097560976,0.5398373983739837,0.03346197662968565,28
59,1.1501577377319336,0.31797413339499314,0.005379724502563477,0.0003030065614462343,0.001,50,True,"(50, 50)",invscaling,"{'mlp__alpha': 0.001, 'mlp__batch_size': 50, 'mlp__early_stopping': True, 'mlp__hidden_layer_sizes': (50, 50), 'mlp__learning_rate': 'invscaling'}",0.556910569105691,0.5284552845528455,0.573170731707317,0.4796747967479675,0.5609756097560976,0.5398373983739837,0.03346197662968565,28
60,1.5440693378448487,0.6421721930750481,0.005479001998901367,0.00014406035786061592,0.001,50,True,"(75, 75)",constant,"{'mlp__alpha': 0.001, 'mlp__batch_size': 50, 'mlp__early_stopping': True, 'mlp__hidden_layer_sizes': (75, 75), 'mlp__learning_rate': 'constant'}",0.5528455284552846,0.5528455284552846,0.5203252032520326,0.5203252032520326,0.540650406504065,0.5373983739837398,0.014634146341463393,40
61,1.5185158252716064,0.4445234823563864,0.006604909896850586,0.002510026246366777,0.001,50,True,"(75, 75)",adaptive,"{'mlp__alpha': 0.001, 'mlp__batch_size': 50, 'mlp__early_stopping': True, 'mlp__hidden_layer_sizes': (75, 75), 'mlp__learning_rate': 'adaptive'}",0.5528455284552846,0.5528455284552846,0.5203252032520326,0.5203252032520326,0.540650406504065,0.5373983739837398,0.014634146341463393,40
62,1.2478958129882813,0.40141001850274444,0.005252456665039063,0.0004300468628879123,0.001,50,True,"(75, 75)",invscaling,"{'mlp__alpha': 0.001, 'mlp__batch_size': 50, 'mlp__early_stopping': True, 'mlp__hidden_layer_sizes': (75, 75), 'mlp__learning_rate': 'invscaling'}",0.5528455284552846,0.5528455284552846,0.5203252032520326,0.5203252032520326,0.540650406504065,0.5373983739837398,0.014634146341463393,40
63,14.895811986923217,0.41830320890751754,0.004483938217163086,0.00013769757653317102,0.001,50,False,"(25, 25)",constant,"{'mlp__alpha': 0.001, 'mlp__batch_size': 50, 'mlp__early_stopping': False, 'mlp__hidden_layer_sizes': (25, 25), 'mlp__learning_rate': 'constant'}",0.5040650406504065,0.556910569105691,0.516260162601626,0.46747967479674796,0.516260162601626,0.5121951219512194,0.028628970506762608,88
64,15.054497241973877,0.5418259419508015,0.005243730545043945,0.0008991901557977764,0.001,50,False,"(25, 25)",adaptive,"{'mlp__alpha': 0.001, 'mlp__batch_size': 50, 'mlp__early_stopping': False, 'mlp__hidden_layer_sizes': (25, 25), 'mlp__learning_rate': 'adaptive'}",0.5040650406504065,0.556910569105691,0.516260162601626,0.46747967479674796,0.516260162601626,0.5121951219512194,0.028628970506762608,88
65,14.38275179862976,0.442390762392671,0.007229852676391602,0.0034038561863783765,0.001,50,False,"(25, 25)",invscaling,"{'mlp__alpha': 0.001, 'mlp__batch_size': 50, 'mlp__early_stopping': False, 'mlp__hidden_layer_sizes': (25, 25), 'mlp__learning_rate': 'invscaling'}",0.5040650406504065,0.556910569105691,0.516260162601626,0.46747967479674796,0.516260162601626,0.5121951219512194,0.028628970506762608,88
66,13.091318035125733,0.31994168740097406,0.004956436157226562,0.00013131392355548367,0.001,50,False,"(50, 50)",constant,"{'mlp__alpha': 0.001, 'mlp__batch_size': 50, 'mlp__early_stopping': False, 'mlp__hidden_layer_sizes': (50, 50), 'mlp__learning_rate': 'constant'}",0.540650406504065,0.5284552845528455,0.5487804878048781,0.5203252032520326,0.5203252032520326,0.5317073170731708,0.011323892908279764,55
67,13.396617889404297,1.155559404868892,0.0058974742889404295,0.0017908643266140562,0.001,50,False,"(50, 50)",adaptive,"{'mlp__alpha': 0.001, 'mlp__batch_size': 50, 'mlp__early_stopping': False, 'mlp__hidden_layer_sizes': (50, 50), 'mlp__learning_rate': 'adaptive'}",0.540650406504065,0.5284552845528455,0.5487804878048781,0.5203252032520326,0.5203252032520326,0.5317073170731708,0.011323892908279764,55
68,14.399001264572144,0.33734203649270256,0.005313730239868164,0.00039546347055139345,0.001,50,False,"(50, 50)",invscaling,"{'mlp__alpha': 0.001, 'mlp__batch_size': 50, 'mlp__early_stopping': False, 'mlp__hidden_layer_sizes': (50, 50), 'mlp__learning_rate': 'invscaling'}",0.540650406504065,0.5284552845528455,0.5487804878048781,0.5203252032520326,0.5203252032520326,0.5317073170731708,0.011323892908279764,55
69,13.23207426071167,1.0322328847534292,0.005709791183471679,0.0005054024595409904,0.001,50,False,"(75, 75)",constant,"{'mlp__alpha': 0.001, 'mlp__batch_size': 50, 'mlp__early_stopping': False, 'mlp__hidden_layer_sizes': (75, 75), 'mlp__learning_rate': 'constant'}",0.540650406504065,0.5528455284552846,0.5447154471544715,0.516260162601626,0.508130081300813,0.532520325203252,0.017246506858208464,52
70,14.363749980926514,0.8985599346238785,0.006731748580932617,0.0010913340277689555,0.001,50,False,"(75, 75)",adaptive,"{'mlp__alpha': 0.001, 'mlp__batch_size': 50, 'mlp__early_stopping': False, 'mlp__hidden_layer_sizes': (75, 75), 'mlp__learning_rate': 'adaptive'}",0.540650406504065,0.5528455284552846,0.5447154471544715,0.516260162601626,0.508130081300813,0.532520325203252,0.017246506858208464,52
71,12.29737048149109,0.7928142539644525,0.008710718154907227,0.002660248226022978,0.001,50,False,"(75, 75)",invscaling,"{'mlp__alpha': 0.001, 'mlp__batch_size': 50, 'mlp__early_stopping': False, 'mlp__hidden_layer_sizes': (75, 75), 'mlp__learning_rate': 'invscaling'}",0.540650406504065,0.5528455284552846,0.5447154471544715,0.516260162601626,0.508130081300813,0.532520325203252,0.017246506858208464,52
72,0.7936203479766846,0.13968226396215375,0.005257844924926758,0.0005996307179125117,0.001,100,True,"(25, 25)",constant,"{'mlp__alpha': 0.001, 'mlp__batch_size': 100, 'mlp__early_stopping': True, 'mlp__hidden_layer_sizes': (25, 25), 'mlp__learning_rate': 'constant'}",0.483739837398374,0.47560975609756095,0.5609756097560976,0.4878048780487805,0.47560975609756095,0.4967479674796748,0.032459292321426254,94
73,0.8126011848449707,0.1595847124827911,0.005000638961791992,0.0002185348597720128,0.001,100,True,"(25, 25)",adaptive,"{'mlp__alpha': 0.001, 'mlp__batch_size': 100, 'mlp__early_stopping': True, 'mlp__hidden_layer_sizes': (25, 25), 'mlp__learning_rate': 'adaptive'}",0.483739837398374,0.47560975609756095,0.5609756097560976,0.4878048780487805,0.47560975609756095,0.4967479674796748,0.032459292321426254,94
74,0.6882664203643799,0.13577526731469466,0.007475566864013672,0.0035425979657437087,0.001,100,True,"(25, 25)",invscaling,"{'mlp__alpha': 0.001, 'mlp__batch_size': 100, 'mlp__early_stopping': True, 'mlp__hidden_layer_sizes': (25, 25), 'mlp__learning_rate': 'invscaling'}",0.483739837398374,0.47560975609756095,0.5609756097560976,0.4878048780487805,0.47560975609756095,0.4967479674796748,0.032459292321426254,94
75,0.8182085037231446,0.2664993899527376,0.0052223682403564455,0.0005256323828318735,0.001,100,True,"(50, 50)",constant,"{'mlp__alpha': 0.001, 'mlp__batch_size': 100, 'mlp__early_stopping': True, 'mlp__hidden_layer_sizes': (50, 50), 'mlp__learning_rate': 'constant'}",0.5447154471544715,0.5609756097560976,0.5772357723577236,0.4796747967479675,0.532520325203252,0.5390243902439025,0.033283722748713385,31
76,0.7194461822509766,0.16627426047385993,0.005658102035522461,0.0009058085735566783,0.001,100,True,"(50, 50)",adaptive,"{'mlp__alpha': 0.001, 'mlp__batch_size': 100, 'mlp__early_stopping': True, 'mlp__hidden_layer_sizes': (50, 50), 'mlp__learning_rate': 'adaptive'}",0.5447154471544715,0.5609756097560976,0.5772357723577236,0.4796747967479675,0.532520325203252,0.5390243902439025,0.033283722748713385,31
77,0.9485618114471436,0.14199204430637574,0.006144809722900391,0.0011190956617705224,0.001,100,True,"(50, 50)",invscaling,"{'mlp__alpha': 0.001, 'mlp__batch_size': 100, 'mlp__early_stopping': True, 'mlp__hidden_layer_sizes': (50, 50), 'mlp__learning_rate': 'invscaling'}",0.5447154471544715,0.5609756097560976,0.5772357723577236,0.4796747967479675,0.532520325203252,0.5390243902439025,0.033283722748713385,31
78,1.3685064315795898,0.2168740147035041,0.007996034622192384,0.003066745916325986,0.001,100,True,"(75, 75)",constant,"{'mlp__alpha': 0.001, 'mlp__batch_size': 100, 'mlp__early_stopping': True, 'mlp__hidden_layer_sizes': (75, 75), 'mlp__learning_rate': 'constant'}",0.540650406504065,0.5528455284552846,0.540650406504065,0.5203252032520326,0.5365853658536586,0.5382113821138212,0.010474877013597646,37
79,1.5606593132019042,0.21061141834166497,0.0071411609649658205,0.0012812045879405521,0.001,100,True,"(75, 75)",adaptive,"{'mlp__alpha': 0.001, 'mlp__batch_size': 100, 'mlp__early_stopping': True, 'mlp__hidden_layer_sizes': (75, 75), 'mlp__learning_rate': 'adaptive'}",0.540650406504065,0.5528455284552846,0.540650406504065,0.5203252032520326,0.5365853658536586,0.5382113821138212,0.010474877013597646,37
80,1.2530269622802734,0.23714166201266715,0.006621599197387695,0.0017043890182138323,0.001,100,True,"(75, 75)",invscaling,"{'mlp__alpha': 0.001, 'mlp__batch_size': 100, 'mlp__early_stopping': True, 'mlp__hidden_layer_sizes': (75, 75), 'mlp__learning_rate': 'invscaling'}",0.540650406504065,0.5528455284552846,0.540650406504065,0.5203252032520326,0.5365853658536586,0.5382113821138212,0.010474877013597646,37
81,9.129046726226807,0.3570886598524532,0.00526723861694336,0.0008127582369743878,0.001,100,False,"(25, 25)",constant,"{'mlp__alpha': 0.001, 'mlp__batch_size': 100, 'mlp__early_stopping': False, 'mlp__hidden_layer_sizes': (25, 25), 'mlp__learning_rate': 'constant'}",0.516260162601626,0.5203252032520326,0.556910569105691,0.4959349593495935,0.532520325203252,0.524390243902439,0.02007981956947718,73
82,9.09717059135437,0.5851539589242898,0.0049036979675292965,0.0006484752994469865,0.001,100,False,"(25, 25)",adaptive,"{'mlp__alpha': 0.001, 'mlp__batch_size': 100, 'mlp__early_stopping': False, 'mlp__hidden_layer_sizes': (25, 25), 'mlp__learning_rate': 'adaptive'}",0.516260162601626,0.5203252032520326,0.556910569105691,0.4959349593495935,0.532520325203252,0.524390243902439,0.02007981956947718,73
83,10.156486654281617,0.3811463040136578,0.007448387145996094,0.0027077584252571817,0.001,100,False,"(25, 25)",invscaling,"{'mlp__alpha': 0.001, 'mlp__batch_size': 100, 'mlp__early_stopping': False, 'mlp__hidden_layer_sizes': (25, 25), 'mlp__learning_rate': 'invscaling'}",0.516260162601626,0.5203252032520326,0.556910569105691,0.4959349593495935,0.532520325203252,0.524390243902439,0.02007981956947718,73
84,10.576378011703492,0.27820104029032305,0.006445837020874023,0.002529853480253324,0.001,100,False,"(50, 50)",constant,"{'mlp__alpha': 0.001, 'mlp__batch_size': 100, 'mlp__early_stopping': False, 'mlp__hidden_layer_sizes': (50, 50), 'mlp__learning_rate': 'constant'}",0.540650406504065,0.5203252032520326,0.540650406504065,0.5,0.5040650406504065,0.5211382113821138,0.017322988416798798,82
85,10.698383331298828,0.5934669476088471,0.00518951416015625,0.0002253553597846656,0.001,100,False,"(50, 50)",adaptive,"{'mlp__alpha': 0.001, 'mlp__batch_size': 100, 'mlp__early_stopping': False, 'mlp__hidden_layer_sizes': (50, 50), 'mlp__learning_rate': 'adaptive'}",0.540650406504065,0.5203252032520326,0.540650406504065,0.5,0.5040650406504065,0.5211382113821138,0.017322988416798798,82
86,10.04964280128479,0.20413142506912185,0.005463552474975586,0.0001424281861005967,0.001,100,False,"(50, 50)",invscaling,"{'mlp__alpha': 0.001, 'mlp__batch_size': 100, 'mlp__early_stopping': False, 'mlp__hidden_layer_sizes': (50, 50), 'mlp__learning_rate': 'invscaling'}",0.540650406504065,0.5203252032520326,0.540650406504065,0.5,0.5040650406504065,0.5211382113821138,0.017322988416798798,82
87,8.658158159255981,0.16967780051293346,0.005858278274536133,0.00013190600056160336,0.001,100,False,"(75, 75)",constant,"{'mlp__alpha': 0.001, 'mlp__batch_size': 100, 'mlp__early_stopping': False, 'mlp__hidden_layer_sizes': (75, 75), 'mlp__learning_rate': 'constant'}",0.5487804878048781,0.573170731707317,0.5813008130081301,0.5,0.516260162601626,0.5439024390243902,0.03152962508888669,4
88,8.779335975646973,0.18051781205657888,0.005682134628295898,5.903671538813498e-05,0.001,100,False,"(75, 75)",adaptive,"{'mlp__alpha': 0.001, 'mlp__batch_size': 100, 'mlp__early_stopping': False, 'mlp__hidden_layer_sizes': (75, 75), 'mlp__learning_rate': 'adaptive'}",0.5487804878048781,0.573170731707317,0.5813008130081301,0.5,0.516260162601626,0.5439024390243902,0.03152962508888669,4
89,8.441329669952392,0.2143041774507877,0.005595684051513672,0.000184667648734875,0.001,100,False,"(75, 75)",invscaling,"{'mlp__alpha': 0.001, 'mlp__batch_size': 100, 'mlp__early_stopping': False, 'mlp__hidden_layer_sizes': (75, 75), 'mlp__learning_rate': 'invscaling'}",0.5487804878048781,0.573170731707317,0.5813008130081301,0.5,0.516260162601626,0.5439024390243902,0.03152962508888669,4
90,0.47429356575012205,0.1296524333106991,0.0049664974212646484,0.00011676076168188185,0.001,auto,True,"(25, 25)",constant,"{'mlp__alpha': 0.001, 'mlp__batch_size': 'auto', 'mlp__early_stopping': True, 'mlp__hidden_layer_sizes': (25, 25), 'mlp__learning_rate': 'constant'}",0.4796747967479675,0.491869918699187,0.4796747967479675,0.37398373983739835,0.4268292682926829,0.4504065040650406,0.04433690472987312,106
91,0.45487327575683595,0.14674124207694828,0.005216073989868164,0.000552297642490982,0.001,auto,True,"(25, 25)",adaptive,"{'mlp__alpha': 0.001, 'mlp__batch_size': 'auto', 'mlp__early_stopping': True, 'mlp__hidden_layer_sizes': (25, 25), 'mlp__learning_rate': 'adaptive'}",0.4796747967479675,0.491869918699187,0.4796747967479675,0.37398373983739835,0.4268292682926829,0.4504065040650406,0.04433690472987312,106
92,0.45598807334899905,0.14596572389086185,0.0050925731658935545,7.615619383006744e-05,0.001,auto,True,"(25, 25)",invscaling,"{'mlp__alpha': 0.001, 'mlp__batch_size': 'auto', 'mlp__early_stopping': True, 'mlp__hidden_layer_sizes': (25, 25), 'mlp__learning_rate': 'invscaling'}",0.4796747967479675,0.491869918699187,0.4796747967479675,0.37398373983739835,0.4268292682926829,0.4504065040650406,0.04433690472987312,106
93,0.526596212387085,0.08689819587090103,0.005350542068481445,8.966433040834419e-05,0.001,auto,True,"(50, 50)",constant,"{'mlp__alpha': 0.001, 'mlp__batch_size': 'auto', 'mlp__early_stopping': True, 'mlp__hidden_layer_sizes': (50, 50), 'mlp__learning_rate': 'constant'}",0.5040650406504065,0.556910569105691,0.524390243902439,0.4959349593495935,0.5284552845528455,0.5219512195121951,0.021293985127981783,79
94,0.522966718673706,0.08739150171762726,0.005397272109985351,0.00015959899959665526,0.001,auto,True,"(50, 50)",adaptive,"{'mlp__alpha': 0.001, 'mlp__batch_size': 'auto', 'mlp__early_stopping': True, 'mlp__hidden_layer_sizes': (50, 50), 'mlp__learning_rate': 'adaptive'}",0.5040650406504065,0.556910569105691,0.524390243902439,0.4959349593495935,0.5284552845528455,0.5219512195121951,0.021293985127981783,79
95,0.5429556369781494,0.09915038375848674,0.005669307708740234,0.0004193706603927497,0.001,auto,True,"(50, 50)",invscaling,"{'mlp__alpha': 0.001, 'mlp__batch_size': 'auto', 'mlp__early_stopping': True, 'mlp__hidden_layer_sizes': (50, 50), 'mlp__learning_rate': 'invscaling'}",0.5040650406504065,0.556910569105691,0.524390243902439,0.4959349593495935,0.5284552845528455,0.5219512195121951,0.021293985127981783,79
96,0.7504393100738526,0.08189738784377099,0.005759239196777344,0.00016878930826200693,0.001,auto,True,"(75, 75)",constant,"{'mlp__alpha': 0.001, 'mlp__batch_size': 'auto', 'mlp__early_stopping': True, 'mlp__hidden_layer_sizes': (75, 75), 'mlp__learning_rate': 'constant'}",0.4959349593495935,0.5447154471544715,0.532520325203252,0.516260162601626,0.556910569105691,0.5292682926829269,0.02141778841027559,61
97,0.749666976928711,0.08821836965703421,0.005766773223876953,8.748910669282796e-05,0.001,auto,True,"(75, 75)",adaptive,"{'mlp__alpha': 0.001, 'mlp__batch_size': 'auto', 'mlp__early_stopping': True, 'mlp__hidden_layer_sizes': (75, 75), 'mlp__learning_rate': 'adaptive'}",0.4959349593495935,0.5447154471544715,0.532520325203252,0.516260162601626,0.556910569105691,0.5292682926829269,0.02141778841027559,61
98,0.716796588897705,0.07066810676690749,0.005427169799804688,0.00018785516529891156,0.001,auto,True,"(75, 75)",invscaling,"{'mlp__alpha': 0.001, 'mlp__batch_size': 'auto', 'mlp__early_stopping': True, 'mlp__hidden_layer_sizes': (75, 75), 'mlp__learning_rate': 'invscaling'}",0.4959349593495935,0.5447154471544715,0.532520325203252,0.516260162601626,0.556910569105691,0.5292682926829269,0.02141778841027559,61
99,4.670099306106567,0.045136759251195695,0.004656600952148438,8.683274042060686e-05,0.001,auto,False,"(25, 25)",constant,"{'mlp__alpha': 0.001, 'mlp__batch_size': 'auto', 'mlp__early_stopping': False, 'mlp__hidden_layer_sizes': (25, 25), 'mlp__learning_rate': 'constant'}",0.516260162601626,0.573170731707317,0.540650406504065,0.491869918699187,0.516260162601626,0.5276422764227642,0.027498430122419114,64
100,4.788410949707031,0.1792851856931196,0.004813861846923828,0.00011534338989504952,0.001,auto,False,"(25, 25)",adaptive,"{'mlp__alpha': 0.001, 'mlp__batch_size': 'auto', 'mlp__early_stopping': False, 'mlp__hidden_layer_sizes': (25, 25), 'mlp__learning_rate': 'adaptive'}",0.516260162601626,0.573170731707317,0.540650406504065,0.491869918699187,0.516260162601626,0.5276422764227642,0.027498430122419114,64
101,5.005665397644043,0.1406633402663421,0.0054282665252685545,0.00039372234810541396,0.001,auto,False,"(25, 25)",invscaling,"{'mlp__alpha': 0.001, 'mlp__batch_size': 'auto', 'mlp__early_stopping': False, 'mlp__hidden_layer_sizes': (25, 25), 'mlp__learning_rate': 'invscaling'}",0.516260162601626,0.573170731707317,0.540650406504065,0.491869918699187,0.516260162601626,0.5276422764227642,0.027498430122419114,64
102,9.424242782592774,0.8904481528832693,0.00563206672668457,0.00018822965476121035,0.001,auto,False,"(50, 50)",constant,"{'mlp__alpha': 0.001, 'mlp__batch_size': 'auto', 'mlp__early_stopping': False, 'mlp__hidden_layer_sizes': (50, 50), 'mlp__learning_rate': 'constant'}",0.540650406504065,0.5365853658536586,0.540650406504065,0.5203252032520326,0.5,0.5276422764227642,0.015722828947816028,64
103,9.279652881622315,0.8901394458339772,0.008213329315185546,0.00541717077943696,0.001,auto,False,"(50, 50)",adaptive,"{'mlp__alpha': 0.001, 'mlp__batch_size': 'auto', 'mlp__early_stopping': False, 'mlp__hidden_layer_sizes': (50, 50), 'mlp__learning_rate': 'adaptive'}",0.540650406504065,0.5365853658536586,0.540650406504065,0.5203252032520326,0.5,0.5276422764227642,0.015722828947816028,64
104,7.628359317779541,0.18226201030200964,0.005621719360351563,0.00012338140966794585,0.001,auto,False,"(50, 50)",invscaling,"{'mlp__alpha': 0.001, 'mlp__batch_size': 'auto', 'mlp__early_stopping': False, 'mlp__hidden_layer_sizes': (50, 50), 'mlp__learning_rate': 'invscaling'}",0.540650406504065,0.5365853658536586,0.540650406504065,0.5203252032520326,0.5,0.5276422764227642,0.015722828947816028,64
105,9.055065488815307,0.3144516784034191,0.01007828712463379,0.004510721236651789,0.001,auto,False,"(75, 75)",constant,"{'mlp__alpha': 0.001, 'mlp__batch_size': 'auto', 'mlp__early_stopping': False, 'mlp__hidden_layer_sizes': (75, 75), 'mlp__learning_rate': 'constant'}",0.5609756097560976,0.5650406504065041,0.5447154471544715,0.5203252032520326,0.5203252032520326,0.5422764227642276,0.019170448979758684,13
106,9.249129343032838,0.5377816564609735,0.0051552772521972655,0.0014264639607733459,0.001,auto,False,"(75, 75)",adaptive,"{'mlp__alpha': 0.001, 'mlp__batch_size': 'auto', 'mlp__early_stopping': False, 'mlp__hidden_layer_sizes': (75, 75), 'mlp__learning_rate': 'adaptive'}",0.5609756097560976,0.5650406504065041,0.5447154471544715,0.5203252032520326,0.5203252032520326,0.5422764227642276,0.019170448979758684,13
107,6.074214267730713,0.6322088014184596,0.0026622295379638674,0.00045387542453339803,0.001,auto,False,"(75, 75)",invscaling,"{'mlp__alpha': 0.001, 'mlp__batch_size': 'auto', 'mlp__early_stopping': False, 'mlp__hidden_layer_sizes': (75, 75), 'mlp__learning_rate': 'invscaling'}",0.5609756097560976,0.5650406504065041,0.5447154471544715,0.5203252032520326,0.5203252032520326,0.5422764227642276,0.019170448979758684,13
