0.42278999999999994,0.2875,0.61869,0.00055464,0.00033792,6.959e-05,-0.20619,-0.35854,0.24761999999999998,0.00030236,0.0067023,0.0036534999999999996,0.0017134000000000001,0.00020157,0.0054172,0.0042582,0.022198,2.0514,2.5519,2.316,2.3541,2.5357,2.1138
0.62298,0.32971,0.64548,4.6847e-11,3.6632e-10,1.4379e-09,1.4537,-0.19904000000000002,1.016,0.00055432,0.011792,0.0063747,0.0010331,0.00088188,0.011238,0.0077101,0.0048629,3.2999,2.9041,3.0542,3.2306,3.5249,3.1721
0.32228,0.079542,0.44337,0.001291,3.1884e-06,0.00036251,-1.7986,-1.4232,0.25382,0.00042834,0.00577,0.0027716,0.0013354,0.00057952,0.005719600000000001,0.0028472,0.024995,1.9888,2.6982,1.8431,1.9909999999999999,3.1088,2.1385
0.56871,0.21775999999999998,0.4995,3.5910999999999996e-10,2.6883000000000003e-05,1.2716e-05,-0.041188999999999996,1.0778,-0.32786,0.00045354,0.0027968000000000003,0.0010331,0.0018645,5.0393000000000004e-05,0.001663,0.001663,0.034922,0.5188,0.64357,1.0761,1.0758,0.97288,0.96434
0.62011,0.11101,0.89799,2.8701e-11,1.9063999999999997e-10,2.7255e-09,1.2564,0.8790399999999999,0.1437,0.00050393,0.0082392,0.0060723,0.001285,0.00062991,0.0078613,0.007055,0.0128,2.2253,2.3923,1.3031,2.674,3.1532,2.7848
0.62725,0.38915,0.48981,0.00028181,0.0063669,0.00011159999999999999,0.36409,1.0882,0.81155,0.00020157,0.004560600000000001,0.0018897000000000002,0.0014866,0.00042834,0.0040566000000000005,0.0020913,0.029731999999999998,1.6967,1.103,1.4663,1.7493,1.072,1.4552
0.61214,0.41873,0.7855800000000001,9.1553e-11,3.5547e-07,1.0166e-07,0.20198,-1.432,-1.2442,0.00017638,0.0081389,0.0022174,0.0013859000000000002,0.00052915,0.0068286,0.0031749,0.021998,3.1266,2.3328,1.6992,3.2166,2.3942,2.5146
0.59449,0.5596300000000001,0.6269100000000001,6.076799999999999e-10,1.8206e-07,2.0215999999999998e-07,0.85316,0.27101,0.72091,0.00060472,0.0059716000000000005,0.0024441,0.0013858,0.00052913,0.0057951999999999995,0.0025196,0.025196,2.8307,2.1125,2.3317,2.9296,2.767,2.5517
0.5868,0.36613,0.9349299999999999,4.7530000000000004e-12,6.984700000000001e-10,1.0856000000000001e-10,-0.9406200000000001,-0.14403,-0.38384,0.00078109,0.011238,0.007181,0.0012345999999999998,0.0006803,0.0097762,0.008188899999999999,0.0053668,3.3501,3.2953,2.9287,3.1837,3.2277,3.0994
0.069776,0.30346999999999996,0.8947799999999999,2.8329e-09,3.7681e-07,7.4742e-08,-0.39029,0.13394,0.5394399999999999,0.00015118,0.0045354,0.0037039,0.0013606,0.00055432,0.0039055,0.0036030999999999997,0.026632999999999997,2.9523,3.4071,3.3401,3.1914,3.0839999999999996,3.1355
0.5615,0.29958,0.73774,4.5744999999999996e-07,9.7555e-05,2.0324e-05,-0.30989,1.4634,-0.95224,0.00030236,0.00577,0.0042582,0.0015874,0.00032755,0.0050897,0.004611,0.0225,1.1146,1.3737,1.1663,1.2364,1.1078,1.0776
0.61844,0.16267,0.7035600000000001,1.532e-09,1.2088e-08,2.2491e-07,-0.18916,-0.71158,0.9549200000000001,0.00030236,0.0091715,0.0038551,0.0015622,0.00035275,0.0078613,0.0041322,0.017209000000000002,2.9158,3.2812,2.0668,3.2026,3.5264,2.6310000000000002
0.5454,0.20699,0.8201799999999999,1.7355e-08,2.3815e-06,2.2202000000000003e-08,0.00025576,1.3559999999999999,-0.39814,0.00052913,0.0086424,0.0051148999999999995,0.0015622,0.00035275,0.008592,0.0053668,0.014286000000000002,2.4082,2.6212,2.1129,2.3103,3.0839999999999996,3.0821
0.43533,0.071729,0.99236,0.00043207,3.3501999999999994e-07,1.7005e-06,0.034154000000000004,-2.3155,-1.1437,0.00050393,0.007004600000000001,0.0042078,0.0015874,0.00032755,0.0064754999999999995,0.0053417000000000004,0.018997999999999998,2.1736,1.5814,3.2434,2.0607,1.6809,2.1895
0.60105,0.32179,0.81371,1.5393e-10,6.3544e-09,4.2898999999999994e-09,-3.0721,-0.057944,0.48295,0.00025199,0.0042082000000000005,0.00045358,0.0018395,7.5597e-05,0.0026711,0.0017638999999999999,0.033187,1.3139,0.54895,0.7177600000000001,2.1711,2.4829,2.0751
0.63488,0.37882,0.43833999999999995,2.5710999999999997e-11,2.4838e-08,5.914199999999999e-09,-0.3842,-1.3121,-0.19735,7.5597e-05,0.0014615000000000001,0.00075597,0.0017387000000000001,0.00017639,0.0016379,0.00062997,0.037975,0.6781,2.8039,2.4764,1.3268,3.6626,3.4946
0.61517,0.14363,0.8265299999999999,5.506800000000001e-07,2.0413e-06,6.6478e-09,-1.4777,-0.8246600000000001,1.0573,0.00027716,0.0077856999999999996,0.005140100000000001,0.0012598,0.00065511,0.0064754999999999995,0.006399899999999999,0.016453,3.2255,2.9047,1.5764,3.3715,3.2264,3.22
0.60852,0.48015,0.66791,6.6883e-12,9.3001e-09,6.227600000000001e-09,-0.077167,-0.65485,1.5126,0.0001008,0.0018647000000000002,0.00020159,0.0018395,7.5597e-05,0.0010332000000000002,0.0010835999999999999,0.038252,2.1738,0.5946100000000001,0.9435399999999999,2.2892,2.1963,1.2479
0.056441,0.57181,0.38348000000000004,2.1379000000000002e-09,1.8659e-06,1.166e-07,-0.12787,0.1152,0.61574,0.00042834,0.0051905,0.0036030999999999997,0.0014614,0.00045354,0.0048881,0.0036030999999999997,0.024819,2.7464,2.3307,1.839,2.7955,2.6793,2.9192
0.62332,0.3762,0.83009,1.8426e-12,1.5634999999999997e-08,2.8289999999999997e-08,0.8907299999999999,-0.54569,-0.15158,0.00035275,0.0087936,0.0048125,0.0014614,0.00045354,0.0075588999999999995,0.006022,0.014991999999999998,3.0435,1.8563,1.4413,3.3191,2.8319,2.6897
0.5875,0.67333,0.5905699999999999,3.5984e-09,0.00038864,2.393e-05,-0.18935,-0.007443099999999999,0.46188,0.00027716,0.0064754999999999995,0.0026456,0.0013606,0.00055432,0.006299100000000001,0.0034519,0.023382,2.7911,2.5997,2.9151,2.8480000000000003,2.623,2.7757
0.61756,0.52699,0.6825899999999999,3.7969e-09,2.245e-05,1.1422000000000001e-08,0.35916,-0.46185,0.048518,0.00020158,0.006727800000000001,0.0018142,0.0016378,0.00027717,0.005593899999999999,0.0028221,0.025374,2.467,2.7604,3.1773,3.4273,3.0231,3.455
0.61369,0.31315,0.8422,8.8567e-12,3.8754e-09,2.3242e-09,-1.0598,0.46462,0.82378,0.00083148,0.010205,0.0068281999999999995,0.001285,0.00062991,0.010179,0.0081385,0.0063495,3.3159,3.4832,3.2739,3.2849,3.5186,3.3216
0.62553,0.60829,0.68553,5.4083000000000004e-05,0.0034527,0.00041992,-0.70077,-0.84291,0.18107,0.00020157,0.0031244,0.0018645,0.0016378,0.00027716,0.0034266999999999995,0.0024693000000000002,0.031445,2.2343,1.517,1.4797,2.3123,1.8647,1.6768
0.5533100000000001,0.9546,0.64882,1.0377999999999999e-09,3.8773e-05,7.6952e-06,0.05651900000000001,-0.36089,-0.2736,0.00042834,0.0041322,0.0024693000000000002,0.0014866,0.00042834,0.0034266999999999995,0.0025951999999999998,0.029480000000000003,0.79097,0.85583,0.82476,1.7861,1.4037,1.208
0.71628,0.087144,0.18262,0.002802,2.7227999999999996e-06,0.0028175,-0.65275,0.15195,1.1051,0.00027719,0.0049138,0.00065517,0.0016631,0.00025199,0.0035277999999999998,0.0015370999999999998,0.031625,1.0592,1.2538,1.84,1.1471,1.4380000000000002,1.2611
0.57909,0.35701,0.85961,1.6673e-11,4.7199e-09,4.825e-11,-0.6220600000000001,0.64035,1.1133,0.00065511,0.009675399999999999,0.0056188,0.001285,0.00062991,0.0085164,0.0067527,0.011313,1.7089,1.6265,1.3308,3.0795,3.0743,2.9087
0.6185,0.60383,0.9100799999999999,3.314e-12,1.6631000000000002e-08,2.9546e-11,-0.30033000000000004,-0.24094000000000002,0.27043,0.00047876,0.009953100000000001,0.0035277,0.0013859000000000002,0.00052915,0.0083404,0.0057703,0.014463,1.4987,1.0859999999999999,0.58681,2.3442,2.4787,1.7137
0.62124,0.84403,0.25361,1.0985e-06,5.9075e-05,0.00035588,-0.88449,0.86467,0.26366,0.00027716,0.0025196,0.0043338000000000005,0.0017385999999999999,0.00017638,0.003074,0.0051653,0.027162000000000002,2.3623,2.1724,2.2341,2.3154,1.5698,2.0661
0.54114,0.14629,0.7593300000000001,5.1502999999999995e-09,3.1707e-08,2.4476e-06,-0.6835600000000001,-0.1017,2.2466,0.00040314,0.0061478999999999995,0.0037795000000000003,0.0014866,0.00042834,0.0056692,0.004081800000000001,0.02245,2.3964,1.6349,3.1933,1.2596,2.4369,3.2129
0.0,0.0,0.19577999999999998,0.0,0.0,2.7380999999999998e-05,0.0,0.0,0.12738,0.00065511,0.01154,0.0023180999999999996,0.0011338,0.00078109,0.012371,0.0032251,0.012422,2.6861,2.5681,2.6218,3.0846,2.9879,3.1095
0.5729,0.97949,0.64762,2.4619e-12,2.2106e-10,1.5521999999999999e-09,-1.0027,0.58154,-0.30662,0.00042834,0.010028,0.0058456,0.001285,0.00062991,0.0084156,0.0071054,0.010709,1.5902,1.6038,0.9401700000000001,2.931,2.6743,2.5662
0.42091999999999996,0.17562,0.72307,0.00033715,9.1379e-05,0.00019669,0.35172,0.10409000000000002,0.10101,0.00075589,0.012623,0.0053668,0.00098266,0.00093227,0.012019,0.0046613,0.0071054,3.3236,3.6171,3.0015,3.2646,3.5860000000000003,3.3498
0.63246,0.7045600000000001,0.72004,2.735e-14,9.9606e-10,4.3527e-09,0.69418,0.25451999999999997,0.23758,0.00037797,0.008995600000000001,0.0032505000000000004,0.0014111,0.00050395,0.0081137,0.0044096000000000005,0.017386000000000002,2.3397,0.98688,1.0053,2.8044,2.608,2.1304
0.57225,0.63085,0.50838,3.156e-08,1.1955999999999999e-05,2.7077999999999997e-06,0.23838,-1.6329,0.34996,0.00035275,0.0033006999999999997,0.0025196,0.0018393,7.5589e-05,0.002696,0.0030236,0.030639,1.9584,1.601,1.8739,2.0044,1.6249,2.1223
0.67579,0.34504,0.39797,2.5204e-06,1.262e-05,2.4016999999999997e-05,-0.40231999999999996,0.44901,-0.020069999999999998,0.00060472,0.012195000000000001,0.0033006999999999997,0.0013858,0.00052913,0.011262999999999999,0.0038803000000000006,0.011288,3.1596,2.8753,3.1035,3.7293,2.76,3.2644
0.60527,0.7843899999999999,0.68479,6.5363e-13,4.5551000000000005e-09,9.0793e-10,-0.7426699999999999,0.34201,-0.27325,0.00052913,0.009398299999999998,0.0052661,0.001159,0.00075589,0.009196700000000002,0.0054676,0.012674,2.0245,1.6709,1.294,2.9913,2.8236,2.7167
0.60224,0.7314,0.46975,1.7350000000000002e-12,6.0391e-08,4.8033000000000004e-08,-0.75717,-0.78183,-0.22107,0.00060472,0.011817,0.0063495,0.001285,0.00062991,0.009977799999999998,0.0079117,0.0058708,3.1499,2.6006,2.4473,3.4010000000000002,3.1407,3.0219
0.15730999999999998,0.32632,0.34671,0.00089391,0.00012818,0.00013535,-0.29786,0.8229,0.30641,0.00055432,0.0080125,0.0048629,0.0013858,0.00052913,0.006626699999999999,0.006299100000000001,0.016176,2.5581,3.0195,2.7737,3.2923,2.9738,2.9454
0.59706,0.52163,0.60672,1.8630000000000004e-12,5.2196e-10,8.7518e-10,1.6763,0.27905,-0.80945,0.00027716,0.0084156,0.005140100000000001,0.001159,0.00075589,0.0075337,0.005568399999999999,0.015597,1.2665,0.87492,0.6090399999999999,2.5299,2.3451,1.8597
0.59227,0.66273,0.52341,4.6863e-11,4.5298e-06,3.1903000000000004e-08,0.47833000000000003,-0.078514,-1.7218,0.00052913,0.0048881,0.0035023000000000003,0.0012598,0.00065511,0.004636199999999999,0.0039055,0.02507,1.3387,1.1874,0.6531100000000001,1.7,1.5077,2.0168
0.34376999999999996,0.13119,0.5988399999999999,0.00016302,2.5752999999999997e-06,0.00012105,0.8135100000000001,-1.5912,-1.8959,0.00062991,0.012472,0.0027968000000000003,0.0013102,0.00060472,0.01028,0.0039055,0.012447,3.2933,3.5658,3.28,3.5315,3.7229,3.3289
0.57097,0.31729,0.6008,1.0170000000000001e-10,5.3669e-06,3.7069e-06,-0.36243000000000003,1.9999,-0.57531,0.00045354,0.0067527,0.0034015,0.001411,0.00050393,0.006324300000000001,0.0037290999999999995,0.021871,0.79446,0.9607399999999999,0.7815300000000001,0.69762,1.7427,1.6592
0.6187199999999999,0.28881999999999997,0.43599,0.00022892,4.8213e-05,0.00057925,0.23644,0.21235,1.0663,0.00040314,0.006500700000000001,0.0038047,0.001411,0.00050393,0.0059716000000000005,0.0045354,0.021315999999999998,2.9098,2.5377,3.025,3.1557,2.6516,2.6722
0.57817,0.4261,0.7046100000000001,0.0036607,0.00041929,1.6153e-05,2.3092,1.0812,0.11242,0.00052913,0.0045858,0.0023937,0.0016378,0.00027716,0.0041322,0.002822,0.028069,2.2105,2.1039,2.5647,1.8399,2.6817,2.7376
0.59768,0.59331,0.79906,1.9546e-14,1.0027e-09,1.5364e-08,-0.22626999999999997,0.1558,-0.51199,0.00065511,0.011036,0.0057951999999999995,0.001159,0.00075589,0.009877,0.0073574,0.007810899999999999,2.374,1.9457,1.6398,3.3623,3.0246,2.6337
0.5945699999999999,0.61131,0.66762,6.223e-12,1.7192e-08,1.3283e-09,-0.099495,0.12105,-0.27715,0.0006803,0.011187,0.0050393,0.0011338,0.00078109,0.01212,0.0067023,0.006803,2.3906,2.3798,1.8454,3.3297,3.2909,2.4642
0.5754199999999999,0.2277,0.94499,7.5379e-11,6.9876e-10,1.9911e-09,0.19503,0.75295,0.54543,0.00050393,0.009977799999999998,0.0068281999999999995,0.001411,0.00050393,0.0099022,0.0080377,0.0072818,3.1102,3.0046,2.8862,2.9229,3.5255,3.4548
0.58829,0.22728,0.7451,1.5583e-07,1.9802e-05,3.1604e-05,-0.6181399999999999,1.4418,-2.6606,0.00027716,0.0036787,0.0014362,0.0016125999999999998,0.00030236,0.0042582,0.0018393,0.031042,1.4651,2.5641,1.9656,1.1987,2.0872,2.0131
0.56716,0.90104,0.8283200000000001,1.4403e-13,3.6207e-09,5.8707e-10,0.74983,0.13497,0.28645,0.00057952,0.011187,0.0064754999999999995,0.0011842,0.0007307,0.010104,0.007231399999999999,0.0069542,2.1459,3.4842,3.3924,3.122,3.3957,3.3829
0.27842,0.28502,0.64183,0.0020643000000000002,0.00051635,0.00089367,-1.1145,-0.13235,0.85515,0.00057952,0.0093731,0.0023180999999999996,0.0018645,5.0393000000000004e-05,0.0075337,0.0026456,0.020082,2.2271,2.2623,2.1659,2.0798,2.6058,2.5207
0.45386000000000004,0.16530999999999998,0.85449,0.0013013,5.6396999999999996e-05,0.00054602,0.7703399999999999,-0.06359400000000001,0.8239299999999999,0.00015118,0.0034266999999999995,0.0033006999999999997,0.0015874,0.00032755,0.0037543,0.0028472,0.029051999999999998,1.6306,1.9213,2.2392,1.8735,2.0028,2.3182
0.66091,0.64261,0.3976,9.332399999999999e-11,2.9866000000000004e-08,3.9862e-09,0.54492,-1.3456,1.2902,0.00065511,0.011011,0.005644,0.0010079000000000002,0.00090707,0.009977799999999998,0.0067779,0.008466,2.8803,2.6467,1.6271,3.4073,3.1364,2.9502
0.57826,0.51557,0.54782,1.3915999999999998e-09,4.8841e-05,1.4409e-05,-0.18133,0.092923,-0.63435,0.00030236,0.006626699999999999,0.0036030999999999997,0.0016378,0.00027716,0.0060975000000000005,0.0034266999999999995,0.022475,2.8215,2.7028,2.9246,3.1281,2.9319,2.8962
0.59435,0.79445,0.7832899999999999,7.506399999999999e-11,2.4624e-06,1.3169e-08,0.008590500000000001,0.25713,-0.096451,0.00025196,0.0091715,0.0047621,0.0013606,0.00055432,0.008188899999999999,0.0064251,0.013732,3.1417,2.823,2.1024,3.5345,3.3905,2.9937
0.65142,0.61459,0.54611,6.4128e-05,0.00045344,0.0013315,-2.0502,-0.41016,2.1123,0.00047873,0.003930599999999999,0.0025448,0.001537,0.00037795,0.0031244,0.0031496,0.029302999999999996,2.23,1.7076,2.695,2.699,2.2461,1.9167
0.58428,0.46374,0.59086,3.7269e-11,3.8625999999999997e-07,8.5438e-09,0.38344,-0.51447,-0.2857,0.00040314,0.01086,0.0056188,0.0011842,0.0007307,0.009650200000000001,0.0061731,0.009826600000000001,1.7133,3.145,2.5798,2.533,3.4982,3.3148
0.56686,0.56495,0.87513,5.0725e-13,5.8560000000000005e-09,1.1514e-09,-0.88495,0.84234,-0.48398,0.00020159,0.011188,0.0022930999999999997,0.0013607,0.00055438,0.0088196,0.0042838,0.015749000000000003,2.386,1.7655,1.1919,3.4612,2.8311,2.5768
0.61825,0.69963,0.45407,5.6352e-11,2.0467e-05,3.1049e-08,-0.26716999999999996,-0.28933000000000003,0.43046,0.00030237,0.0088696,0.0021166,0.0015119,0.00040316,0.0066018,0.0038804,0.020763,2.2582,2.4371,1.5942,2.063,2.7447,2.8758
0.60168,0.53497,0.60759,1.8897999999999998e-10,3.329e-06,4.1586000000000005e-05,0.7236199999999999,1.1075,-0.21227,0.00017639,0.0015370999999999998,0.00045358,0.0018143,0.0001008,0.00098276,0.00060477,0.038781,0.52696,0.7722899999999999,0.7047899999999999,0.31121,1.2891,0.67888
0.55337,0.25563,0.66184,1.2996e-10,4.985e-09,3.3289e-10,-0.23895999999999998,0.22211999999999998,-0.14257999999999998,0.00088188,0.011994,0.0067779,0.001159,0.00075589,0.0099274,0.0081385,0.0048125,3.1937,3.4386,3.2768,3.2999,3.4662,3.484
0.5694,0.8507399999999999,0.79611,1.5965e-13,9.3946e-09,1.5697e-10,-0.3813,0.6313,0.40485,0.00065511,0.011439,0.0060472,0.0011086,0.00080629,0.009977799999999998,0.0073826000000000004,0.0070298,3.0741,2.8161,1.9056,3.1185,2.9245,2.7711
0.5746600000000001,0.5869800000000001,0.65598,2.6471999999999998e-11,9.390700000000001e-09,7.084399999999999e-09,-0.55748,1.2975,-0.0055528,0.00052913,0.008440799999999998,0.005392,0.0013606,0.00055432,0.009196700000000002,0.005492800000000001,0.01348,1.4040000000000001,2.1899,1.6312,2.4928,3.4994,2.861
0.58824,0.47146000000000005,0.4382,1.3819000000000002e-11,9.5783e-10,2.3368999999999997e-11,3.4597,-1.9454,0.07484500000000001,0.00040314,0.0059212,0.0033006999999999997,0.0014614,0.00045354,0.0070298,0.0042582,0.021619,1.081,0.9447399999999999,0.4677,2.1789,1.9847,1.2178
0.67274,0.41226,0.50334,1.0401e-07,2.334e-05,0.0012511,0.5913,0.10300000000000001,0.29562,0.00047873,0.005568399999999999,0.0028724,0.0015874,0.00032755,0.0033763000000000005,0.0051905,0.025044999999999998,1.8258,2.2808,2.0828,2.6313,2.2352,2.2683
0.6119600000000001,0.11775999999999999,0.8350700000000001,2.4027e-12,2.4115e-11,1.0683e-09,9.469e-15,0.056260000000000004,0.08431699999999999,0.00042836,0.008164,0.0027969,0.0012599,0.00065514,0.007307300000000001,0.0040064,0.019831,1.7968,2.0125,1.0577,1.9764,2.6634,1.067
0.27342,0.017221,0.7924800000000001,0.0042331,4.3177e-07,0.00021852,1.0622,1.6479,0.15004,0.00027719,0.0031750999999999997,0.0010584000000000001,0.0016883,0.00022679,0.0027215,0.0017890999999999998,0.033514999999999996,1.6403,1.6840000000000002,1.6262,1.4081,1.7933,1.7069999999999999
0.5737300000000001,0.39897,0.53225,1.8815e-05,5.6942e-06,1.5972e-05,-0.036012999999999996,-0.99808,-1.0158,0.00015119,0.0042584,0.0013607,0.0014867,0.00042836,0.004334,0.0019906,0.030438999999999997,1.2312,1.0223,1.1345,0.84575,1.3667,0.94234
0.51515,0.043137,1.0,1.2276999999999997e-92,1.9182999999999994e-96,0.0,0.0,0.0,0.0,0.0001008,0.00030239,0.00015119,0.0018143,0.0001008,0.00030239,0.00015119,0.041527999999999995,0.0,0.0,0.0,0.0,0.0,0.0
0.57082,0.60901,0.6271800000000001,3.0423000000000004e-10,4.0693e-06,6.767000000000001e-06,1.3465,1.6659,-0.26011,0.00020158,0.0041576,0.0016882000000000002,0.0015875,0.00032757,0.0035529000000000003,0.0022426,0.030691000000000003,1.0375,0.64942,1.3227,1.5533,0.7146899999999999,1.1912
0.68138,0.36607,0.76142,3.6352e-14,3.3037e-09,8.985800000000001e-10,-1.0426,0.37959,0.32813000000000003,0.0006803,0.01023,0.0048376999999999995,0.0014614,0.00045354,0.0092975,0.006979399999999999,0.010506999999999999,2.1746,2.4383,1.8389,2.9956,3.2554,2.6188
0.5591,0.35176,0.71644,1.7723e-09,2.2159e-06,2.8852000000000003e-08,0.46563999999999994,0.3772,0.76944,0.00010079,0.0047621,0.0033006999999999997,0.0013606,0.00055432,0.0050141000000000005,0.0030236,0.026330000000000003,3.3695,2.5234,3.1156,3.6936,3.1924,3.272
0.61673,0.78259,0.67185,2.7311e-05,0.0042702,8.4584e-05,-1.597,0.55611,-0.22851,0.00032755,0.0020157,0.0014362,0.0016378,0.00027716,0.0021165,0.0013858,0.03525,1.1334,1.3069,0.82514,1.1051,1.0866,1.2117
0.5241100000000001,0.33510999999999996,0.71711,5.798e-05,0.0012511,0.0027109,0.056211000000000004,-0.78187,-0.067984,0.00055432,0.0061227,0.0039055,0.0015622,0.00035275,0.0059716000000000005,0.0043841999999999996,0.021593,2.3569,2.3465,2.4441,2.4299,2.3967,2.3396
0.58904,0.30577,0.9167,4.3787e-12,3.5714999999999995e-10,1.4551e-10,-0.57648,0.0293,-0.33102,0.00080629,0.011691,0.006727500000000001,0.0010834000000000002,0.00083148,0.010482,0.007987300000000001,0.0048376999999999995,3.3232,3.2404,2.6671,3.5787,2.9617,3.4584
0.58543,0.32585,0.82581,3.6543999999999997e-09,1.5541e-05,1.8889e-05,-0.47863,1.4144,-0.86524,0.00052913,0.0031496,0.00088188,0.0017889,0.00012598,0.0023937,0.0018645,0.033713,0.66419,1.2896,0.5150399999999999,0.89192,1.4899,1.058
0.42498,0.11467000000000001,0.32350999999999996,0.0014792,7.648899999999999e-05,7.8965e-05,0.30735999999999997,0.42918999999999996,1.1688,0.00037795,0.0071054,0.0049385,0.0014866,0.00042834,0.0068786,0.0050645,0.018167,2.2239,2.4385,2.2266,3.1859,2.8052,2.9037
0.56506,0.51307,0.7448199999999999,6.494199999999999e-11,3.612e-08,3.1339e-08,0.42328999999999994,0.034095,0.16584000000000002,0.0006803,0.0092723,0.0061478999999999995,0.0011842,0.0007307,0.007231399999999999,0.007080199999999999,0.01212,3.035,3.1202,3.2030000000000003,3.5006,3.3363,2.5976
0.55955,0.98075,0.66186,3.9477e-12,2.1442e-10,4.2925e-09,-0.13473,0.75468,-1.6642,0.0007055,0.009574700000000002,0.005215699999999999,0.0013102,0.00060472,0.0084912,0.0071054,0.011439,1.7511,1.2699,1.2112,2.8741,2.5449,2.1946
0.57897,0.16483,0.76815,1.3319999999999998e-08,6.7071e-07,4.5565e-08,-1.0679,0.7533,-0.53308,0.00055432,0.010079000000000001,0.0074078,0.0011086,0.00080629,0.0080881,0.0082896,0.0081133,3.1792,3.1312,1.7817,3.5813,3.4849,3.0681
0.62763,0.31965,0.71032,3.6842e-08,5.543600000000001e-07,1.3908e-06,0.34763,0.9382799999999999,-0.14892,0.00050393,0.0094991,0.0056188,0.0013102,0.00060472,0.008718,0.0060723,0.01212,1.1291,1.4031,1.3616,2.4677,2.0085,1.9104
0.49475,0.015131,0.9217200000000001,0.00066078,6.6773e-10,1.5784e-10,1.6542,-0.10081,1.0583,0.00032757,0.0078113,0.0033009,0.0014867,0.00042836,0.007080500000000001,0.0045104,0.019503,1.3931,1.0742,0.41725,2.3181,2.1528,1.2632
0.22173,0.008538500000000001,0.9390200000000001,0.0011140999999999998,6.4508e-09,0.00011870000000000001,-1.5245,-1.3854,-0.42622,0.00017638,0.0020662,0.0010583,0.001663,0.00025198,0.0020662,0.00088192,0.036285000000000005,1.1176,1.2324,1.0233,1.4069,0.9588700000000001,0.8417
0.31219,0.34076999999999996,0.4273,2.0935e-06,4.2803e-05,0.00023207,0.27163000000000004,1.7432,-1.8498,0.00052913,0.006803,0.004359,0.0016378,0.00027716,0.007004600000000001,0.0048125,0.019022999999999998,3.3446,2.4411,3.1210000000000004,3.5418,2.5860000000000003,3.1349
0.60746,0.43493999999999994,0.7047899999999999,5.8294e-11,4.8660000000000005e-06,5.9624e-06,0.022646,0.8537399999999999,-0.36735,0.00050393,0.010079000000000001,0.0050393,0.001285,0.00062991,0.009675399999999999,0.0053417000000000004,0.011893,3.4159,3.1717,3.2933,3.5969,3.2315,3.534
0.62268,0.2901,0.71104,3.3565e-05,8.2401e-05,3.54e-05,-0.79905,-0.10328,1.1277,0.00030236,0.0089196,0.005392,0.0012598,0.00065511,0.0084912,0.0064754999999999995,0.012950999999999999,2.9501,2.3805,2.3572,3.4019,2.9463,3.1626
0.6049899999999999,0.33916,0.48606000000000005,1.0025e-09,9.903100000000001e-08,5.5756e-08,0.28970999999999997,-1.2791,1.2929,0.00055432,0.0091463,0.0056944,0.0012094,0.0007055,0.0083904,0.006551100000000001,0.012195000000000001,1.1014,0.36937,0.22744,3.0222,1.5104,2.2338
0.58591,0.71328,0.65467,7.5258e-06,2.1723000000000002e-05,0.00011613,0.011665,0.08656699999999999,-0.95034,0.00042834,0.007962100000000001,0.004913300000000001,0.0012345999999999998,0.0006803,0.0075588999999999995,0.0052913000000000005,0.016378,1.7069,1.6238,1.7781,1.2656,1.1987,3.3207
0.39098,0.15252000000000002,0.64968,0.00073437,0.00036461,7.0002e-05,0.030282,-0.39543,-0.43768,0.00057952,0.0091715,0.006500700000000001,0.001285,0.00062991,0.009398299999999998,0.0064754999999999995,0.010406,3.0835,2.7591,2.9015,2.7955,2.7475,2.6583
0.56509,0.24036,0.8640899999999999,1.6931e-10,3.3125999999999996e-07,4.3531e-08,-0.43415,-1.0489,-0.19877,0.00060472,0.0094487,0.0058456,0.0011338,0.00078109,0.007962100000000001,0.0072566,0.011414,2.8672,2.5692,2.0653,3.5195,3.0216,3.5083
0.62071,0.35225,0.65442,3.8365e-11,3.9373000000000005e-09,6.6109e-10,-1.3007,0.73728,2.3495,0.00075589,0.0080629,0.006324300000000001,0.001663,0.00025196,0.0077856999999999996,0.006929,0.012674,1.1075,1.7969,1.3493,2.9805,3.4765,2.9831
0.53897,0.25029,0.2988,7.110600000000001e-07,9.9557e-06,3.0511e-05,0.015884,0.46783,0.094207,0.00032755,0.00577,0.003074,0.0016378,0.00027716,0.0059212,0.0037795000000000003,0.023659,2.5275,2.4916,2.7363,2.307,2.5783,2.4977
0.29016,0.13485999999999998,0.75503,4.5024e-06,9.4543e-09,7.4372e-08,-1.3277,-0.072152,0.44932,0.00040314,0.0064503,0.0029732,0.0014866,0.00042834,0.005392,0.0045858,0.022727,2.8067,2.8015,3.3765,3.2478,2.2221,3.4915
0.58825,0.6279899999999999,0.79203,4.9155e-11,7.0119e-11,9.744000000000001e-09,1.49,0.55866,0.22716999999999998,0.00037797,0.010583,0.0042332,0.0012347,0.00068034,0.0078869,0.006249,0.013203999999999999,2.1875,1.4827,1.1393,2.4213,2.5551,2.129
0.31598000000000004,0.26465,0.5433600000000001,3.6551999999999997e-06,2.2715999999999998e-07,3.5264999999999996e-06,-2.1151,-1.431,0.28831999999999997,0.00052913,0.0048125,0.0022677,0.0017134000000000001,0.00020157,0.0043841999999999996,0.0030236,0.027514999999999998,2.9411,2.5043,3.0374,2.0799,2.4895,2.4901
0.62128,0.41257,0.73446,2.0921e-11,1.1351e-08,4.2638e-08,-1.2292,-0.10822000000000001,0.0035009999999999998,0.00037795,0.0082896,0.0044346,0.0011842,0.0007307,0.007684899999999999,0.005140100000000001,0.016604,2.9338,2.4252,1.6498,3.5264,3.0581,2.1389
0.42178999999999994,0.42286999999999997,0.17967,0.0045153,0.0011607000000000002,0.00025350000000000004,-0.46986000000000006,-0.36203,-1.3569,0.00042834,0.0036030999999999997,0.0010079000000000002,0.0017134000000000001,0.00020157,0.002696,0.0018141,0.032982,2.057,1.6119999999999999,1.8657,2.0951,1.5466,1.7161
0.45991000000000004,0.6103,0.15054,1.1326e-05,0.00010517,4.6331999999999996e-05,-0.9350799999999999,0.044049,1.2886,0.00062991,0.0037039,0.0034771,0.001663,0.00025196,0.0013858,0.0046613,0.028674,1.973,1.7156,2.0017,2.0755,0.84098,1.5196
0.59591,0.44941000000000003,0.82795,2.841e-08,4.4505e-05,3.5491999999999995e-07,0.75007,0.39774,0.49173999999999995,0.00045354,0.0049637,0.0034519,0.0016125999999999998,0.00030236,0.0039558,0.0042582,0.025448,2.8294,2.8960000000000004,2.6024,2.9819,2.6917,2.8739999999999997
0.60063,0.80284,0.6746300000000001,3.2121e-13,1.3175e-09,2.581e-09,0.19666,-0.004182899999999999,0.79001,0.00032759,0.009348799999999999,0.0020915,0.0014363,0.00047878,0.006728100000000001,0.0045358,0.019504,2.432,1.0492,0.79699,3.1106,2.4966,2.2082
0.58519,0.94611,0.5796399999999999,1.5512e-09,1.1995999999999998e-05,1.0674000000000001e-05,0.34326999999999996,-0.21569000000000002,0.60087,0.00042834,0.0051905,0.0026708,0.0016882000000000002,0.00022677,0.0041826,0.0034771,0.026581999999999998,1.6512,1.2615,0.9778100000000001,0.80082,1.4518,1.413
0.5908,0.69917,0.7441800000000001,2.0325e-13,3.4939999999999997e-09,2.0197e-08,-0.17023,0.62202,-0.08404600000000001,0.00045354,0.0080629,0.0050645,0.0013354,0.00057952,0.0065259,0.007055,0.015369999999999998,1.3428,0.8501299999999999,0.4701,1.6827,2.228,1.1316
0.65751,0.25,0.87015,5.6946999999999995e-11,1.2377e-08,5.1507e-08,0.24824000000000002,-0.90571,0.67994,0.00030236,0.0090455,0.0048125,0.001285,0.00062991,0.0082896,0.006022,0.01406,3.2875,3.3004,2.8597,3.4133,2.8408,3.5092
0.6238100000000001,0.34253,0.87246,1.0247999999999999e-11,8.4548e-10,2.6317e-10,0.35681,0.8652299999999999,-0.16837,0.00047873,0.0087432,0.0053417000000000004,0.0013354,0.00057952,0.0077856999999999996,0.0061731,0.014009,1.2961,0.61653,0.34894000000000003,2.5810000000000004,2.1959999999999997,1.5672
0.60997,0.10079,0.94211,6.674899999999999e-09,5.0480999999999996e-09,5.633099999999999e-10,-0.60426,-0.54533,-0.06476699999999999,0.00055432,0.0064503,0.0042078,0.0012598,0.00065511,0.0064503,0.0041573999999999995,0.020711,2.2124,1.2839,0.76065,3.1319,2.1965,2.1196
0.53354,0.17326,0.64598,0.00018296,5.8063e-06,0.0010405,-0.8352,0.85359,0.22041,0.00020158,0.0038299999999999996,0.0017134000000000001,0.0016127,0.00030237,0.0038299999999999996,0.0021921999999999996,0.030766,1.1494,1.3485,1.2590000000000001,1.7736,1.0996,1.3011
0.087518,0.46226999999999996,0.62773,8.176000000000001e-06,3.4691e-05,2.7221e-05,0.80279,0.24435,0.3974,0.0006803,0.0090455,0.0047621,0.0014362,0.00047873,0.007584100000000001,0.0073322000000000005,0.013127000000000002,2.826,3.0671,2.7516,2.5388,2.9283,2.6310000000000002
0.59618,0.82125,0.33964,1.855e-11,3.7907999999999998e-06,1.7736e-07,0.86203,-2.6976,5.8308,0.00035275,0.0034015,0.0015874,0.0017889,0.00012598,0.0026708,0.0025951999999999998,0.031924,1.0204,0.93125,0.9531,3.5517,0.9043899999999999,3.2418
0.61095,0.4171,0.41345,2.3079999999999996e-11,1.2842e-09,1.9902e-11,-1.3843,0.9302,-0.27015,0.00060472,0.0095495,0.0042834,0.0012598,0.00065511,0.0087936,0.0053417000000000004,0.013959000000000001,0.9880899999999999,0.80161,0.4992,2.3277,2.0377,1.7124
0.6592600000000001,0.53751,0.17952,4.5102e-06,0.00028804,2.5639e-05,-0.4804,0.44026000000000004,-0.1796,0.00062991,0.014085,0.0041573999999999995,0.0010834000000000002,0.00083148,0.010556999999999999,0.0039558,0.0091463,3.0208,2.8352,2.7048,3.1709,3.4058,3.0734
0.58796,0.078851,0.77372,0.0034719,1.0156999999999999e-06,0.00013101,1.3105,1.8903,0.10570999999999998,0.00035277,0.0048632,0.00068034,0.001789,0.00012599,0.0032253,0.00088192,0.03253,2.1453,1.3116,2.1154,2.8235,1.262,2.154
0.60042,0.6352,0.45381000000000005,4.682e-09,0.00010889999999999999,1.1571e-05,0.50069,-0.27197,-0.1581,0.00037795,0.0056692,0.0011842,0.001411,0.00050393,0.0046613,0.0011338,0.029505,2.2353,1.9409999999999998,1.6776,2.2745,1.9363,1.8191
0.58544,0.5393600000000001,0.80188,3.8569e-10,3.3095999999999996e-05,3.6307e-06,0.035407,-0.79269,-1.6294,0.00025196,0.0040062,0.0032503,0.0017134000000000001,0.00020157,0.0034771,0.0040314,0.027514999999999998,1.8919,1.2084,1.5796,2.4932,2.2433,1.8763
0.5092899999999999,0.06858099999999999,0.8235600000000001,9.622e-06,6.0124e-07,0.00045397,-0.4611,0.34246,-1.1097,0.00012599,0.00083156,0.00027719,0.0015623,0.00035278,0.00083156,0.00027719,0.040192,0.87055,0.807,1.4571,1.6003,0.7209300000000001,1.0429
0.62649,0.32185,0.41285,3.4030999999999995e-08,6.3574e-07,2.1272e-07,-0.12084,0.17440999999999998,0.33041,0.0007307,0.009826600000000001,0.004988899999999999,0.0016125999999999998,0.00030236,0.0081133,0.0062739,0.012598,3.5116,3.6216,2.9868,3.3532,3.43,3.2017
0.56782,0.70428,0.63048,6.0597e-13,3.2272e-08,1.8060000000000002e-09,-0.80552,-0.099436,-0.079438,0.00025196,0.0075337,0.0048376999999999995,0.001285,0.00062991,0.006500700000000001,0.005392,0.018015,1.9467,0.75768,0.51227,2.7609,2.2515,1.8796
0.5594,0.96565,0.47816000000000003,4.2043e-07,2.9548e-07,2.3636999999999997e-05,-1.0612,0.69284,0.8956,0.00015118,0.0039055,0.0046865000000000006,0.001537,0.00037795,0.0023433000000000004,0.0053417000000000004,0.026104000000000002,3.102,2.2303,1.8259999999999998,3.4081,3.3891,2.6829
0.018141,0.00097866,0.8751899999999999,9.4142e-06,7.9748e-11,1.2219000000000002e-11,0.0,-1.0,-1.5838,0.00032755,0.0045858,0.0021417,0.0014614,0.00045354,0.0047873,0.0032,0.027489,0.5363600000000001,0.0,0.0,1.555,1.0999,0.48561000000000004
0.045008,0.40381,0.41272,2.4262e-10,1.9804000000000003e-09,2.1469999999999996e-08,-0.2678,-0.96306,0.5547300000000001,0.0001008,0.0087944,0.0019907,0.0013607,0.00055438,0.0072069000000000005,0.0036034,0.020839,2.8426,1.9022,1.2063,3.1151,2.8822,2.7971
0.63858,0.17593,0.78346,1.1467000000000001e-08,9.686400000000001e-08,7.3108e-10,0.41473000000000004,-0.30887,-1.1985,0.00025196,0.003981,0.00257,0.0014866,0.00042834,0.0036787,0.0028472,0.029202999999999996,2.9448,2.3879,1.8909,3.065,3.2616,3.2886
0.24991999999999998,0.030802999999999997,0.927,0.0053613,7.782600000000001e-05,3.425e-06,-0.6592100000000001,-1.1263,0.82165,0.00047873,0.0043338000000000005,0.0027968000000000003,0.0015622,0.00035275,0.0035023000000000003,0.0038299,0.027589999999999996,1.8801,1.6015,1.6975,1.9126,1.5756,2.0261
0.58416,0.43701,0.80987,4.4522e-09,8.9932e-06,1.0980999999999999e-05,-0.51864,-1.0263,-1.4103,0.00045354,0.008617200000000002,0.0033259,0.0014866,0.00042834,0.0071306,0.0046613,0.018343,1.284,1.9054,2.1819,1.9565,1.4508,2.1424
0.57898,0.68914,0.4064,2.4765e-08,0.0010487,0.00016903,0.18012999999999998,0.031307,-0.61015,0.00045354,0.0058456,0.0041573999999999995,0.001537,0.00037795,0.0047873,0.0054676,0.02182,2.4568,2.8953,2.5828,3.1535,2.7327,2.767
0.60272,0.85172,0.3558,6.4347e-12,3.2127e-08,1.3188e-10,-0.35844000000000004,0.11911,0.6432,0.00035275,0.0063495,0.0054676,0.0014362,0.00047873,0.005644,0.0054424,0.019275,2.0761,1.6237,1.2638,3.1255,2.8232,2.7642
0.59955,0.62758,0.81408,5.8014e-13,1.6838e-10,7.6585e-11,0.46608999999999995,0.1338,0.2996,0.00065511,0.009574700000000002,0.0062235,0.0012598,0.00065511,0.0086928,0.0071306,0.010255,1.3171,1.8279,0.8751700000000001,2.213,3.2055,2.3372
0.18349000000000001,0.024013999999999997,0.8773700000000001,4.468e-06,4.8463e-10,3.2066000000000006e-10,0.73074,-0.47478000000000004,0.70412,0.00045354,0.008718,0.0054424,0.0015118,0.00040314,0.0077605,0.005492800000000001,0.014663999999999998,1.5652,1.9479,0.99429,2.7706,3.089,2.6951
0.91307,0.45043999999999995,0.92343,6.087899999999999e-11,4.280299999999999e-10,1.9719999999999998e-10,0.65267,-0.57447,-0.50489,0.0007307,0.012245,0.006929,0.0010583,0.00085668,0.0092219,0.008466,0.0049385,3.2099,2.8673,2.627,3.6342,3.4445,3.3904
0.30191,0.20264000000000001,0.6751699999999999,0.0017532,2.5204e-05,0.00019676,-1.2427,0.38833,0.061717999999999995,0.00020159,0.0031247,0.00095756,0.0016883,0.00022679,0.0025451000000000002,0.0022427,0.033464,1.8152,1.5226,1.817,2.0235,2.0231,2.6641
0.57028,0.50539,0.79568,5.359e-10,2.0259e-05,1.554e-05,0.15815,1.5628,-1.2336,0.00020157,0.0065259,0.0042582,0.001537,0.00037795,0.006324300000000001,0.0041573999999999995,0.021064,0.47748999999999997,0.51394,0.78241,0.61985,1.3214,0.7953399999999999
0.3654,0.44105,0.75184,0.0050108,0.00028508,1.3453e-05,-0.8407100000000001,-0.40251,0.41541000000000006,0.00037795,0.0048376999999999995,0.0029984,0.001663,0.00025196,0.0040314,0.0026456,0.027641000000000002,2.2126,2.3537,1.1497,1.432,2.2642,1.84
0.52048,0.20890999999999998,0.8556,3.8091e-09,3.6004e-07,2.8353e-07,-0.064066,0.16452999999999998,0.7418600000000001,0.00047873,0.009574700000000002,0.0062235,0.001159,0.00075589,0.0084912,0.0067527,0.011011,2.9708,3.1089,3.1116,3.2168,3.2206,3.2908
0.19099000000000002,0.27965,0.6331399999999999,0.0022798000000000002,0.00014527,0.00026589999999999996,0.19271,0.23751999999999998,0.65878,0.00075589,0.0081133,0.0046865000000000006,0.0016125999999999998,0.00030236,0.0073322000000000005,0.005518,0.016125999999999998,2.3357,2.6278,1.92,3.0129,3.1288,2.8563
0.57603,0.47625,0.5745100000000001,2.0671999999999999e-10,5.5665e-06,4.6013000000000003e-07,0.6773600000000001,-2.303,0.8592799999999999,0.0007307,0.011666,0.006248699999999999,0.0011842,0.0007307,0.010028,0.0069038,0.0069542,2.2037,1.2062,1.703,1.3185,3.4446,2.541
0.58694,0.67224,0.60655,7.806299999999999e-10,8.8606e-05,2.4516999999999998e-06,0.2919,-0.1794,0.26971999999999996,0.00047873,0.007231399999999999,0.0042078,0.0016125999999999998,0.00030236,0.0064503,0.0048125,0.019351,2.7027,3.1816,3.0024,2.924,2.7618,3.2485
0.51271,0.53642,0.63786,0.00099628,0.00021177,0.00011878,-3.2074,-0.051544000000000006,-0.27116,0.00032757,0.0055435,0.00080633,0.001789,0.00012599,0.0041828,0.0011591,0.030514,1.271,1.9826,1.5138,2.2321,2.0995,1.7886
0.59513,0.16843,0.67085,0.00019902,3.2572000000000003e-06,8.673500000000001e-06,0.35341,-0.83759,0.38182,0.00035275,0.0073322000000000005,0.0051653,0.001159,0.00075589,0.006248699999999999,0.0057448,0.017688,2.7685,2.7541,2.9672,2.8941,2.6498,2.7885
0.68443,0.079454,0.82075,0.00062199,7.7283e-08,0.00069709,-1.274,-0.59772,-0.41718,0.00025196,0.0016882000000000002,0.0016882000000000002,0.0017889,0.00012598,0.0014866,0.0017385999999999999,0.035677999999999994,1.099,1.8076,1.3867,0.55172,1.605,1.5349
0.60252,0.58627,0.83554,9.6624e-13,1.7790000000000002e-08,1.0156e-10,2.1162,-0.34983000000000003,0.45468000000000003,0.00040314,0.0088944,0.00577,0.001285,0.00062991,0.006727500000000001,0.0071306,0.013606,1.3609,0.96824,0.60782,2.9834,2.5492,2.1848
0.5912,0.9508,0.34119,7.4282e-12,5.578300000000001e-09,2.3487e-08,0.21009,0.1278,-0.38618,0.00047873,0.0081637,0.004485,0.001537,0.00037795,0.0071054,0.0054676,0.016831,1.4619,1.5115,1.2116,2.7574,2.4903,2.4617
0.60622,0.6812,0.74659,4.8514e-13,3.2841e-08,1.9179000000000003e-07,-0.7166600000000001,0.6773899999999999,-0.74285,0.00017638,0.0051655,0.0023938,0.0015119,0.00040316,0.004661600000000001,0.0033260999999999994,0.026810000000000004,2.9187,2.5119,2.8773,2.9842,2.7194,2.8773
0.5837600000000001,0.75673,0.75074,2.0324000000000003e-11,4.8231e-07,2.2491999999999998e-07,0.5310600000000001,-1.3422,-0.40736,0.00085668,0.011238,0.006022,0.001159,0.00075589,0.01023,0.007659699999999999,0.0065259,2.9582,1.3911,2.781,2.8579,0.8953200000000001,3.0852
0.57708,0.29581999999999997,0.77499,0.001417,0.00012174,0.00018872,1.2892,0.72333,-0.9803799999999999,0.00040314,0.010305,0.004107,0.0013354,0.00057952,0.0095495,0.0050897,0.013077000000000002,2.3367,2.3024,2.3573,2.1473,2.4237,2.2749
0.6006100000000001,0.25554,0.41621,1.1863e-05,5.7588e-06,1.3945999999999998e-05,-1.6844,0.3709,0.054733000000000004,0.00060472,0.010305,0.004913300000000001,0.001285,0.00062991,0.0093479,0.0057951999999999995,0.011565,2.8412,3.3277,2.9477,3.0976,3.2958,3.0218
0.57562,0.8362799999999999,0.69729,3.9151e-13,6.7516e-09,4.0578000000000006e-11,0.50966,-0.32528,-0.22874,0.00042834,0.0064503,0.0050645,0.0012598,0.00065511,0.006803,0.005593600000000001,0.018192,1.9958,0.8773200000000001,0.5425,2.1293,1.6713,1.4301
0.58697,0.65933,0.62358,1.5909e-05,0.00036689,0.00010939,1.2348,0.8889299999999999,0.0060025,0.00027717,0.0024441999999999997,0.00078113,0.0018394000000000001,7.5593e-05,0.0012095,0.0020158000000000003,0.035806,0.7556,1.2588,0.90546,0.69817,1.3802,0.81735
0.59345,0.47248999999999997,0.73243,2.174e-09,4.7443e-05,0.00071132,0.30987,1.7630000000000001,0.90407,0.00042834,0.0037795000000000003,0.0015622,0.0017134000000000001,0.00020157,0.0026456,0.0020157,0.0321,1.6543,1.1791,1.2126,1.5716,1.1842,1.7259
0.5968100000000001,0.40363000000000004,0.74528,1.1583e-07,4.7927e-06,7.1388e-06,1.3102,-1.1655,-0.38133,0.00010895,0.005856,0.00046304,0.0020155999999999998,5.4475e-05,0.0064008,5.4475e-05,0.033093,1.7317,1.8192,2.2967,1.8197,2.3646,1.7394
0.5805600000000001,0.8756799999999999,0.56765,8.6453e-13,1.4753e-08,2.3649e-10,-0.49925,0.7064600000000001,-0.29389,0.00042836,0.01144,0.0039812,0.0013103,0.00060474,0.010281,0.006123,0.010281,2.0979,1.8766,1.2455,3.0172,3.0437,2.653
0.5927899999999999,0.35906,0.8695799999999999,6.019e-10,3.3968000000000003e-07,6.227899999999999e-06,2.6456,0.8231799999999999,-2.4995,0.00057952,0.0072566,0.0031244,0.0013354,0.00057952,0.0066771,0.0040062,0.020888,1.207,0.32086,0.62654,3.1719,1.107,2.9236
0.5949300000000001,0.38334,0.84324,2.8015999999999995e-09,5.3960000000000005e-06,1.0232999999999999e-07,-0.22929000000000002,0.7693399999999999,0.11895,0.00060472,0.0078361,0.005820399999999999,0.0014362,0.00047873,0.006853399999999999,0.0069038,0.014513,3.0728,3.0237,2.323,3.5462,2.6862,2.7249
0.59272,0.66471,0.77171,7.2776e-13,9.840800000000002e-10,1.7601e-09,-0.1057,0.25066,0.5875199999999999,0.00032755,0.010205,0.0050897,0.0011086,0.00080629,0.010179,0.005392,0.011337999999999999,1.4909999999999999,3.0409,3.0064,2.5532,3.1128,3.2266
0.53615,0.37724,0.57691,2.6133e-09,1.536e-05,3.6309e-05,-0.046024,0.16513,1.1055,0.0006803,0.010331,0.005593600000000001,0.0012345999999999998,0.0006803,0.0085416,0.0062739,0.011112,3.0563,3.5771,3.1331,3.2537,3.61,2.8652
0.46287,0.44292,0.32209,0.00075423,0.0025572,0.0001743,1.079,1.5122,-0.06586499999999999,0.00047873,0.006248699999999999,0.0041826,0.0015622,0.00035275,0.006500700000000001,0.0051905,0.01993,2.25,3.0159,2.5599,2.1644,2.8995,2.3544
0.59533,0.27043,0.8988299999999999,1.9307000000000002e-11,4.1990999999999995e-08,2.8069e-10,-0.68266,0.19874,-0.48972,0.00042834,0.0093479,0.0056944,0.0013102,0.00060472,0.0085164,0.007584100000000001,0.01096,2.8912,2.4909,1.796,3.5985,3.3582,3.1656
0.55769,0.090436,0.22946999999999998,0.0019097,7.369899999999999e-07,4.1672000000000005e-06,-0.9315200000000001,0.22204000000000002,0.51002,0.00035275,0.0067527,0.0019905,0.0015118,0.00040314,0.0056944,0.0022173,0.025524,2.8442,3.1856,3.248,2.7527,3.1866,2.9456
0.55283,0.69112,0.24595,1.2255e-13,1.2333e-07,2.4231e-09,4.0536,-0.13295,0.08841900000000001,0.00078109,0.010784,0.007181,0.001159,0.00075589,0.0097258,0.007962100000000001,0.0060975000000000005,2.7083,2.9078,2.398,3.5574,2.9556,2.9979
0.60732,0.42823999999999995,0.81343,4.672699999999999e-11,2.4388999999999998e-08,3.9622000000000005e-10,0.42078999999999994,-0.9220299999999999,0.88679,0.00040314,0.0085416,0.0048125,0.001411,0.00050393,0.0078613,0.0056944,0.015219,2.4236,1.8984,1.2765,3.3091,2.801,2.6354
0.5704899999999999,0.37254,0.8376600000000001,3.009e-12,9.3191e-10,3.8288e-09,-0.48778999999999995,0.7619199999999999,-0.52937,0.00083148,0.012497,0.0061478999999999995,0.0011842,0.0007307,0.0095999,0.007684899999999999,0.00577,3.0128,2.5457,2.785,3.2203,3.1204,2.7178
0.60097,0.43083999999999995,0.8901600000000001,1.8133e-07,1.0585999999999998e-05,0.0001228,0.6259899999999999,0.55575,0.1082,0.00050393,0.0022929,0.0014362,0.0017637999999999998,0.00015118,0.0024441,0.0020409000000000004,0.033814,1.4584,1.2278,1.4202,0.80082,1.1606,1.1164
0.51002,0.66491,0.34986999999999996,0.00095833,0.0011357000000000001,1.1299000000000001e-05,0.23801999999999998,0.097265,-0.6852199999999999,0.00020159,0.0036034,0.00073077,0.0017387000000000001,0.00017639,0.0030743000000000003,0.0013355,0.033589999999999995,1.1568,1.8373,1.1714,1.4652,2.6647,1.2793
0.6210899999999999,0.92906,0.597,2.6684e-12,4.2373999999999995e-09,3.4774e-09,-2.0913,-3.2036,-4.393,0.00078109,0.007810899999999999,0.005492800000000001,0.0014362,0.00047873,0.0072818,0.005896,0.015269,0.8950799999999999,0.95157,0.66885,2.6196,2.5624,2.0394
0.46502,0.10206,0.61357,0.0022678,5.1118999999999996e-05,0.0001325,0.28455,-0.14712999999999998,0.9323899999999999,0.00032755,0.0079369,0.0054172,0.0013606,0.00055432,0.0075337,0.0059464,0.015369999999999998,2.853,3.0647,2.5928,3.1028,3.0304,3.0338
0.73988,0.081862,0.9000600000000001,3.3978e-07,4.8399e-07,6.873999999999999e-10,-0.69193,-0.28941,0.17240999999999998,0.00052913,0.0098014,0.0050897,0.001285,0.00062991,0.008617200000000002,0.006651899999999999,0.011842,2.4592,1.9794,1.5469,2.9866,3.2869,2.5945
0.484,0.5466300000000001,0.72959,0.00072026,0.00031542,0.00051353,1.7592,0.23783,0.74148,0.00032755,0.0030992,0.0017385999999999999,0.001411,0.00050393,0.0032,0.0017134000000000001,0.032452999999999996,1.7921,1.5254,1.6602,0.9086200000000001,1.6254,1.8186
0.77074,0.11424000000000001,0.49131,0.006673100000000001,3.3826e-09,4.8964e-07,-1.0773,-0.5909,0.69623,0.00042834,0.0053668,0.0021920999999999998,0.0017889,0.00012598,0.0048125,0.0033259,0.026406,2.9418,2.2603,2.8273,3.2996,2.1178,2.7506
0.57308,0.40344,0.73979,3.1157e-12,5.0433000000000006e-09,1.6465e-10,-0.54767,0.6721199999999999,0.24298000000000003,0.00050393,0.0093227,0.005215699999999999,0.0012094,0.0007055,0.0079117,0.0064503,0.013127000000000002,1.6931,1.3412,0.8377899999999999,3.0187,2.5673,2.2807
0.59787,0.96457,0.61365,1.0807e-12,2.3336e-08,2.0372e-09,0.7469399999999999,-1.077,0.88646,0.00065511,0.0085668,0.005719600000000001,0.0014614,0.00045354,0.0080629,0.0063495,0.013178,1.4719,1.4519,0.747,1.7947,2.19,1.6322
0.59878,0.81687,0.62054,2.2885e-11,5.356e-07,1.9737e-08,0.79932,0.52507,-0.19036,0.00057955,0.012825999999999999,0.0038804,0.0013103,0.00060474,0.011163,0.0054175,0.008668,2.7936,2.5918,2.3955,2.8792,3.2092,3.0934
0.6332800000000001,0.69208,0.67705,8.1616e-12,1.8752999999999998e-05,4.7461e-06,-0.086926,-0.5102,0.47184,0.00040314,0.0071054,0.0046613,0.0014362,0.00047873,0.007181,0.00577,0.017411000000000003,1.4154,0.9925,1.3926,1.6411,0.9985700000000001,1.2681
0.58348,0.72995,0.56208,1.1681999999999999e-06,0.0013142000000000002,4.4639e-05,-1.8622,0.42105,-0.60132,0.00050393,0.007206199999999999,0.0027464000000000004,0.0016125999999999998,0.00030236,0.0063747,0.0043841999999999996,0.021315999999999998,1.7168,2.0028,1.984,2.1286,1.9707,2.1215
0.57131,0.53323,0.57558,5.78e-11,1.1087e-08,2.9253000000000002e-09,-0.29131999999999997,0.004640999999999999,-0.05279,0.00065511,0.01096,0.0068786,0.0010583,0.00085668,0.010079000000000001,0.007659699999999999,0.006299100000000001,3.2977,3.497,3.3194,3.4764,3.6111,3.4832
0.14647000000000002,0.30238000000000004,0.19917,0.00050512,0.00031994,0.00013281,1.7365,0.66032,-1.4252,0.00047876,0.0050143,0.002167,0.001663,0.00025198,0.004082,0.0034773000000000004,0.027313999999999998,2.0646,3.373,2.5617,2.1328,3.3856,2.5668
0.56317,0.38321,0.65066,3.6759e-11,5.0272e-10,6.4189e-09,0.9481,0.30041,0.6532399999999999,0.00017638,0.0069042,0.0025954,0.0014867,0.00042836,0.0053419,0.004107199999999999,0.023409,1.6439,1.003,0.87505,3.0434,2.5566,2.3869
0.6107100000000001,0.32966,0.6491899999999999,4.8266e-11,6.2458e-08,1.9955e-08,0.32942,0.31845999999999997,-0.036545999999999995,0.00073073,0.012977,0.0042332,0.0010835,0.00083152,0.010029000000000001,0.0071561,0.0074081,2.7007,2.5664,2.4781,3.3772,3.5045,2.7825
0.41468,0.17774,0.76242,3.3098e-05,0.00032487,0.00011961,-1.1848,0.85262,-1.1355,0.00030236,0.00577,0.001285,0.001663,0.00025196,0.0058456,0.0019149000000000002,0.027413999999999997,2.0361,1.7325,2.2137,2.1544,2.2257,2.4087
0.62112,0.63257,0.65862,2.0372000000000002e-10,8.5292e-06,1.9904e-05,1.7081,-1.5823,0.24846999999999997,0.00022677,0.0058456,0.0036534999999999996,0.0014362,0.00047873,0.0048629,0.004636199999999999,0.023306999999999998,3.2544,2.8026,1.6334,3.7779,3.576,2.8478
0.5776399999999999,0.36978,0.97152,3.1833999999999996e-10,9.4403e-07,3.1637e-08,-1.3546,-0.66489,-0.53203,0.00030236,0.005896,0.0040062,0.0013606,0.00055432,0.006626699999999999,0.0046613,0.021039,1.9561,1.3777,0.7801100000000001,2.6142,3.0953,1.2223
0.5742,0.52794,0.64175,8.0809e-10,0.00021704,3.4622e-06,0.9345399999999999,-0.9090799999999999,0.35909,0.00027717,0.0085672,0.0024945999999999996,0.0013859000000000002,0.00052915,0.0081389,0.0030993,0.019957,2.6972,2.1598,1.7379,2.8388,3.2863,2.4188
0.6201800000000001,0.5112399999999999,0.8691700000000001,5.1812e-14,7.157100000000001e-10,4.7101999999999995e-11,0.27116,0.37606,0.30457,0.00052913,0.0073826000000000004,0.0054424,0.001285,0.00062991,0.006803,0.0050141000000000005,0.01736,1.6501,1.5975,1.2244,3.0143,3.1118,2.4156
0.59764,0.5573199999999999,0.7155,3.2279e-12,8.6209e-07,1.871e-08,0.28656,1.1941,-0.9808899999999999,0.00040314,0.011061,0.0065763,0.0011338,0.00078109,0.010657999999999999,0.0075084999999999995,0.006324300000000001,2.1836,2.8596,2.9633,3.3685,2.9096,3.2647
0.42308999999999997,0.35244000000000003,0.38099,0.00099256,0.0032734,0.00013142,0.40615,1.3994,0.57228,0.00057952,0.005518,0.0029732,0.0017889,0.00012598,0.004913300000000001,0.004233,0.024315,2.2015,2.9349,2.7125,1.9729,2.8661,2.6224
0.62066,0.7611399999999999,0.45961,1.2751e-10,2.8927e-07,2.6799e-08,0.20917,0.29306,-0.26171,0.00060474,0.011062,0.0035781,0.0011843,0.00073073,0.009146799999999998,0.0052411,0.012901,2.6596,2.8061,1.8782,3.4934,3.4474,2.9863
0.60956,0.37489,0.79201,7.0028999999999995e-06,1.1208e-05,1.0363e-08,-2.7573,-0.77994,0.43928999999999996,0.00040316,0.004208,0.0014615000000000001,0.0016127,0.00030237,0.0029985,0.0026458000000000002,0.030817,2.336,1.8954,1.8672,2.6899,2.9338,2.6089
0.44783999999999996,0.41008999999999995,0.72183,0.0018422,0.00010722,0.00010137,0.21375,0.31901,0.42682,0.00032755,0.006399899999999999,0.0019905,0.0013606,0.00055432,0.0060472,0.0018645,0.025901999999999998,2.2886,1.8876,1.9297,2.3012,2.0625,1.9549
0.3091,0.030032,0.93675,9.2835e-06,2.242e-06,0.00021692,1.2189,0.33205999999999997,-0.036063,0.00015118,0.00078109,0.00045354,0.0018393,7.5589e-05,0.00025196,0.00080629,0.040088,0.99734,0.39599,1.1235,0.25909,0.6816399999999999,1.1877
0.5545,0.62062,0.6611600000000001,3.0205e-12,1.2693000000000002e-08,7.556e-09,0.47006000000000003,-0.14799,-0.3442,0.00078109,0.011313,0.0067779,0.0010834000000000002,0.00083148,0.010129,0.0081637,0.0053668,2.8678,3.0552,2.5804,3.4959,3.2456,3.2049
0.57617,0.82715,0.68994,1.0425e-12,4.0705e-09,3.5052999999999993e-10,0.49008,-0.36582,0.048831,0.00055432,0.0094991,0.0051148999999999995,0.0013858,0.00052913,0.0080629,0.0064503,0.01285,1.4416,0.86735,0.57715,2.8155,2.6384,2.1447
0.59488,0.2356,0.42971000000000004,0.00012259,1.3465e-05,7.386199999999999e-05,-1.0727,0.81981,0.14052,0.00060472,0.0032251,0.0036787,0.001663,0.00025196,0.0032755,0.0038803000000000006,0.027867000000000003,2.3869,1.768,1.8036,2.2946,1.6538,2.041
0.56948,0.23845,0.79551,1.0294e-09,2.4121e-06,4.9881000000000006e-05,0.55142,-0.49503,-0.87382,0.00047873,0.0071558,0.0038047,0.001537,0.00037795,0.0067779,0.0047117,0.019603,0.44935,0.60782,0.7729199999999999,2.1833,1.0975,1.3259
0.59963,0.81155,0.583,6.3264e-09,5.0323e-08,3.0934e-09,2.7978,-1.5033,1.5084,0.00012599,0.00030239,0.0001008,0.0018647000000000002,5.0398e-05,0.00020159,0.00020159,0.041602999999999994,0.65699,0.60197,0.097722,1.6728,1.3642,0.6301399999999999
0.5511,0.15524000000000002,0.74568,1.7730000000000002e-10,2.2037e-10,6.7899e-11,1.8199,-0.13758,-0.56147,0.00050393,0.009574700000000002,0.0065763,0.0012345999999999998,0.0006803,0.0097258,0.0064503,0.0097006,2.9725,3.0057,2.7773,3.6944,3.5493,3.2632
0.37058,0.083174,0.7476,4.0796999999999997e-07,3.8614e-09,5.0739e-06,-0.8067,0.37605,-0.32588,0.0007307,0.0097258,0.006979399999999999,0.001159,0.00075589,0.008592,0.0078865,0.008617200000000002,2.5785,3.0965,2.9378,3.0541,3.5734,3.2641
0.59592,0.1928,0.7530100000000001,2.4125e-05,4.7894e-06,4.6805e-06,-0.58458,0.27441,-0.39795,0.00047873,0.010834,0.0057448,0.0011338,0.00078109,0.0091211,0.007231399999999999,0.0091211,3.1344,2.9775,2.6958,2.7721,2.9121,2.9966
0.5919,0.93824,0.54401,3.3537e-06,0.00012775,5.595100000000001e-05,0.32633,-0.33704,-0.96872,0.00042834,0.0039055,0.0019401,0.0016378,0.00027716,0.0036283,0.002948,0.029681,0.72418,1.0699,1.2274,1.8926,1.3201,1.7879
0.62661,0.14326,0.87055,8.329600000000001e-10,5.3703999999999996e-09,1.2070999999999999e-09,0.021549000000000002,0.32774000000000003,0.23774,0.00057952,0.0092723,0.0054424,0.001285,0.00062991,0.009473899999999999,0.0054676,0.012296,2.5137,2.2229,1.4324,3.1748,2.8516,2.7654
0.76179,0.11533,0.77644,2.6713e-06,2.5337999999999998e-08,4.6231e-08,-1.1625,-0.32249,0.33755,0.00032755,0.0052661,0.0032503,0.0013858,0.00052913,0.0052661,0.0033510999999999997,0.02507,3.2984,3.4021,2.9491,2.5913,3.0060000000000002,3.0709
0.59538,0.5291600000000001,0.83716,2.105e-11,2.037e-07,7.3422e-09,0.9013,-0.96773,-0.36707,0.00060472,0.0080377,0.004636199999999999,0.0015118,0.00040314,0.0061983,0.0071054,0.015949,2.4255,2.6838,1.9829,2.7292,2.7601,2.572
0.62524,0.5472199999999999,0.5704,4.0423e-10,4.8976999999999995e-05,1.6322e-05,0.64464,-0.72813,0.6230899999999999,0.00030236,0.0085416,0.0038551,0.0015118,0.00040314,0.007810899999999999,0.0051653,0.016856,3.0844,2.8719,2.6039,3.155,2.8613,2.7848
0.56179,0.49593000000000004,0.83786,2.002e-11,3.1141e-09,4.0909000000000004e-09,1.4147,-0.11189,0.0015038,0.00042834,0.0077856999999999996,0.0043841999999999996,0.0013606,0.00055432,0.0079117,0.0042582,0.017764,1.002,1.3286,0.8902,2.5719,3.2317,1.8317
0.58595,0.38866999999999996,0.696,1.6197e-05,2.3372e-05,7.347399999999999e-07,-3.0573,-0.11479,0.8144600000000001,0.00047873,0.0093731,0.0050141000000000005,0.0013606,0.00055432,0.0075337,0.0064251,0.013706999999999999,1.9115,1.8833,1.238,2.8385,2.0745,1.8637
0.5807100000000001,0.45543999999999996,0.63866,0.00059926,0.00023788,0.00015046,0.25695999999999997,-0.21618,0.77863,0.00047873,0.0040314,0.0016882000000000002,0.0017637999999999998,0.00015118,0.0026456,0.0033259,0.030362,1.5129,1.4589,1.3703,1.0555,1.7964,1.5597
0.62215,0.33776999999999996,0.6947800000000001,4.2332e-11,1.4339000000000002e-07,2.6159e-08,-0.34673000000000004,0.54879,-0.083151,0.00052915,0.009247499999999999,0.004107199999999999,0.0011591,0.00075593,0.0081389,0.0056947,0.014816,2.667,1.8079,1.8707,3.3223,2.1231,2.3511
0.56938,0.59773,0.4885,2.0194000000000002e-11,1.3807e-08,9.8829e-09,-0.8231,-0.48376,0.057918,0.0007307,0.011868,0.006299100000000001,0.001285,0.00062991,0.0099274,0.007987300000000001,0.005719600000000001,2.7968,3.1027,2.4514,3.4256,3.1816,3.1563
0.46393,0.023814,0.89079,0.0015753,1.383e-08,9.7287e-11,0.58816,0.26373,-0.21744000000000002,0.00052913,0.0082644,0.004560600000000001,0.0011842,0.0007307,0.0072566,0.0059212,0.016,2.6334,1.5333,1.3739,3.3587,2.9610000000000003,2.3484
0.57819,0.27821,0.83347,3.4387e-11,5.379400000000001e-10,3.0575000000000002e-09,-0.60947,0.69397,0.19732,0.0001008,0.0040066,0.0019907,0.0016631,0.00025199,0.0037294000000000003,0.0022679,0.03044,1.9901,1.2698,1.0414,3.1129,3.0391,2.2938
0.61652,0.71418,0.8534200000000001,9.055e-12,2.5484e-08,4.3941999999999996e-09,-0.76722,0.27176,-0.061515999999999994,0.00057952,0.0098014,0.007181,0.001285,0.00062991,0.0095243,0.0085668,0.0068786,2.0551,3.1749,2.4826,2.8713,3.0638,2.9879
0.030211000000000002,0.0017631,0.9915,0.0013356,1.0288e-07,0.00010959999999999998,-0.17075,0.8652799999999999,0.3109,0.00017638,0.0010079000000000002,5.0395e-05,0.0018646000000000001,5.0395e-05,0.00080633,0.00035277,0.040139999999999995,0.31487,0.30127,0.31034,0.20686,0.55172,0.20686
0.5706100000000001,0.36380999999999997,0.6945,1.0068999999999998e-11,1.2511e-09,9.240800000000001e-10,-0.6190100000000001,-0.056792999999999996,0.49151000000000006,0.00078109,0.011968000000000001,0.0064503,0.0010583,0.00085668,0.010331,0.0080881,0.004913300000000001,3.0948,3.0164,2.1251,3.3685,3.6705,3.5315
0.56688,0.9842799999999999,0.7049,4.663100000000001e-13,3.9811e-10,8.6754e-10,0.12361,-1.1906,0.49651999999999996,0.00085668,0.012245,0.0064754999999999995,0.0011338,0.00078109,0.010583,0.008314799999999999,0.0040566000000000005,3.2201,3.1124,2.7815,3.4451,3.4103,3.4692
0.48508,0.29494000000000004,0.19063,0.0042449,0.00024247,0.00062006,-0.8293799999999999,-0.61871,-1.1095,0.00020157,0.0057448,0.00088188,0.0017134000000000001,0.00020157,0.004611,0.0010079000000000002,0.030085,1.73,1.4186,1.4108,1.7307,1.3362,1.6999
0.57949,0.32753000000000004,0.8443799999999999,1.5765e-08,4.816e-05,0.00010832,-0.55612,-0.053937,-0.18622,0.00062994,0.0029229,0.00065514,0.0015370999999999998,0.00037797,0.0023434000000000003,0.0010079000000000002,0.034974,1.4173,1.1127,0.91658,1.2745,1.0493,1.0088
0.097383,0.23219,0.52574,6.575800000000001e-10,6.7954e-08,6.0368e-10,0.9096799999999999,0.60256,0.42776000000000003,0.0007307,0.010406,0.006500700000000001,0.0012345999999999998,0.0006803,0.0097258,0.0076093,0.0075588999999999995,2.5013,1.8419,1.5479,3.2137,3.2691,3.1754
0.62038,0.6262800000000001,0.48206000000000004,4.5998e-06,0.0046119,0.00018768,1.4180000000000001,-1.2079,-3.2443,0.00037795,0.0054424,0.0038047,0.0015874,0.00032755,0.0045858,0.0040566000000000005,0.024263999999999997,2.1003,2.9724,2.2408,2.0169,2.6403,2.1357
0.64395,0.33771999999999996,0.4516,0.00083862,1.1205e-05,1.5155e-05,0.19325,-1.0264,-0.70726,0.00075589,0.010608,0.0067023,0.0012345999999999998,0.0006803,0.009196700000000002,0.0085668,0.0067023,3.2110000000000003,2.6198,3.1919,3.2646,2.9637,3.3581
0.6024,0.6346,0.46861,8.328300000000001e-10,3.1284e-05,3.6239e-05,0.95925,0.024901,0.19397999999999999,0.00027716,0.0045858,0.0030488000000000004,0.001663,0.00025196,0.0037039,0.0032251,0.027691000000000004,1.5913,1.9224,1.4948,2.0519,1.6577,1.7159
0.6026,0.66362,0.63547,4.0770999999999993e-10,0.00045653,5.2133000000000006e-06,0.010215,-1.0143,-1.1129,0.00035277,0.007231699999999999,0.0017637999999999998,0.0016378,0.00027717,0.005845899999999999,0.0035529000000000003,0.023787,2.6393,2.9702,2.8698,2.9774,2.9287,2.9703
0.18575,0.50146,0.19139,0.00071186,0.0021443,0.00045124,-0.065053,-0.58713,-0.48394,0.00025196,0.0078361,0.0028975999999999997,0.0017889,0.00012598,0.0056692,0.004233,0.021644,2.2774,2.513,2.4696,2.2209,2.6723,2.3203
0.6309600000000001,0.4212,0.63607,1.8647e-05,3.5591e-05,0.00013424,0.24561999999999998,-0.47902,0.10897000000000001,0.00032757,0.004031600000000001,0.0015623,0.0015875,0.00032757,0.0023434000000000003,0.0025198,0.031749,2.0162,1.368,1.7349,1.8567,1.6918,1.6308
0.53654,0.25032,0.79976,0.00010959999999999998,2.0905e-05,3.9634999999999997e-07,0.53787,-0.33066,0.29628000000000004,0.00017638,0.007004600000000001,0.0038047,0.0014866,0.00042834,0.0059212,0.004560600000000001,0.021064,2.8697,2.4868,2.6719,3.1223,2.7232,2.7101
0.58425,0.54245,0.31390999999999997,7.065399999999999e-11,1.9332e-07,7.447e-08,-0.32382,0.29163,-0.012283,0.00062991,0.012523000000000001,0.0061731,0.001159,0.00075589,0.010935,0.0069038,0.0053668,3.2241,3.7183,3.3812,3.3613,3.4469,3.3684
0.59519,0.6764,0.68112,9.4127e-13,1.2732000000000001e-08,1.8078e-09,-0.6854600000000001,-0.3217,0.20759,0.00065511,0.011817,0.0065259,0.0013102,0.00060472,0.009977799999999998,0.0077856999999999996,0.00577,3.0837,3.5141,2.5767,3.5686,3.2457,3.1591
0.64682,0.26607,0.68958,6.6697e-10,5.091199999999999e-07,4.0797e-08,0.9304,-0.46336000000000005,0.41098,0.00040314,0.0068281999999999995,0.0049385,0.0013354,0.00057952,0.0064251,0.0050645,0.018872,0.91519,1.2142,0.6530199999999999,2.3219,2.9610000000000003,2.2225
0.59912,0.69014,0.78391,5.4974e-12,2.613e-08,3.9733e-07,0.07713500000000001,1.8248,0.15132,0.00040314,0.0066771,0.004988899999999999,0.0013858,0.00052913,0.0052661,0.004988899999999999,0.020208,1.4844,1.0132,0.77882,1.949,1.9019,1.2447
0.64159,0.5644399999999999,0.20472,1.1588e-05,0.00044843,5.6325e-06,0.36867,0.60145,-0.37113,0.00047873,0.013228,0.0038299,0.0012345999999999998,0.0006803,0.011112,0.0038803000000000006,0.010003,3.1754,3.3118,3.1892,3.1039,3.2342,3.0018
0.093808,0.4513,0.8240200000000001,4.0505e-11,1.9817999999999997e-07,3.6275999999999998e-09,1.7367,-0.5788800000000001,0.53037,0.00035275,0.0088692,0.00577,0.0011338,0.00078109,0.00834,0.0069038,0.012296,2.6066,2.3682,1.499,3.2769,2.8975,2.5154
0.52512,0.5855199999999999,0.58611,0.00010859,3.0408e-05,3.7076e-06,1.5495,1.607,-0.38311,0.00025199,0.0014867,0.00022679,0.0018143,0.0001008,0.00042838,0.0010835999999999999,0.039057999999999995,1.5509,1.5615,2.6875,1.9429,1.9704,2.7319999999999998
0.37716,0.06579,0.7399899999999999,0.0011472000000000001,1.2275e-09,8.9635e-09,1.3351,-0.5132,0.14807,0.0006803,0.0097258,0.0057951999999999995,0.0012345999999999998,0.0006803,0.008440799999999998,0.0062739,0.011616,3.0447,3.5033,3.5674,2.9051,3.2482,2.7975
0.57522,0.26521,0.73147,1.5204000000000002e-11,1.459e-10,2.1167999999999999e-10,-0.0013147,-0.033117,0.5324300000000001,0.00052913,0.011842,0.006022,0.0011842,0.0007307,0.010255,0.0079369,0.0059464,2.9473,2.9136,2.9286,3.5922,3.1133,3.0652
0.67343,0.11093,0.56491,0.0027291,0.00042744,0.00050243,-1.1881,0.45978,0.14775,0.00030236,0.006853399999999999,0.0019652999999999997,0.0014362,0.00047873,0.0061731,0.0021669000000000002,0.02507,1.5239,1.6673,1.5271,1.6997,1.8357,1.7566
0.5613100000000001,0.38639,0.19855,2.8275e-08,5.1787e-05,0.00010729999999999999,0.94409,1.1153,0.39902,0.0006803,0.0053668,0.0090959,0.0013102,0.00060472,0.007231399999999999,0.0093479,0.010809000000000001,1.0479,2.9347,2.2269,1.4282,2.2923,1.5283
0.61557,0.9500299999999999,0.37333,2.6259e-12,8.594299999999999e-10,2.988e-10,0.64405,0.77866,0.4129,0.00037795,0.0064754999999999995,0.0037543,0.0014866,0.00042834,0.005215699999999999,0.004913300000000001,0.021795,1.7195,1.3139,0.9334100000000001,2.5128,2.1912,2.1778
0.60507,0.54614,0.84839,1.0604000000000001e-11,2.9775999999999998e-08,2.5927e-09,-0.17347,0.9403600000000001,0.048225,0.00050393,0.0082644,0.0036534999999999996,0.0013606,0.00055432,0.007004600000000001,0.0048125,0.018293,2.6443,1.9548,1.3546,3.1756,3.1639999999999997,2.7074
0.58926,0.84026,0.46778000000000003,8.0065e-09,1.6354e-05,4.2738e-05,-0.21618,-0.0051533,0.62115,0.00027716,0.0054676,0.0031496,0.001537,0.00037795,0.0036534999999999996,0.0050897,0.024894,1.916,2.2696,2.2024,2.0171,1.6503,2.3387
0.5937600000000001,0.6483300000000001,0.78667,9.2269e-13,1.6702e-10,1.2782000000000002e-09,0.52658,0.14118,-0.52647,0.00037795,0.008466,0.005820399999999999,0.0011338,0.00078109,0.007962100000000001,0.006727500000000001,0.013178,1.2376,0.8386899999999999,0.8106899999999999,2.8401,2.5199,2.1124
0.60028,0.54697,0.6685800000000001,4.2798999999999995e-11,2.7989e-08,8.495900000000001e-10,1.9669999999999999,-0.11054000000000001,0.91165,0.00035275,0.006979399999999999,0.00577,0.0013858,0.00052913,0.0067023,0.0061478999999999995,0.016579,1.4464,0.74932,0.48954,2.1076,2.4041,1.4052
0.5198,0.31306,0.099478,6.1281e-05,0.0001217,8.2476e-07,-0.8388100000000001,0.62971,1.2984,0.00060472,0.0067023,0.0028724,0.0016882000000000002,0.00022677,0.0055432,0.0046865000000000006,0.022123,2.4293,2.7219,2.8257,2.7260000000000004,2.2004,2.3245
0.72931,0.039602,0.9044200000000001,0.0051792,7.649800000000001e-07,7.880599999999999e-06,-1.5741,-0.4426,-0.84936,0.00040314,0.0041826,0.001663,0.0017889,0.00012598,0.0034266999999999995,0.0022425,0.030614,2.521,1.2989,2.9621,3.0592,1.2081,2.5619
0.56967,0.71429,0.61205,1.4023e-11,1.2411000000000001e-08,3.9252e-08,-0.23855,-0.47116,-1.0628,7.5597e-05,0.0029230999999999997,0.00060477,0.0017387000000000001,0.00017639,0.0023183,0.0013103,0.035304,0.54895,1.1139,0.7248399999999999,0.59864,2.7572,2.3413
0.59926,0.34265,0.6712600000000001,2.3263e-09,0.00019112,9.8167e-06,0.048937,-0.38201999999999997,-0.5251600000000001,0.00050393,0.0054676,0.0038047,0.0016378,0.00027716,0.004359,0.0041573999999999995,0.024239,1.6058,1.4389,1.8027,2.4135,2.0849,2.0259
0.65291,0.21323000000000003,0.33352,0.00020269,0.00018263,0.00038205,-0.68718,0.36327,-0.71204,0.0007055,0.0065259,0.0050897,0.0011842,0.0007307,0.0069038,0.0048376999999999995,0.018469,2.0161,3.1753,2.6624,2.7684,2.9527,3.1619
0.39942,0.66327,0.18264,1.8322000000000002e-05,0.00020792,0.0017495000000000002,-0.31871,0.18104,0.79528,0.00045354,0.0069542,0.0036787,0.0016882000000000002,0.00022677,0.0062235,0.004233,0.020988999999999997,2.0508,2.3676,2.1951,2.7475,2.4074,2.3735
0.6662399999999999,0.155,0.48661000000000004,0.0014761,4.0080999999999995e-07,1.0666e-05,0.53796,1.0864,-1.0434,0.00052913,0.0087432,0.0058708,0.001411,0.00050393,0.008314799999999999,0.0057448,0.013328999999999999,2.3623,2.6032,2.4277,3.2824,2.5978,3.0128
0.3743,0.14926,0.65813,1.775e-07,2.8761000000000003e-06,7.6747e-09,0.20490999999999998,0.013588999999999999,-0.8884799999999999,7.5597e-05,0.00027719,0.00022679,0.0017890999999999998,0.00012599,0.00022679,0.00037798,0.041351,0.78765,0.9162,1.0129,2.1481,3.3841,2.2346
0.58367,0.92415,0.82476,2.5156999999999997e-11,3.0432e-06,5.1968e-08,-0.72853,0.0039258,-1.8631,0.00035275,0.0046865000000000006,0.0033763000000000005,0.0014362,0.00047873,0.004081800000000001,0.0036283,0.026406,2.0669999999999997,2.1952,2.2788,2.3914,2.5552,2.4438
0.62858,0.60674,0.37840999999999997,9.005e-07,0.0020823,0.00025609,0.81748,-0.49463999999999997,0.038966,0.00030236,0.005644,0.002948,0.0015118,0.00040314,0.005719600000000001,0.0026708,0.025247,2.168,2.8716,2.3998,2.1631,2.9342,2.7161
0.0,0.0,1.0,0.0,0.0,3.1921999999999997e-15,0.0,0.0,0.0,0.00010895,0.00038132,0.00013619,0.0020155999999999998,5.4475e-05,0.00051751,5.4475e-05,0.044778,0.023188,0.023188,0.023188,0.06905399999999999,0.06905399999999999,0.06905399999999999
0.62531,0.37815,0.93739,2.6479e-12,2.4572e-10,1.6311000000000002e-10,0.89059,-0.46976,0.043136,0.00035277,0.0087436,0.0044096000000000005,0.0012599,0.00065514,0.008642799999999999,0.0042836,0.016101,2.1328,2.5689,1.8218,3.2605,3.2853,2.9788
0.57755,0.54867,0.68723,2.2397e-05,0.00026210000000000003,4.0359e-05,-0.36166,0.09293799999999999,0.20359000000000002,0.00042836,0.0049387,0.0012347,0.0017385999999999999,0.00017638,0.0026206,0.0031497,0.030162,1.0385,1.268,0.9816799999999999,1.5261,1.3989,1.0806
0.59867,0.09641799999999999,0.8042199999999999,9.5952e-10,2.518e-09,2.7302e-10,0.39629000000000003,-0.42821000000000004,0.67718,0.00060472,0.0094487,0.0051148999999999995,0.0015622,0.00035275,0.0087936,0.0053165,0.013253000000000001,1.7875,1.801,1.2416,2.9869,3.3533,2.9104
