0.20201,0.09452200000000001,0.59431,9.5041e-09,9.9655e-09,1.1795e-07,-0.9128,0.37866,0.4322,0.00085668,0.011086,0.005568399999999999,0.001159,0.00075589,0.0097006,0.0068786,0.008440799999999998,3.0205,2.5998,2.8487,2.7554,2.5229,2.0855
0.46355,0.14675,0.39449,4.241600000000001e-09,7.16e-08,2.5311999999999997e-09,0.43943000000000004,0.31901999999999997,-0.074107,0.00080629,0.011817,0.0053668,0.0013606,0.00055432,0.010331,0.0074329999999999995,0.0067779,2.9246,2.8846,1.8413,3.5427,3.0854,3.1219
0.094695,0.15567,0.6077,0.00013377,1.1056999999999998e-06,5.001e-07,2.0411,0.8740100000000001,0.89904,0.00030236,0.0062235,0.0050645,0.0014362,0.00047873,0.0038551,0.0051148999999999995,0.021971,2.3325,3.2266,2.7509,3.4016,3.1348,3.1533
0.46402,0.30643000000000004,0.28015999999999996,1.0228e-05,1.3476e-05,1.6257e-07,-0.23234000000000002,-0.17446,-0.35836,0.00022678,0.0037545,0.0031497,0.0012095,0.00070554,0.0035529000000000003,0.0030993,0.028751,3.2638,3.34,3.424,3.5274,3.3298,3.2619
0.44128,0.43215,0.28991,5.707999999999999e-06,0.00028993,5.0371e-06,-0.2616,-0.68925,0.247,0.00025196,0.005593600000000001,0.0040314,0.0016125999999999998,0.00030236,0.004560600000000001,0.006248699999999999,0.021845,2.8599,2.695,2.7825,2.9321,2.6065,2.7936
0.17493,0.090959,0.40721999999999997,4.0304e-08,2.7271e-08,3.7701000000000005e-09,0.28725,-0.93204,0.73645,0.00083148,0.012069,0.0057951999999999995,0.0012598,0.00065511,0.0099274,0.007584100000000001,0.006324300000000001,3.4301,3.1927,2.1232,3.4836,3.4695,3.0681
0.52488,0.19438,0.35165,0.00022743,1.449e-06,2.1581e-06,0.48127,0.16509000000000001,-0.2849,0.00055432,0.009877,0.0041573999999999995,0.0012345999999999998,0.0006803,0.008592,0.0061478999999999995,0.013203,2.5019,1.9986,2.253,2.1743,2.0543,2.7168
0.54645,0.67702,0.3387,9.947e-10,4.3394e-06,1.1164e-08,-0.64604,-0.25721,0.20127,0.0007307,0.012195000000000001,0.006727500000000001,0.0010834000000000002,0.00083148,0.009625100000000001,0.0080125,0.0052409,3.2744,3.4161,3.2201,3.4207,3.0772,3.5613
0.25488,0.088885,0.43327,2.9188e-08,2.2966000000000002e-08,2.1471999999999998e-09,-0.032357,-0.58541,-0.5425800000000001,0.00065511,0.011590000000000001,0.006299100000000001,0.0010834000000000002,0.00083148,0.01028,0.007080199999999999,0.006626699999999999,3.0293,2.562,2.1569,3.3219,3.1987,3.3914
0.33034,0.073931,0.3973,3.0193e-06,4.3819e-08,2.2589e-08,-0.77769,0.10578,-0.1685,0.0007307,0.011187,0.0060472,0.0011842,0.0007307,0.0091715,0.0073574,0.0080377,2.8307,2.4272,1.8192,3.2794,3.1006,2.8579
0.54799,0.5787800000000001,0.2665,1.2864999999999998e-09,2.0384e-06,5.5421000000000005e-09,-0.065495,-0.18569000000000002,0.55199,0.0006803,0.010482,0.0064251,0.0012094,0.0007055,0.009020299999999998,0.0074329999999999995,0.0084912,3.0074,3.3509,2.213,3.6866,3.4147,3.2309
0.43773,0.16363,0.43168999999999996,3.7063e-11,2.1116000000000002e-08,6.1266e-09,-0.21894,-0.6087899999999999,0.19525,0.00075589,0.01096,0.0053668,0.0012345999999999998,0.0006803,0.009070700000000001,0.0067779,0.0095999,3.3229,2.7024,2.1447,3.1478,3.1641,3.1414
0.42382,0.22765,0.32654,3.8242e-06,4.8607e-05,4.6317e-06,-0.27385,-1.2304,1.7198,0.00017639,0.006854099999999999,0.0018899000000000001,0.0015875,0.00032759,0.0076857,0.0027719000000000003,0.023158,3.3745,3.2051,2.9132,3.2513,3.5303,2.7722
0.27746,0.099639,0.46076000000000006,1.8443e-07,3.753099999999999e-09,2.4181999999999998e-09,0.71114,-0.90946,-0.28581,0.00078109,0.011590000000000001,0.0068281999999999995,0.0011338,0.00078109,0.0093479,0.008466,0.005518,2.9056,3.0786,1.7855,2.8315,3.2046,3.0232
0.15507,0.16524,0.43495,0.00073462,1.9361e-06,5.058e-07,-0.66089,0.35291999999999996,0.5342899999999999,0.00027716,0.0042078,0.004560600000000001,0.0014362,0.00047873,0.0026708,0.0045858,0.02623,2.9565,2.5839999999999996,2.5445,2.7148,3.16,2.8503
0.40660999999999997,0.17327,0.36341999999999997,8.9276e-05,1.24e-05,9.1361e-06,1.6034,0.12822,-0.57614,0.00035278,0.0070305,0.0019150999999999999,0.0015370999999999998,0.00037798,0.0042334,0.003679,0.025325,2.7310000000000003,2.049,2.2732,2.7961,2.3059,2.0364
0.34943,0.09881799999999999,0.45083999999999996,8.812599999999999e-08,2.6863999999999998e-08,9.555099999999999e-08,0.49488999999999994,0.32691,-0.32219000000000003,0.00075589,0.011792,0.0063747,0.0011086,0.00080629,0.010784,0.0073322000000000005,0.005492800000000001,3.0954,3.0119,3.0543,3.2652,3.1704,2.9133
0.20398,0.133,0.44005,1.2473e-09,6.9299e-09,4.5848e-09,-0.20043,0.9893799999999999,-0.57419,0.00080629,0.013027,0.0057448,0.0011842,0.0007307,0.010834,0.007458199999999999,0.0046613,3.0364,2.8965,2.5278,3.5245,3.1416,3.3810000000000002
0.49623999999999996,0.50356,0.22448,1.7731e-08,1.9488e-05,1.0984e-06,1.1252,0.7455,1.7113,0.00062991,0.0088944,0.005644,0.0014614,0.00045354,0.007684899999999999,0.0071306,0.012548,1.5751,1.7124,1.4623,1.9924,2.9844,3.111
0.22250999999999999,0.098486,0.58705,3.3145e-08,8.694799999999999e-11,5.8902e-08,-0.20332999999999998,1.4180000000000001,-0.30283000000000004,0.00078109,0.01149,0.0057951999999999995,0.0011086,0.00080629,0.009650200000000001,0.0084912,0.006324300000000001,3.1433,2.9605,2.4563,3.6093,3.3211,3.1443
0.5174,0.6032,0.32865,8.575299999999999e-11,7.4028e-07,1.8694e-09,-0.029115,-0.38823,-0.38040999999999997,0.00078109,0.011994,0.0066771,0.0010079000000000002,0.00090707,0.01023,0.0070298,0.005820399999999999,3.0351,3.2564,2.9792,3.3384,3.2467,3.2193
0.56429,0.22316,0.33973000000000003,9.7436e-09,7.185399999999999e-08,2.7446999999999998e-08,-0.14198,0.030927,-0.013822,0.00075589,0.011313,0.005518,0.0014362,0.00047873,0.0095999,0.0074329999999999995,0.0079117,3.0541,2.9108,2.8905,2.9841,2.9316,3.1045
0.2537,0.06264299999999999,0.44198999999999994,4.698e-07,6.9379e-08,6.741e-06,0.5463899999999999,-0.48628000000000005,-0.46119,0.00060472,0.0082392,0.005140100000000001,0.0014614,0.00045354,0.006727500000000001,0.007584100000000001,0.014236000000000002,1.4874,2.214,1.9655,2.2107,2.2042,1.8568
0.39094,0.11972999999999999,0.41508999999999996,1.9741e-06,5.0531e-08,2.7752e-07,-0.55591,0.28246,0.31701,0.00083148,0.01086,0.0063747,0.0013858,0.00052913,0.008617200000000002,0.008440799999999998,0.0074078,2.8185,2.7337,3.0233,3.1955,3.3734,3.3498
0.33444,0.20069,0.33095,6.7708e-07,3.6973e-06,2.4311e-08,-0.012593,0.021348,0.7834300000000001,0.00015118,0.0073574,0.0036534999999999996,0.001411,0.00050393,0.008440799999999998,0.0048629,0.018066,2.9535,3.0802,2.7528,3.2793,3.1884,2.7523
0.41808,0.27007,0.27798,8.863200000000001e-08,3.3169999999999998e-06,1.0409e-07,0.17577,-0.84124,-0.084512,0.0006803,0.011767,0.0064251,0.0011842,0.0007307,0.010431000000000001,0.007659699999999999,0.005568399999999999,3.3224,3.1833,2.8612,3.3167,3.3493,3.1397
0.44592,0.12046,0.40355,2.1324999999999998e-07,2.749e-07,2.904e-08,0.29341999999999996,-0.63158,-0.08768300000000001,0.00042834,0.006803,0.0064503,0.0013606,0.00055432,0.0055432,0.006324300000000001,0.016982,2.2767,2.8492,1.8841,3.4355,3.4446,3.1514
0.4424,0.12961,0.36528,1.7119e-08,3.4019e-08,1.7365e-08,-0.073951,-0.39959,-0.43665,0.0006803,0.011691,0.0059212,0.0011842,0.0007307,0.010556999999999999,0.0073826000000000004,0.006299100000000001,3.2568,2.3653,2.6221,3.5231,3.3359,3.2764
0.37611999999999995,0.072575,0.40001,2.3611e-06,2.4997e-08,7.2855e-09,-0.63434,0.076922,0.16178,0.0007307,0.011011,0.0068281999999999995,0.0010834000000000002,0.00083148,0.009751000000000001,0.00834,0.0058708,3.1215,2.855,2.384,3.2164,3.3509,3.0961
0.32825,0.069941,0.45073,2.2541e-06,7.2450000000000005e-09,6.7869e-08,0.21858000000000002,0.067633,2.8789,0.00060472,0.010633,0.0052661,0.0013606,0.00055432,0.0091463,0.006626699999999999,0.010255,0.7147600000000001,1.9339,0.83841,2.6051,3.1558,2.4709
0.53245,0.88084,0.23342,1.7815e-10,7.7842e-07,4.7556e-09,-0.6098899999999999,-0.61619,-0.27781,0.0007055,0.011162,0.006853399999999999,0.0013858,0.00052913,0.010079000000000001,0.0085416,0.0051905,3.3504,3.261,2.9764,3.5295,3.5369,3.1884
0.13058,0.5046,0.17129,2.0193e-09,1.2414999999999998e-07,2.6401999999999996e-09,0.15012,0.29648,0.8023,0.00065511,0.0084156,0.005719600000000001,0.0012094,0.0007055,0.0077856999999999996,0.006929,0.013027,2.7066,2.5203,1.8766,3.3419,3.0081,2.8484
0.24515,0.088588,0.56896,2.3541000000000001e-07,2.9037e-09,6.688399999999999e-08,0.27518000000000004,0.4014,-0.10927,0.00078109,0.011691,0.0062739,0.00095747,0.00095747,0.01023,0.007810899999999999,0.0057448,2.5155,2.8519,2.4517,2.5398,2.8458,2.3297
0.27952,0.19003,0.40376,6.3044e-07,1.3843e-05,4.4993e-06,-1.0304,0.70931,0.24379,0.00020158,0.007231699999999999,0.0045104,0.0013859000000000002,0.00052915,0.005039500000000001,0.006072600000000001,0.019478,2.3211,1.4603,2.5522,2.9405,2.6551,3.0665
0.43651999999999996,0.12397000000000001,0.40281999999999996,4.2298e-08,1.2519e-07,1.0491e-08,-2.4108,-1.036,2.0423,0.00055432,0.010633,0.007080199999999999,0.001159,0.00075589,0.0091715,0.008188899999999999,0.0069038,2.1514,3.1630000000000003,2.353,3.46,3.1265,3.2293
0.47536999999999996,0.39235,0.3322,4.8186e-06,2.58e-05,8.203e-07,-0.046644,0.1857,-0.32656,7.5597e-05,0.0056446000000000005,0.0018143,0.0016127,0.00030239,0.0020159,0.0045861999999999995,0.028399,2.3441,2.3748,2.1147,2.0869999999999997,2.6785,2.4453
0.76044,0.5170100000000001,0.17824,0.0023712,0.00015412,3.0008e-05,-0.81912,0.39542,1.3621,0.00022678,0.0061734,0.0023182,0.0014867,0.00042836,0.0048632,0.0031749,0.025776999999999998,2.3979,1.0455,1.3666,2.5721,1.7664,1.4512
0.44206000000000006,0.12130999999999999,0.40083,1.1099e-07,1.3482e-05,1.4627000000000002e-06,0.21486,0.13547,1.3728,0.00047873,0.007962100000000001,0.0050393,0.0013354,0.00057952,0.0072818,0.005392,0.016378,1.5782,2.3128,2.0931,2.9291,2.612,2.9908
0.22712,0.11555,0.4224,6.0436e-08,1.2427999999999999e-08,1.6493e-08,-0.34631999999999996,-0.14024,-0.56115,0.00055432,0.010129,0.0060472,0.001159,0.00075589,0.009977799999999998,0.0075588999999999995,0.0082644,3.0494,2.7645,2.2129,3.299,3.1722,3.0251
0.57223,0.7117600000000001,0.3067,3.0699e-10,1.0156e-06,2.5750000000000002e-08,0.07218,-0.0064045000000000005,0.21566,0.00075589,0.012069,0.0064503,0.001159,0.00075589,0.010129,0.008466,0.0046613,3.1,3.2049,2.3933,3.5968,3.418,3.1172
0.46513999999999994,0.36572,0.2988,3.6012e-08,2.4185e-07,5.6512000000000003e-08,-0.32284,0.72342,-0.65585,0.0007055,0.011137000000000001,0.0058456,0.0011842,0.0007307,0.010104,0.008188899999999999,0.006551100000000001,2.4894,2.5491,2.5939,3.1501,3.3739999999999997,2.8306
0.31522,0.099172,0.48795,1.3745e-07,5.6734e-09,1.6184e-05,-0.44556999999999997,0.3561,0.73642,0.00062991,0.0065259,0.0042078,0.0013858,0.00052913,0.0066771,0.0050393,0.019452,1.2957,1.113,1.2717,1.3851,1.4864,1.1669
0.1101,0.50847,0.17357999999999998,2.1464e-09,2.4675e-05,1.9845e-06,0.35670999999999997,0.53272,1.3356,0.00075589,0.0097258,0.0070298,0.0011842,0.0007307,0.0094487,0.008188899999999999,0.0073826000000000004,1.9553,2.9576,2.2794,1.7453,3.3839,2.7562
0.32209,0.093144,0.43878,4.497600000000001e-07,1.0224999999999999e-08,2.1441999999999997e-09,0.27936,-1.1601,0.14477,0.00055432,0.011137000000000001,0.005518,0.001285,0.00062991,0.010205,0.007684899999999999,0.0074329999999999995,3.2466,2.9476,2.1471,3.3586,3.3336,3.1518
0.45942,0.33204,0.3338,2.4048e-05,6.6362e-05,1.8385000000000002e-07,-0.26161999999999996,0.6655800000000001,0.042948,0.00020159,0.0062493,0.0035781999999999997,0.0015119,0.00040318,0.0035781999999999997,0.0055942,0.023334,3.1029,3.3212,3.034,3.0884,3.3211,2.9214
0.19483,0.11241,0.39418000000000003,6.3479e-08,2.7256e-08,1.0219e-08,-0.036493,0.37917,0.11093,0.00062991,0.011715999999999999,0.0064503,0.0011842,0.0007307,0.009625100000000001,0.0082896,0.005820399999999999,3.19,2.7946,2.4485,2.9812,3.4132,3.265
0.27705,0.24973,0.36867,8.3163e-07,2e-05,1.0445000000000001e-06,-0.18477000000000002,0.75063,-0.17147,0.00016342,0.010131999999999999,0.00049027,0.0020155999999999998,5.4475e-05,0.0097238,0.00016342,0.025304,2.1874,2.4474,2.0292,2.563,2.6189999999999998,2.4464
0.13848,0.40009,0.52245,1.4014e-07,3.5525e-05,8.8421e-05,-1.2469,1.3712,-0.029187,0.00065511,0.009020299999999998,0.0060723,0.0013102,0.00060472,0.0078865,0.0083904,0.010506999999999999,2.9132,2.8612,2.6348,2.9464,3.1441,3.0678
0.19877999999999998,0.32899,0.1241,0.0022044,5.8713000000000005e-05,5.3466000000000006e-05,-0.15026,0.5505,0.64354,0.00040314,0.0062235,0.0059464,0.0015622,0.00035275,0.0042078,0.006651899999999999,0.019099,1.2984,0.9835,1.5141,1.9691,1.8783,1.4428
0.39278,0.087042,0.41607,2.2333000000000003e-06,2.0884000000000002e-05,2.2761e-06,-0.18809,0.84791,-1.7480000000000002,0.00060472,0.011262999999999999,0.0052409,0.001285,0.00062991,0.009196700000000002,0.0063495,0.009877,1.0144,1.6797,0.44846,2.9002,1.2478,2.8162
0.55992,0.6772699999999999,0.21331,5.6762999999999995e-09,2.5708000000000002e-05,7.3649e-07,0.43604,0.52698,-0.54948,0.00027716,0.0051148999999999995,0.0027716,0.0014614,0.00045354,0.004107,0.0034015,0.026858999999999997,2.4289,2.755,2.4458,2.6933,2.8298,2.8909
0.55565,0.80184,0.17975,4.2531000000000005e-09,8.302599999999999e-06,9.821500000000001e-08,-0.027013,-0.77733,0.044554,0.00055432,0.010381,0.0056692,0.0010331,0.00088188,0.0094235,0.006929,0.009574700000000002,3.3419,2.9248,2.8661,3.1875,2.682,3.2998
0.77352,0.067584,0.72807,8.607799999999999e-07,9.5728e-10,2.1650999999999996e-08,0.21298000000000003,-0.7432,-0.25686,0.00075589,0.013279,0.0056692,0.0011086,0.00080629,0.01091,0.0077353000000000005,0.0041826,3.0373,3.1033,3.0282,3.514,3.312,3.1787
0.25423,0.09035900000000001,0.56521,2.3449e-08,2.0122999999999998e-09,1.8267e-07,-0.1028,0.022972,0.082124,0.00075589,0.012472,0.005896,0.0011842,0.0007307,0.010079000000000001,0.007810899999999999,0.005518,2.8776,3.1267,3.2044,3.3211,2.8177,3.2247
0.8516,0.22269,0.32065,0.0005802,4.2662e-06,8.985799999999999e-05,-1.0837,0.22324000000000002,1.4874,0.00032755,0.0036283,0.0038299,0.0015874,0.00032755,0.0032755,0.0048881,0.026581999999999998,1.7915,1.8128,1.5232,2.6537,2.0801,2.0213
0.29669,0.060578,0.45903999999999995,3.0199e-07,3.0415e-09,6.391799999999999e-09,-0.37334,0.019147,-0.1682,0.00052913,0.0088944,0.0059464,0.0011842,0.0007307,0.0071558,0.007206199999999999,0.0128,3.1384,2.8918,1.6416,3.35,3.3335,2.8589
0.21141999999999997,0.099995,0.5445300000000001,1.3278000000000002e-08,2.1481999999999997e-09,2.7879e-08,0.22707,-0.0102,1.0821,0.00052913,0.010205,0.007181,0.0011842,0.0007307,0.008667600000000001,0.0078613,0.0080881,3.0944,2.767,2.8166,3.3617,3.2969999999999997,3.0942
0.35111,0.11838,0.50756,8.306299999999999e-07,3.5544e-08,3.7779000000000003e-06,-0.32941,0.4706,0.43244,0.00015119,0.006249,0.0023434000000000003,0.001663,0.00025198,0.00083152,0.0056443000000000005,0.027313999999999998,1.6154,2.0664,1.9239,1.754,2.2606,2.3505
0.5026,0.55816,0.24125,4.802000000000001e-07,0.00012576,3.3274e-07,0.33249,0.47308999999999996,-0.39866999999999997,0.00032759,0.0078369,0.0021167,0.0015119,0.00040318,0.005065,0.0038554,0.023334,2.4029,2.5131,2.5426,2.7732,2.4956,3.0989
0.093274,0.51564,0.25998000000000004,1.3025e-07,2.2001e-06,3.1907e-08,0.28365999999999997,1.0004,-0.33809,0.00062991,0.010255,0.0067527,0.0012345999999999998,0.0006803,0.009574700000000002,0.007055,0.0082644,2.7855,3.0453,2.9923,3.0123,3.358,3.0909
0.38424,0.20165,0.36251,5.8428e-07,1.5601e-06,4.5552e-06,-0.32124,0.31566,1.8987,0.00052915,0.006425399999999999,0.0025702,0.0016127,0.00030237,0.002041,0.0056947,0.025273,1.9464,1.9306,1.9937,2.4253,1.7504,2.0624
0.44272,0.23755,0.29259,2.0117000000000002e-07,8.3315e-07,1.0117e-08,0.24181999999999998,0.48333999999999994,0.4768,0.0006803,0.011061,0.0057951999999999995,0.0011338,0.00078109,0.0097258,0.007584100000000001,0.007684899999999999,3.1366,3.138,2.7579,3.5261,3.2039999999999997,3.2334
0.26923,0.10686,0.32784,0.0024693000000000002,2.6426999999999997e-06,1.2428e-05,3.5994,0.12335,0.2811,0.00055432,0.00834,0.006299100000000001,0.0013102,0.00060472,0.0067779,0.0074834,0.013077000000000002,1.7107,3.0660000000000003,2.435,1.7705,3.2207,2.5921
0.46601000000000004,0.1463,0.34934,6.734399999999999e-07,9.5425e-07,3.1548e-08,-1.5748,-0.15649000000000002,0.094512,0.00060472,0.010935,0.006500700000000001,0.0010331,0.00088188,0.0095243,0.0079369,0.0070298,3.2416,3.1321,2.2049,3.4330000000000003,3.2725,2.7591
0.29357,0.055871000000000004,0.37746999999999997,1.7263e-05,2.4197e-07,1.9295e-08,0.22951999999999997,-0.41395,0.38850999999999997,0.00078109,0.011464,0.006248699999999999,0.0012094,0.0007055,0.010834,0.007306999999999999,0.005896,3.2765,3.0005,2.8517,3.4882,3.2038,3.2978
0.17342,0.35461,0.31403000000000003,0.0014342,0.00035207,2.0617e-05,0.15534,0.063011,0.8320799999999999,0.00055432,0.0084156,0.0053165,0.0013858,0.00052913,0.007306999999999999,0.0065763,0.014362,2.7478,3.0571,2.8777,2.9796,3.036,3.218
0.22826999999999997,0.10985999999999999,0.54373,8.6303e-08,2.2135e-09,5.7698e-08,0.48606000000000005,0.19771,0.38854,0.0007307,0.01086,0.007055,0.0010079000000000002,0.00090707,0.0097762,0.0077605,0.0063495,3.0345,3.2239999999999998,2.8459,3.2403,3.3447,3.0745
0.4397,0.16854,0.4247,7.0288e-09,2.1568e-08,4.8912e-09,0.3788,-0.80608,-0.78688,0.00075589,0.011389,0.0060472,0.001285,0.00062991,0.0094487,0.0079369,0.0069542,3.3960000000000004,2.8718,2.3884,3.5605,3.3801,3.2102
0.23967,0.11911,0.48488000000000003,1.2938999999999998e-06,6.1204e-08,0.00014576,0.9506,0.44161000000000006,-0.6935,0.00015119,0.007005,0.0017385999999999999,0.0017385999999999999,0.00017638,0.0037545,0.0052411,0.024643,2.1253,1.9736,2.2421,1.8624,1.8265,1.7934
0.08347,0.33163000000000004,0.51425,8.917e-11,2.472e-09,9.9771e-09,1.5513,-0.75692,0.6511899999999999,0.00088188,0.011565,0.0064503,0.0011086,0.00080629,0.009650200000000001,0.0090455,0.0049385,3.2402,3.0158,2.0980000000000003,3.1379,3.4763,3.1255
0.45138999999999996,0.23067,0.32989,7.792600000000001e-07,4.3451e-06,1.3075e-07,0.58453,0.34807,-0.17837,0.00020157,0.005820399999999999,0.0048881,0.0011842,0.0007307,0.0059464,0.0042834,0.021391999999999998,3.2645,2.5909,2.9184,3.475,3.6254,2.6879
0.42863,0.097847,0.42713,4.0991e-08,2.7164e-07,6.5411e-07,0.044387,-0.2818,0.92796,0.00045354,0.010154,0.0058708,0.001411,0.00050393,0.0084912,0.0072566,0.010305,1.7055,2.2244,2.0035,1.9857,2.3432,3.2086
0.31059000000000003,0.102,0.44095,1.7819e-08,6.567099999999999e-08,1.0192000000000001e-08,-0.5796600000000001,0.68329,-0.34373000000000004,0.00080629,0.011162,0.006853399999999999,0.0010079000000000002,0.00090707,0.0097762,0.008188899999999999,0.0057448,2.9669,3.0325,2.3386,3.1341,3.4164,2.9882
0.54422,0.59388,0.26421999999999995,2.0933000000000002e-11,1.4286e-07,1.6692000000000002e-09,1.8704,0.47807,-0.35788000000000003,0.00080629,0.011439,0.0071306,0.0011338,0.00078109,0.0098014,0.008592,0.0047621,3.2921,3.1654,2.6763,3.1133,3.2689,3.1547
0.47551000000000004,0.2779,0.45219,6.4595e-08,2.1029e-06,1.1052e-05,0.32811999999999997,0.5390199999999999,0.6016100000000001,0.00040314,0.008314799999999999,0.0011842,0.0016882000000000002,0.00022677,0.0097762,0.0015118,0.021341,3.2341,3.1496,2.7909,2.9464,3.0224,3.2619
0.35996,0.062344000000000004,0.36298,2.5261e-07,4.3098e-08,2.0864e-09,0.33553,0.013821,-0.080692,0.0007307,0.010986,0.0064251,0.0012094,0.0007055,0.0097006,0.007684899999999999,0.007004600000000001,3.0171,2.4272,1.6358,3.5184,2.8672,2.9499
0.28242,0.29443,0.3014,5.1354e-06,3.3506e-06,2.8775e-06,-0.035362,0.025961,-0.33812,0.00020157,0.006500700000000001,0.0031748,0.0013858,0.00052913,0.005568399999999999,0.0034519,0.023634,2.052,1.9908,1.7068,2.1678,2.3895,1.5993
0.26791,0.1423,0.5052399999999999,2.857e-07,1.1762999999999999e-05,6.708099999999999e-06,0.1244,0.36198,0.1695,0.00035277,0.0078869,0.0032757,0.0014363,0.00047876,0.0035781,0.0066018,0.020838,2.0622,2.0806,2.2906,2.1472,2.5104,2.4655
0.11735999999999999,0.22916,0.5749,1.6443e-09,1.6599e-05,1.0423e-05,0.20234000000000002,-0.7114199999999999,-0.06410199999999999,0.00035275,0.005644,0.0033259,0.0013102,0.00060472,0.0052661,0.0035779,0.024365,2.9773,2.4289,2.5946,2.9122,2.7478,2.7209
0.29846,0.14376,0.29716,8.2698e-08,4.6439e-08,1.6689e-08,0.52708,-0.15497,0.37022,0.00075589,0.011414,0.007206199999999999,0.0010583,0.00085668,0.010255,0.0084156,0.004485,2.8142,3.1073,2.4523,3.5639999999999996,3.4027,3.0357
0.44528999999999996,0.14918,0.40786,4.8973000000000004e-08,2.8152999999999996e-10,1.1410000000000001e-08,-0.23178,0.049749,0.77285,0.00045354,0.010884999999999999,0.005392,0.0013354,0.00057952,0.010003,0.0073322000000000005,0.008466,3.0717,2.3571,1.4403,2.8157,2.9708,2.7925
0.15904000000000001,0.25004,0.29027,0.0031901,6.9685e-06,2.1501999999999998e-07,0.6070300000000001,-0.33021,-0.081865,0.0007307,0.0086424,0.0052409,0.0014362,0.00047873,0.007231399999999999,0.006929,0.013757,3.31,3.1173,2.5981,3.2186,2.8661,3.2249
0.53176,0.8369,0.27693,2.8288e-10,0.00017631,7.116e-06,0.075873,0.5778300000000001,0.21852,0.00020159,0.0062493,0.00085676,0.0015875,0.00032759,0.0052918,0.0020915,0.027844999999999998,2.2462,1.8873,2.2008,2.0965,1.8537,1.915
0.43038999999999994,0.13199,0.41444,1.0371999999999999e-08,1.8509e-08,9.3896e-10,-0.68357,0.025562,-0.017149,0.0006803,0.012573,0.0059212,0.0012094,0.0007055,0.010608,0.007659699999999999,0.0050897,3.153,3.17,2.1318,3.235,3.4819,3.1799
0.2744,0.09389700000000001,0.54885,6.8374e-08,2.9707e-09,9.9489e-05,0.41528999999999994,0.6853,0.87749,0.00080629,0.010506999999999999,0.006853399999999999,0.0013606,0.00055432,0.0089196,0.0077605,0.007684899999999999,1.3927,2.1871,1.5591,1.5323,2.5885,1.4323
0.33226999999999995,0.079175,0.42767,1.2553e-06,1.974e-08,8.8519e-06,0.30738000000000004,-0.063581,0.37756,0.00040314,0.010079000000000001,0.0063495,0.0011842,0.0007307,0.0080125,0.0085164,0.0091715,2.0254,1.8662,1.5859,1.3589,1.8459,1.6274
0.35984,0.19615,0.40654,4.6979e-05,0.00062538,3.9025e-05,-0.071146,0.6432100000000001,-1.4626,0.00032759,0.0068289,0.0013103,0.0016631,0.00025199,0.0045861999999999995,0.0026711,0.026812,1.7793,1.9123,2.3315,1.8429,1.6856,1.8734
0.12934,0.62664,0.32461,2.4959e-08,9.3785e-06,5.5848000000000005e-05,-2.454,-4.2468,-0.1457,0.00027719,0.0059721,0.0012095,0.0014615000000000001,0.00045358,0.0038805999999999997,0.0027215,0.028475,2.4143,1.7972,1.3902,2.6502,2.3205,1.9627
0.46193999999999996,0.10778,0.38226,2.8819e-10,2.4372e-09,2.8126e-09,0.94826,1.1296,0.095699,0.00060472,0.010784,0.006399899999999999,0.0010583,0.00085668,0.009574700000000002,0.008214,0.0069542,3.0253,2.5863,2.31,3.2975,2.7460000000000004,2.9209
0.49736,0.4748,0.19574,1.2935e-05,6.8267e-05,4.7411000000000004e-05,-0.76968,0.57833,1.1399,0.00065511,0.007080199999999999,0.0049637,0.0013858,0.00052913,0.006022,0.0059968,0.017814,1.5531,2.0362,1.1049,1.2504,1.8057,1.3891
0.32961,0.077808,0.39152,3.8845e-06,8.852700000000002e-09,1.4039e-08,-0.0152,-0.6231399999999999,0.33419,0.00083148,0.011842,0.0061731,0.0010834000000000002,0.00083148,0.010556999999999999,0.0081133,0.0050141000000000005,3.1496,3.2811,2.6496,3.1718,3.3354,3.0769
0.27748,0.081577,0.39232,3.8578e-06,1.2770000000000001e-08,4.6408e-09,0.070948,0.5100399999999999,0.12367,0.00085668,0.011918000000000002,0.0061983,0.0011842,0.0007307,0.010657999999999999,0.007306999999999999,0.005593600000000001,3.147,2.8262,2.1809,3.5786,3.2745,3.2234
0.54087,0.50781,0.20864000000000002,1.8829e-09,5.8543e-07,2.9528000000000004e-09,0.49954,0.19422999999999999,-0.5471,0.0007055,0.011061,0.007080199999999999,0.0011338,0.00078109,0.009650200000000001,0.0081385,0.005896,3.219,2.6418,1.6702,3.2908,3.5228,2.9243
0.45493,0.12608,0.34904,2.6667999999999998e-08,4.876399999999999e-07,2.5189e-09,-0.30577,-0.87339,0.66014,0.0006803,0.011162,0.0066771,0.0012345999999999998,0.0006803,0.010457,0.008214,0.0053417000000000004,3.0923,2.9079,2.8025,3.3939999999999997,3.537,3.3904
0.34878000000000003,0.066848,0.41822,2.8564999999999997e-06,4.4348999999999996e-08,3.2397e-09,0.0010115999999999999,-0.56748,0.011576999999999999,0.00055432,0.0094487,0.0076093,0.001159,0.00075589,0.008440799999999998,0.0090455,0.0074329999999999995,2.9667,2.9101,1.9582,3.6212,3.5167,3.1055
0.39501,0.074688,0.42745,6.241e-07,1.6198e-08,6.097200000000001e-06,-0.50659,0.5111100000000001,2.0999,0.00047876,0.0096507,0.0019402,0.0016378,0.00027717,0.0076097,0.0035781,0.019275999999999998,0.18685,0.76566,0.2443,1.4441,2.1881,1.6001
0.4026,0.1088,0.40503,5.116600000000001e-07,1.831e-07,4.9332e-05,-1.2208,0.78186,1.2742,0.00050393,0.0078865,0.0046865000000000006,0.001285,0.00062991,0.0065259,0.0059968,0.016932,0.4395,0.71995,0.97777,1.315,1.0439,1.912
0.53866,0.34625,0.32868,1.1219000000000001e-07,5.4607e-06,6.8345e-06,-0.14897,0.31223,0.9532700000000001,0.00035275,0.0080881,0.0053165,0.0013354,0.00057952,0.0065259,0.0061731,0.016075,1.4531,1.4875,1.8815,1.6105,1.4435,1.8032
0.28694000000000003,0.067508,0.44598999999999994,5.3085e-08,2.0435000000000002e-09,3.4414e-09,0.82436,0.32513000000000003,-0.053114,0.00075589,0.010003,0.0073322000000000005,0.0012094,0.0007055,0.0095243,0.0082392,0.0066771,2.8523,2.7743,1.8534,3.3324,3.2988,3.0039999999999996
0.42383000000000004,0.1191,0.42693000000000003,8.1114e-08,6.342600000000001e-09,2.0556e-09,-0.19669,-1.2203,0.25839,0.00083148,0.01086,0.006929,0.0012094,0.0007055,0.009650200000000001,0.0085668,0.0056944,2.9285,2.975,2.1391,3.3776,3.4885,3.2009
0.38256999999999997,0.10282000000000001,0.44203000000000003,1.3054e-07,2.6366999999999997e-08,1.6858e-08,-0.8187800000000001,-0.65955,1.6348,0.00085668,0.011590000000000001,0.0062235,0.001285,0.00062991,0.010583,0.0074834,0.0057951999999999995,2.231,1.8035,1.9223,2.6044,2.9186,3.1896
0.5583,0.13727999999999999,0.29268,0.00012332,4.2632e-06,8.004300000000001e-07,-0.91475,-0.70409,0.2152,0.00050393,0.0074329999999999995,0.0019652999999999997,0.0014362,0.00047873,0.0081637,0.0024189,0.022047,2.8775,2.9011,2.9325,2.9845,2.611,3.2632
0.1944,0.2255,0.34831999999999996,2.3409000000000003e-07,2.4128e-07,8.2583e-07,0.25096999999999997,1.9391,1.2206,0.00045354,0.0082896,0.0052661,0.0012345999999999998,0.0006803,0.0077856999999999996,0.0061983,0.014537999999999999,1.5489,2.0833,2.0016,1.2092,3.0684,1.913
0.42496000000000006,0.10834,0.4153,2.3139e-06,7.5482e-08,7.413099999999999e-06,-0.14248,0.81725,1.3394,0.00037797,0.0034773000000000004,0.0011591,0.0016378,0.00027717,0.0028221,0.0019402,0.032757,0.48644,0.69699,0.57465,0.80775,1.0503,0.5734899999999999
0.48673,0.20655,0.33261999999999997,3.4888e-09,2.0341e-06,7.7218e-08,1.0692,0.67256,0.30684,0.00012599,0.009550399999999999,0.0021671,0.0013859000000000002,0.00052918,0.0057957,0.006350100000000001,0.018546,3.1556,3.1408,1.9587,3.6991,3.4472,3.24
0.45488,0.42073,0.32719000000000004,1.5312e-06,3.8375e-05,5.972800000000001e-07,-0.8864,1.2052,-0.7226,0.00020159,0.007559699999999999,0.0020410999999999997,0.0015119,0.00040318,0.0037798000000000003,0.0039814,0.024972,2.8634,3.3665,2.8752,3.0236,3.477,3.4684
0.20209000000000002,0.11744,0.5348,8.3057e-09,1.6242999999999998e-07,8.3523e-08,0.22211,0.9202299999999999,-1.4877,0.00052913,0.009020299999999998,0.005644,0.0013354,0.00057952,0.0066771,0.0081637,0.012497,1.2884,2.6549,1.5871,2.4534,3.1826,2.5556
0.38494,0.093529,0.42107,6.5658e-07,4.1605e-08,2.0869000000000003e-09,-0.51222,-0.23356999999999997,-0.40185,0.00065511,0.011036,0.006022,0.0011086,0.00080629,0.0097006,0.008314799999999999,0.006803,2.7348,2.6682,1.8929,3.5367,3.4686,2.5140000000000002
0.21819000000000002,0.24561999999999998,0.30367,5.3531e-07,8.815599999999999e-06,8.364700000000001e-05,0.9601299999999999,1.1875,1.0949,0.00045354,0.0059968,0.0036787,0.001411,0.00050393,0.0058456,0.0051653,0.021391999999999998,2.2544,2.585,2.263,1.8688,2.003,1.8886
0.11790999999999999,0.41836,0.35059,4.890100000000001e-09,0.00010673,6.6357e-07,-0.36418,0.7005100000000001,-0.027420999999999997,0.00055432,0.0090959,0.0053417000000000004,0.0014362,0.00047873,0.0080629,0.007181,0.012296,2.9901,2.6964,2.9234,2.7195,3.0487,2.889
0.8423299999999999,0.052626,0.5999399999999999,0.0011622,3.6312e-09,3.7446999999999994e-07,-0.29819,1.0417,-0.51831,0.0007307,0.010884999999999999,0.0060975000000000005,0.0012094,0.0007055,0.0094487,0.0080377,0.0073322000000000005,2.5489,3.0795,3.1848,2.8741,3.2546,2.9073
0.5646399999999999,0.4063,0.14099,0.00022659,7.546e-05,3.2851e-05,1.5449,-0.21754,-0.40753,0.00017639,0.0075093,0.00093236,0.0016127,0.00030239,0.0030743000000000003,0.004183,0.026660000000000003,1.9801,1.8288,1.5977,2.1124,1.6278,1.3833
0.5541699999999999,0.43431000000000003,0.28681999999999996,6.493600000000001e-10,3.2184e-07,4.0543e-09,0.7741399999999999,0.26523,-1.3982,0.00075589,0.011389,0.0069542,0.001285,0.00062991,0.010104,0.0075337,0.0057951999999999995,2.91,2.9393,2.387,3.5043,3.2191,2.9993
0.35602,0.07775599999999999,0.39216999999999996,1.292e-07,5.0488e-08,2.3145e-09,-0.30056,0.5059,-0.47681,0.00078109,0.011414,0.0061227,0.0013354,0.00057952,0.010179,0.007004600000000001,0.0070298,3.0107,2.8127,1.4793,3.2611,3.3513,3.076
0.31798000000000004,0.05816,0.38454,1.4876e-05,4.2185e-08,7.025700000000001e-09,-0.7214,-0.14206,0.41401000000000004,0.0007307,0.010129,0.0066771,0.0011842,0.0007307,0.0089699,0.00834,0.007684899999999999,2.8062,2.8246,1.5125,3.2354,3.4332,2.7817
0.35515,0.0714,0.40399,7.108200000000001e-06,9.4583e-08,4.713600000000001e-09,-0.6298,-0.70355,0.20256,0.0006803,0.01154,0.006324300000000001,0.0010583,0.00085668,0.010608,0.007684899999999999,0.0056944,3.3217,2.6337,2.1774,3.2512,3.4948,3.3309
0.12697999999999998,0.061232,0.09828200000000001,8.3593e-06,4.1478999999999997e-07,1.4500999999999997e-10,-0.94868,1.4428,0.12477,0.00060472,0.011565,0.0061227,0.0011338,0.00078109,0.010305,0.007458199999999999,0.0064754999999999995,2.5287,2.5026,1.1326,3.0025,3.0328,2.9928
0.41917,0.13635999999999998,0.43892,5.7047999999999996e-09,6.6049999999999994e-09,5.5475e-09,-0.54461,0.010793,1.1066,0.00080629,0.011137000000000001,0.0064503,0.0010834000000000002,0.00083148,0.0097006,0.009196700000000002,0.0052409,2.9721,2.9937,2.1873,2.9828,3.5525,3.3126
0.41057,0.19691,0.33762,1.0244000000000001e-07,5.811e-07,7.955100000000001e-09,-0.01144,0.38776,-0.39245,0.00080629,0.011565,0.0066015,0.0011086,0.00080629,0.009625100000000001,0.0085668,0.0053668,2.7621,2.883,2.8578,3.4028,3.1077,3.2947
0.62016,0.40983,0.44536000000000003,0.00011144,4.6323000000000005e-06,6.4357e-07,-0.65803,-1.0418,-0.080749,0.00078109,0.012019,0.0061478999999999995,0.0010583,0.00085668,0.009851799999999999,0.008314799999999999,0.0054172,2.8406,3.2071,2.9354,2.7739999999999996,2.7565,3.1335
0.46376999999999996,0.17785,0.408,1.3509e-08,4.2402e-08,6.404e-09,1.0635,-0.58717,0.29327,0.00065511,0.010986,0.006727500000000001,0.0011338,0.00078109,0.0099022,0.008768399999999999,0.005492800000000001,3.3629,3.1383,2.0656,3.5056,2.8802,3.4539999999999997
0.56201,0.58435,0.31771,1.4597000000000002e-09,5.266399999999999e-07,1.0904e-08,1.2584,-0.7904,-0.14655,0.00085668,0.012094,0.0058708,0.0013354,0.00057952,0.01028,0.0079117,0.005518,3.0336,3.4485,2.1719999999999997,3.7523,3.49,3.2926
0.38013,0.071352,0.42894,6.554699999999999e-07,1.0648e-07,4.2638e-09,0.90671,-1.0974,-0.27369,0.00057952,0.012069,0.0059212,0.001159,0.00075589,0.01028,0.0070298,0.006651899999999999,2.7662,3.0086,2.325,3.4395,3.1594,3.1319999999999997
0.26735,0.28955,0.40795,1.052e-06,1.921e-05,2.8951999999999997e-05,-0.21511999999999998,-0.032934,0.070046,0.00042836,0.0081137,0.0044096000000000005,0.0013103,0.00060474,0.006702600000000001,0.0054427,0.017437,2.6277,2.6246,3.0969,3.222,2.5687,2.8574
0.48598,0.15344000000000002,0.27513000000000004,0.00017075,0.00012967,4.1721e-05,-0.17828,0.009780200000000001,0.10430999999999999,0.00057952,0.0077605,0.0050393,0.001537,0.00037795,0.0062235,0.006929,0.016,2.5173,1.6496,2.4746,2.9951,2.4521,2.5810000000000004
0.33484,0.27918000000000004,0.41079,3.1535e-05,0.00020119,3.0901999999999997e-05,0.25304,1.7011,-0.066303,0.00025196,0.0048125,0.0051148999999999995,0.0014362,0.00047873,0.0033510999999999997,0.0059968,0.023004,1.4317,1.3378,1.9580000000000002,2.4525,2.3313,1.9911
0.309,0.061323,0.4002,4.8583e-07,2.3303e-09,2.2723e-09,-1.0051,0.8313,2.6385,0.00065511,0.011616,0.0061731,0.001159,0.00075589,0.0099274,0.0077856999999999996,0.0063747,2.5398,2.5502,1.9557,3.2685,2.7572,3.1669
0.86887,0.065888,0.63069,6.4646e-07,1.5992999999999998e-09,3.8511e-08,-0.7105899999999999,0.1954,0.15165,0.00065511,0.011313,0.0058708,0.0013354,0.00057952,0.0099022,0.0073322000000000005,0.007458199999999999,3.2604,3.1857,2.6618,3.361,3.4189999999999996,3.2125
0.09159199999999999,0.22730999999999998,0.42618,8.36e-09,2.0828000000000004e-07,2.5379e-06,-0.6742600000000001,-0.092811,-0.020499,0.00042834,0.004913300000000001,0.003930599999999999,0.0017134000000000001,0.00020157,0.0030236,0.0056944,0.024541,2.1939,2.114,2.0339,2.1944,2.3754,2.2683
0.2627,0.06880599999999999,0.38592,1.0711e-05,1.2058e-08,2.0738e-09,0.051395,0.89849,0.14953,0.00085668,0.011742,0.0063747,0.0010079000000000002,0.00090707,0.010003,0.008214,0.0053417000000000004,3.1917,3.2093,3.0589999999999997,3.2761,3.4709,3.2337
0.48241999999999996,0.26523,0.32141,7.612100000000001e-09,1.3006e-06,2.8919e-09,-0.24311999999999998,-2.6228,0.55552,0.00050393,0.010255,0.006551100000000001,0.0011842,0.0007307,0.0095495,0.0079117,0.0077605,2.9395,3.0201,1.9698,3.5798,3.3541,3.2203
0.49494,0.19108,0.35804,1.8163000000000002e-08,4.4944e-06,1.6762999999999997e-07,0.63015,-0.3683,2.3887,0.00060472,0.009751000000000001,0.007055,0.0010834000000000002,0.00083148,0.0085416,0.0082392,0.00834,1.6277,2.9289,3.08,2.9582,2.9056,2.6452
0.42803,0.13921,0.40254,4.2619e-06,2.0225999999999999e-07,7.2204e-05,-0.46137,0.47983000000000003,1.0298,0.00042834,0.0071054,0.0045102,0.0014362,0.00047873,0.0066015,0.0052409,0.018645,0.97609,1.0972,0.72817,0.53308,1.0694,1.0802
0.29157,0.05677000000000001,0.46713000000000005,6.593000000000001e-07,2.0696e-08,5.0483e-06,0.36124,-0.6036,-0.20699,0.00027716,0.006803,0.0061478999999999995,0.0013606,0.00055432,0.0054172,0.007962100000000001,0.015924,2.2563,2.0183,2.0814,1.9349,2.2916,2.3912
0.38058000000000003,0.081939,0.37503000000000003,1.5833000000000002e-06,8.6214e-09,7.5696e-10,0.066335,-0.19975,-1.1004,0.00075589,0.011918000000000002,0.0060723,0.001159,0.00075589,0.009625100000000001,0.0081637,0.0059968,2.8869,2.4319,1.5399,3.1685,3.2587,3.0421
0.78675,0.16804000000000002,0.39676999999999996,0.006559699999999999,2.4239e-07,0.00027958,0.38839,0.096548,2.2428,0.0001008,0.0039562,0.0012347,0.0015370999999999998,0.00037798,0.0033766999999999994,0.0025451000000000002,0.031322,2.0132,1.1005,1.7415,2.0218,1.4343,1.7058
0.3318,0.08595599999999999,0.46329,1.4802e-07,2.1891e-09,1.3646e-08,0.029048,0.9666299999999999,0.19825,0.00062991,0.01222,0.0059716000000000005,0.0011086,0.00080629,0.010506999999999999,0.0067779,0.0064251,3.1791,2.8837,2.9229,3.0107,3.4053,3.1461
0.54701,0.56987,0.27081,2.7199e-10,1.1962e-06,7.0706e-08,-0.30955,0.71946,-0.12429000000000001,0.00060472,0.010079000000000001,0.0059212,0.001285,0.00062991,0.009070700000000001,0.007206199999999999,0.009650200000000001,1.8769999999999998,2.6057,2.3234,2.7952,2.4076,2.7482
0.47994,0.30866,0.30128,8.289799999999999e-08,1.6847e-06,1.3898e-07,-0.18642999999999998,-0.038612,1.1278,0.00042834,0.0060975000000000005,0.0033006999999999997,0.001159,0.00075589,0.0058708,0.0038803000000000006,0.022954,2.3174,2.4437,2.2638,3.5287,1.9363,2.3055
0.47762,0.2906,0.31603000000000003,1.8747000000000002e-05,2.8321e-05,7.356099999999999e-08,-0.74635,-0.26439,0.43556999999999996,0.00050395,0.0084916,0.004712,0.0012599,0.00065514,0.006425399999999999,0.0062238,0.016177,3.2996,3.3723,3.3413,3.5189,3.0389999999999997,3.0839
0.52925,0.61195,0.33035,2.563e-10,2.1027000000000002e-06,2.8990999999999998e-08,-0.47741000000000006,0.056715999999999996,-0.94929,0.00047873,0.0099022,0.006500700000000001,0.0012598,0.00065511,0.0086424,0.007987300000000001,0.009020299999999998,3.034,2.7017,3.005,3.2204,3.0811,2.9647
0.029725,0.21466999999999997,0.29729,2.2113000000000003e-05,1.0485e-06,2.9116e-08,1.2235,-0.8894700000000001,0.76917,0.00020159,0.007660500000000001,0.0011843,0.0015875,0.00032759,0.0060981,0.0028726999999999997,0.024519,2.3109,2.1386,1.285,3.1043,3.1952,2.9831
0.43617,0.32438,0.27442,5.600800000000001e-06,1.7097e-05,2.7961e-07,0.080597,0.67577,-0.28668000000000005,0.00032757,0.008441200000000001,0.0029481,0.0014867,0.00042836,0.0056191,0.0048632,0.020335,2.526,3.1146,3.3282,2.9064,3.3693,3.0218
0.31722,0.068499,0.43075,4.2703000000000003e-07,5.236e-09,2.4374000000000003e-09,-1.1014,-0.1473,-0.33801,0.0007055,0.011565,0.0061227,0.0010331,0.00088188,0.010255,0.007458199999999999,0.0064251,2.9152,2.8271,1.8034,3.2004,3.5911,3.0839
0.21228000000000002,0.10817,0.5754,1.6796999999999998e-08,5.764e-09,5.4026e-07,0.16088,0.22489,-0.36574,0.0006803,0.01028,0.0052661,0.001159,0.00075589,0.009398299999999998,0.006651899999999999,0.010255,2.9253,3.0307,2.7071,3.2777,3.0997,2.6295
0.22491,0.42382,0.047021,1.9752e-05,0.0013024,1.3042999999999998e-07,0.19116,1.4378,0.5596,0.00057952,0.011389,0.006651899999999999,0.0013606,0.00055432,0.009650200000000001,0.008188899999999999,0.0060723,3.1212,3.2307,2.6304,3.2938,3.3324,3.2227
0.074379,0.23001999999999997,0.57001,5.5264e-10,9.7579e-09,2.1936999999999999e-07,0.10465999999999999,-0.33969,-0.20012,0.00057952,0.011715999999999999,0.006248699999999999,0.0010079000000000002,0.00090707,0.009851799999999999,0.007684899999999999,0.0064503,3.0696,3.1688,2.897,3.5732,3.2973,3.0982
0.29825999999999997,0.1062,0.42094,9.3013e-08,3.5091e-09,1.8481000000000002e-08,-0.14138,0.057432000000000004,0.27554,0.0006803,0.011414,0.006324300000000001,0.0013102,0.00060472,0.009675399999999999,0.008314799999999999,0.0061227,3.1366,3.1799,3.0567,3.3823,3.3075,3.2808
0.55937,0.8646299999999999,0.17966,8.566699999999999e-10,2.8494000000000002e-05,1.3318e-07,-1.3219,-0.25508000000000003,-0.44055,0.00040314,0.006022,0.0034015,0.0013606,0.00055432,0.0049637,0.0042582,0.023483,2.7048,2.7131,1.86,2.6391,3.2479,2.7481
0.24836999999999998,0.12969,0.52331,3.5361999999999996e-07,8.557000000000001e-06,2.9712e-05,0.29481,1.5918,-0.20883000000000002,0.00042834,0.005392,0.0053417000000000004,0.0015118,0.00040314,0.0041826,0.0060723,0.021115000000000002,1.646,1.6222,1.7899,2.0445,1.3936,1.6651
0.39789,0.12077,0.4623,1.5443e-08,1.252e-08,3.3323e-09,0.58675,-0.65027,0.6603899999999999,0.00057952,0.010583,0.006248699999999999,0.0011338,0.00078109,0.009473899999999999,0.0080881,0.0075588999999999995,3.0598,3.1809,2.5963,3.659,3.2803,3.1345
0.37842,0.18648,0.39637,7.0021e-07,1.2726000000000001e-06,5.2021e-07,0.006309,-0.20178,0.32477,0.00027716,0.0068281999999999995,0.0056188,0.0013606,0.00055432,0.0049637,0.0071306,0.017713,2.0386,2.8244,2.1822,1.97,2.5664,1.9704
0.41712,0.08949800000000001,0.43623999999999996,1.8184e-08,1.8067e-08,6.6152e-09,1.0804,-0.046679000000000005,-0.089978,0.0007307,0.01212,0.005719600000000001,0.0011338,0.00078109,0.010457,0.0070298,0.0064754999999999995,2.9196,2.8519,1.8242,3.3145,3.2867,3.2194
0.50854,0.15383,0.37834,1.3184e-08,8.2928e-09,2.8485e-09,0.7991199999999999,0.0055478,-0.30723,0.00052913,0.011439,0.0060975000000000005,0.001159,0.00075589,0.0094991,0.0076093,0.0073574,3.1973,3.0067,2.0088,3.7013,3.2197,3.123
0.51398,0.18207,0.36716,2.0682e-08,2.2872e-07,3.517e-09,0.13076,1.4332,-0.9118200000000001,0.00065511,0.011389,0.0068281999999999995,0.0010834000000000002,0.00083148,0.0097258,0.0073826000000000004,0.006551100000000001,3.4239,2.5781,2.6602,3.2317,3.4442,3.1993
0.38225,0.19379000000000002,0.39266999999999996,1.1755e-05,0.00057025,5.6881e-06,-0.35933000000000004,1.2027,-0.094998,0.00035275,0.0065763,0.0059212,0.0013858,0.00052913,0.0049637,0.0066771,0.018040999999999998,1.8475,2.2649,1.7614,1.6748,2.1397,2.4697
0.39881,0.11690999999999999,0.46279,4.0351999999999995e-07,5.6588000000000004e-08,3.1936999999999996e-05,-0.37895,1.0679,1.1435,0.00078109,0.0097006,0.0055432,0.0011842,0.0007307,0.0093731,0.006500700000000001,0.010633,1.26,2.0087,0.7733399999999999,1.1073,2.008,1.255
0.36235,0.13652,0.439,6.4911e-06,1.7389000000000002e-05,0.00011053,-1.0776,0.10754000000000001,0.89023,0.00040314,0.0042078,0.0036787,0.001537,0.00037795,0.0031496,0.0050645,0.026027999999999996,1.2355,1.9504,1.3611,1.6404,2.2277,1.3903
0.28255,0.055314999999999996,0.37761,8.6917e-07,2.4369e-11,5.8262e-10,0.4486,0.36046999999999996,0.086274,0.00095747,0.010809000000000001,0.006651899999999999,0.0012094,0.0007055,0.0095495,0.0080125,0.006551100000000001,2.516,2.4198,1.8158,3.4677,3.123,3.0683
0.39345,0.08768200000000001,0.43385,6.2805e-08,8.135e-09,5.8948e-09,0.14222,0.49572,-0.74226,0.00050393,0.010986,0.006324300000000001,0.0010834000000000002,0.00083148,0.0089196,0.008667600000000001,0.0071306,2.8686,2.7979,1.7844,3.2401,3.4119,3.0399
0.30723,0.1727,0.34876999999999997,2.3168000000000002e-07,4.7024999999999997e-07,1.9095e-08,-0.057846,0.5291,-0.28295,0.00057952,0.010583,0.006727500000000001,0.0012094,0.0007055,0.0091463,0.0081133,0.0073826000000000004,2.7838,3.0682,2.9691,3.452,3.1958,3.097
0.42458,0.1478,0.44341,5.4832e-09,1.2058e-08,8.311000000000001e-10,-0.36115,-0.044573,-0.12397000000000001,0.00075589,0.01149,0.0060472,0.001159,0.00075589,0.0094991,0.008214,0.0065259,2.9411,2.6538,1.9807,3.1701,3.0657,2.8966
0.31003000000000003,0.24659,0.29915,2.0116e-05,0.00034661,6.7528e-06,-0.31546,0.22282,0.10131,0.00017638,0.0045356,0.0018142,0.0014111,0.00050395,0.0041324,0.002041,0.029833999999999996,2.623,1.6791,2.2281,2.9548,1.3745,1.8265
0.57831,0.69148,0.30791,1.0967e-09,4.7982e-06,5.6761e-08,-1.5141,0.24866999999999997,-0.30994,0.00057952,0.011187,0.0061983,0.0012345999999999998,0.0006803,0.0090959,0.0085668,0.0069038,2.8323,2.842,3.0054,3.4474,3.4568,3.2496
0.53875,0.83947,0.15186,6.459899999999999e-09,3.2186e-05,6.768999999999999e-09,0.15855,-0.19105,0.36008,0.00052913,0.0094487,0.0050141000000000005,0.0011842,0.0007307,0.0088692,0.0058708,0.0128,2.9858,3.1462,2.9694,3.3255,2.9816,3.1198
0.33024000000000003,0.20890999999999998,0.30958,3.0175999999999997e-06,9.504e-07,1.1278e-06,-0.35641999999999996,1.1435,-0.74397,0.00022677,0.0047621,0.0065763,0.0013102,0.00060472,0.0031496,0.006727500000000001,0.021089,2.7044,2.4725,3.154,2.6949,2.7574,3.2708
0.11835,0.11894,0.56096,2.1621e-05,8.159399999999999e-07,8.541e-06,-0.39328,-0.10274000000000001,1.1796,0.00055432,0.009751000000000001,0.0048881,0.0012345999999999998,0.0006803,0.0088692,0.0054424,0.013027,2.3472,1.6916,1.8891,2.955,2.292,1.9831
0.31614000000000003,0.060033,0.45078999999999997,6.2905999999999995e-06,2.5293e-08,2.5978999999999997e-07,-1.0224,0.5602600000000001,0.75763,0.00045354,0.009020299999999998,0.0059968,0.0013606,0.00055432,0.0074078,0.007659699999999999,0.011994,1.8326,1.6258,1.2246,1.8587,2.5601,2.5891
0.5664100000000001,0.578,0.10528,0.00053485,0.00078921,3.6748000000000006e-07,-0.37649,-0.27836,0.23084000000000002,0.00045356,0.010054,0.0029733,0.0014363,0.00047876,0.0078365,0.0050899,0.016127000000000002,2.8524,2.6801,1.8896,2.635,2.8432,2.6829
0.56428,0.57662,0.31618,1.6347999999999998e-09,9.240700000000001e-07,2.5743e-09,-0.25794,0.061411,0.42051000000000005,0.00083148,0.010884999999999999,0.0062235,0.0011338,0.00078109,0.0088944,0.0085668,0.0071306,2.5654,2.8958,2.3675,3.3671,3.3664,2.9751
0.58935,0.15469000000000002,0.30101999999999995,8.6519e-05,1.1242e-06,4.393e-06,0.051723000000000005,0.7386199999999999,0.10399000000000001,0.00045354,0.0074834,0.0042834,0.0015118,0.00040314,0.0062235,0.0049385,0.019149,1.8217,2.0205,1.6231,1.6439,2.5484,1.8484
0.40181,0.10718,0.43366000000000005,2.85e-08,1.1544e-08,3.6515999999999997e-09,0.14723,0.6179600000000001,0.19902,0.00075589,0.011187,0.0056944,0.0013606,0.00055432,0.011137000000000001,0.0069542,0.006803,2.5406,2.6704,2.6054,3.2201,3.0156,2.8266
0.29333000000000004,0.11066,0.48044,8.1327e-07,1.1858e-08,3.7532e-06,0.068648,-0.09070399999999999,-1.9764,0.00022677,0.0050897,0.0031244,0.0015622,0.00035275,0.004560600000000001,0.0043841999999999996,0.025146,2.0612,2.185,2.1106,2.0318,2.448,2.2726
0.46965,0.13214,0.35698,1.1102e-08,2.6519e-08,4.776899999999999e-09,0.31861999999999996,-0.22161,-0.024072,0.00083148,0.011817,0.0067527,0.0011086,0.00080629,0.010759000000000001,0.0074329999999999995,0.0049385,3.1419,2.7131,2.4083,3.48,3.4188,3.4044
0.27758,0.12648,0.51949,1.3017e-06,1.8403e-08,5.1413000000000004e-05,-0.15306,0.45381000000000005,1.6538,0.00027717,0.009348299999999999,0.0030237,0.0016378,0.00027717,0.0018394000000000001,0.0078365,0.020209,2.0017,2.0874,2.0798,1.953,2.2287,2.2282
0.42591999999999997,0.17445,0.42783000000000004,7.7751e-09,9.1172e-09,1.0935e-08,-0.26466999999999996,0.50797,-0.50365,0.0007307,0.011515000000000001,0.006803,0.0010583,0.00085668,0.0094487,0.0080881,0.0059464,2.9467,2.8688,2.3744,3.1578,3.3234,3.2362
0.54508,0.80313,0.28645,5.076600000000001e-10,1.5031e-06,1.7411e-08,-0.8814799999999999,0.33382,0.42048,0.00078109,0.011590000000000001,0.006929,0.0010583,0.00085668,0.010205,0.0085668,0.0044598,2.9521,3.2678,2.3496,3.5306,3.6310000000000002,3.1829
0.58721,0.1132,0.61049,0.0013595999999999999,0.000227,3.435e-05,-1.2796,0.28629,0.45266000000000006,0.00060472,0.011011,0.0060472,0.0012345999999999998,0.0006803,0.01096,0.006929,0.006979399999999999,2.8288,2.5317,2.2525,2.4619,2.156,3.0495
0.79203,0.29711,0.25372,0.0016787,3.6566000000000003e-06,1.3846e-05,-0.42557,-0.36296,-1.2254,0.00050393,0.0071558,0.0043338000000000005,0.0013858,0.00052913,0.005820399999999999,0.0051148999999999995,0.019603,2.8854,3.3085,3.1148,3.2239999999999998,3.47,3.1679
0.36151,0.16418,0.40963,8.0887e-07,2.1103999999999997e-06,1.9972e-06,0.21238,0.9694,0.043909,0.00057955,0.0098523,0.0036033000000000003,0.0014867,0.00042836,0.0056443000000000005,0.006626999999999999,0.016227000000000002,1.992,2.5122,1.9756,1.9514,2.1169,2.31
0.14181,0.23163000000000003,0.6513100000000001,2.4275e-06,9.1049e-06,0.00018758,-0.44148000000000004,0.38953000000000004,-1.0493,0.00012599,0.009348299999999999,0.002671,0.0015119,0.00040316,0.0074332999999999995,0.0044348,0.01852,2.6373,2.5131,2.4219999999999997,3.0404,2.8766,2.8367
0.25686,0.07883,0.41755,4.008e-06,1.2801e-07,3.3698000000000003e-06,-0.76446,0.63426,-1.1157,0.00047873,0.006853399999999999,0.005820399999999999,0.0013102,0.00060472,0.0052409,0.0065259,0.017612,2.0036,2.2634,1.9401,1.6673,2.3238,1.8805
