-7.811425319864624406e+00,1.910665478833245778e+00,1.000000000000000000e+00
-8.566401290916426658e-01,-9.639106894504074319e+00,3.000000000000000000e+00
2.885077378258123382e+00,4.785598151171398307e+00,0.000000000000000000e+00
-1.405758320622594759e+00,-7.364262241128905373e+00,3.000000000000000000e+00
4.447211368293935152e-02,-8.998422862787151644e+00,3.000000000000000000e+00
2.931289540031469798e+00,4.044116159958218049e+00,0.000000000000000000e+00
4.666971314059787268e+00,3.359529211190251274e+00,0.000000000000000000e+00
-7.377256502043882946e+00,2.098367469903733351e+00,1.000000000000000000e+00
8.643140861842031342e+00,-8.706481486059585606e+00,2.000000000000000000e+00
-5.913660502554998644e+00,2.448030623093293556e+00,1.000000000000000000e+00
-2.349383571239398449e+00,-9.122741096198183186e+00,3.000000000000000000e+00
-2.430873253401417244e+00,-8.640828207328912214e+00,3.000000000000000000e+00
-9.453418666274131965e+00,1.769643469482862441e+00,1.000000000000000000e+00
9.670329550450826872e+00,-8.471190356067019422e+00,2.000000000000000000e+00
-8.027499296879334167e+00,9.085293128790228323e-01,1.000000000000000000e+00
7.345384542850091236e+00,-8.820039646352215712e+00,2.000000000000000000e+00
8.022780815329237925e+00,-9.335415867093541209e+00,2.000000000000000000e+00
-2.015324982905504214e-01,-8.274133829946739738e+00,3.000000000000000000e+00
3.632959252832240971e+00,4.114302368666256093e+00,0.000000000000000000e+00
-9.844259688047438672e+00,1.549815148055581293e+00,1.000000000000000000e+00
-8.295193308700808288e+00,3.016857212906880470e+00,1.000000000000000000e+00
-2.533897203292328815e+00,-9.206706796156215233e+00,3.000000000000000000e+00
-9.764521309279601269e-01,-9.561177710982979860e+00,3.000000000000000000e+00
3.322669787331933744e+00,4.436329876986690124e+00,0.000000000000000000e+00
-2.355658659587454018e+00,-1.011944467504567768e+01,3.000000000000000000e+00
-1.090312654059100828e+00,-9.281373263606150559e+00,3.000000000000000000e+00
-7.542396964661777226e+00,2.941954536280329435e+00,1.000000000000000000e+00
-1.734596806406112357e+00,-9.925812987116879427e+00,3.000000000000000000e+00
-8.363596082184432845e+00,1.947352602533504839e+00,1.000000000000000000e+00
1.880848276291552823e+00,4.421842011915272153e+00,0.000000000000000000e+00
8.700378846104248609e+00,-9.775557732587769166e+00,2.000000000000000000e+00
3.028255066784374172e+00,3.747638876974309419e+00,0.000000000000000000e+00
8.498819220970757371e+00,-8.678379375284579922e+00,2.000000000000000000e+00
-1.359567839757646501e+00,-1.040088727834304017e+01,3.000000000000000000e+00
-7.959421029619582200e+00,2.384859633835413550e+00,1.000000000000000000e+00
-8.993736020631017070e+00,3.105595901217569121e+00,1.000000000000000000e+00
-3.123805514027697683e+00,-9.556180499778555770e+00,3.000000000000000000e+00
7.247533329921793666e+00,-8.826294379598722983e+00,2.000000000000000000e+00
5.666383839189110816e-01,-9.892150650946902601e+00,3.000000000000000000e+00
5.150733737501814957e+00,4.199571452372374836e+00,0.000000000000000000e+00
2.654997178259503876e+00,3.144703426011454805e+00,0.000000000000000000e+00
3.943033143900896764e+00,4.746465059481119297e+00,0.000000000000000000e+00
8.524087678698244019e+00,-7.353061999870204701e+00,2.000000000000000000e+00
-6.187507160424695840e+00,1.659678379534185400e+00,1.000000000000000000e+00
-9.573551186433222338e-01,-9.924677118163419465e+00,3.000000000000000000e+00
3.892410539460636087e+00,3.355188232117511049e+00,0.000000000000000000e+00
2.157973343345976680e+00,5.097538613362426752e+00,0.000000000000000000e+00
9.300140194868253829e+00,-8.481463788580335006e+00,2.000000000000000000e+00
2.093825541219085817e+00,2.927856426733719264e+00,0.000000000000000000e+00
-7.833261912409139605e+00,2.212894142848280676e+00,1.000000000000000000e+00
-2.232684161376436549e+00,-1.089388043871143985e+01,3.000000000000000000e+00
-8.946623327842461393e+00,3.700553429043505815e+00,1.000000000000000000e+00
3.179163357247642985e+00,4.085333513313642584e+00,0.000000000000000000e+00
3.955046724913213740e+00,4.831408401206221725e+00,0.000000000000000000e+00
-1.941230362974003976e+00,-9.904883635732739222e+00,3.000000000000000000e+00
-8.639395325867395670e+00,2.853825596027036671e+00,1.000000000000000000e+00
-1.742885896755343778e+00,-9.376867646044011906e+00,3.000000000000000000e+00
8.136289332734618185e+00,-9.746809688936460603e+00,2.000000000000000000e+00
8.990207582220580917e+00,-9.195926601527119715e+00,2.000000000000000000e+00
-7.799174329821341622e+00,2.707952191097453110e+00,1.000000000000000000e+00
2.567284618746676017e+00,3.825751308358908531e+00,0.000000000000000000e+00
-5.382672074909498061e-01,-9.535168610255359667e+00,3.000000000000000000e+00
-9.495182275901385971e-01,-1.013608791114148922e+01,3.000000000000000000e+00
-7.137872507934508448e-01,-1.055608386428501078e+01,3.000000000000000000e+00
3.624428041458776839e+00,4.427720700962398226e+00,0.000000000000000000e+00
8.446218556734416794e+00,-9.658904852075213654e+00,2.000000000000000000e+00
-1.395192636957702792e-01,-9.694820641757372570e+00,3.000000000000000000e+00
8.404900998452188077e+00,-1.073831941265077639e+01,2.000000000000000000e+00
3.904499612116494323e+00,4.152922935899528767e+00,0.000000000000000000e+00
4.354666690897479597e-01,-1.011107408150445153e+01,3.000000000000000000e+00
-8.528515177492286270e-01,-9.822091747995527200e+00,3.000000000000000000e+00
-8.835963745606505881e+00,3.185681011701503973e+00,1.000000000000000000e+00
4.890097498543184429e+00,3.342895171791563147e+00,0.000000000000000000e+00
-8.068305242955357670e+00,2.330805045943847631e+00,1.000000000000000000e+00
-8.486294573476493852e+00,3.065762757963798713e+00,1.000000000000000000e+00
-8.140454180245763283e+00,2.889266443951485908e+00,1.000000000000000000e+00
9.186278658499510641e+00,-1.039642681065631891e+01,2.000000000000000000e+00
-2.149713740965308872e+00,-1.027059333389286522e+01,3.000000000000000000e+00
3.987403472737544252e+00,3.446262814432091481e+00,0.000000000000000000e+00
7.910758209876497027e+00,-1.002019272851362075e+01,2.000000000000000000e+00
1.093600281514354577e+01,-8.959946224314112584e+00,2.000000000000000000e+00
-7.138111888700202634e+00,1.688558684864902126e+00,1.000000000000000000e+00
-1.468115672524592741e+00,-8.391626112303137930e+00,3.000000000000000000e+00
-1.002606257826989866e+00,-1.032064710714445432e+01,3.000000000000000000e+00
7.818280020051804335e+00,-8.847300855310560763e+00,2.000000000000000000e+00
1.932006829115188395e+00,4.026741966379659310e+00,0.000000000000000000e+00
7.900763824972822924e+00,-9.793071868082321885e+00,2.000000000000000000e+00
3.408513917629163004e+00,3.473486746671128778e+00,0.000000000000000000e+00
-1.900292506040212714e+00,-1.038933222076679108e+01,3.000000000000000000e+00
-9.191744717270633913e+00,2.924842104897803274e+00,1.000000000000000000e+00
9.505440629375296879e+00,-8.937315669334171986e+00,2.000000000000000000e+00
-9.015791108868823400e+00,2.150227334552567093e+00,1.000000000000000000e+00
2.296183049148443622e+00,4.760681247430781582e+00,0.000000000000000000e+00
-8.278531447059399584e-01,-8.344763539080455317e+00,3.000000000000000000e+00
-8.994299878029512030e+00,2.188266655159504026e+00,1.000000000000000000e+00
4.268950570680901002e+00,5.785096082297735975e+00,0.000000000000000000e+00
-4.028281817892337413e-01,-9.476902557807459715e+00,3.000000000000000000e+00
-8.935465570833956761e+00,1.824014836300949849e+00,1.000000000000000000e+00
3.136297102784606050e+00,5.818721453539696498e+00,0.000000000000000000e+00
3.631355087603824305e+00,3.741780304618049779e+00,0.000000000000000000e+00
-8.626029594509242671e+00,3.197950471024741947e+00,1.000000000000000000e+00
-1.547203058776394968e+00,-8.813796946014146982e+00,3.000000000000000000e+00
-8.441827662117276532e+00,2.147511931133506469e+00,1.000000000000000000e+00
-7.396395752062119300e+00,2.990265640830588101e+00,1.000000000000000000e+00
-8.139426116333449812e+00,2.296773638167704412e+00,1.000000000000000000e+00
-2.559804273204885128e+00,-8.798824558513560490e+00,3.000000000000000000e+00
-9.317128358756580297e+00,3.071527197385920616e+00,1.000000000000000000e+00
8.602130380558248746e+00,-1.028304888644262327e+01,2.000000000000000000e+00
8.706351992365961578e+00,-1.002181631990779742e+01,2.000000000000000000e+00
9.391944849146529606e+00,-8.523836402230823950e+00,2.000000000000000000e+00
-1.125438029439336685e+00,-9.495660210045480554e+00,3.000000000000000000e+00
-8.587220374001663714e+00,2.941562790994849408e+00,1.000000000000000000e+00
-7.780188286488610494e+00,3.083096690902128678e+00,1.000000000000000000e+00
8.067456245771230883e+00,-9.254109352405455624e+00,2.000000000000000000e+00
8.283534156697934137e+00,-8.635835079568586536e+00,2.000000000000000000e+00
3.383157249256627974e+00,3.818642838970079723e+00,0.000000000000000000e+00
9.621335991895305639e+00,-9.732887799027571063e+00,2.000000000000000000e+00
4.695631011713484071e+00,2.100779312202587512e+00,0.000000000000000000e+00
-1.225892916407905320e+00,-9.596621362750099138e+00,3.000000000000000000e+00
9.070278529822711988e+00,-8.206769163715570414e+00,2.000000000000000000e+00
-7.365820218531467845e+00,3.798709282641496543e+00,1.000000000000000000e+00
2.195927297463576622e+00,3.309138450813868371e+00,0.000000000000000000e+00
-8.329337711188763649e+00,2.466053329002868111e+00,1.000000000000000000e+00
-9.110025128322408960e+00,3.005591875171443217e+00,1.000000000000000000e+00
7.136853877955129377e-02,-8.124850713847264316e+00,3.000000000000000000e+00
3.942563865262035616e+00,4.037329234294312563e+00,0.000000000000000000e+00
1.062144880053501872e+01,-9.041596139479937122e+00,2.000000000000000000e+00
-1.748081831784956020e+00,-8.721582825316545495e+00,3.000000000000000000e+00
4.540492572406080285e+00,2.379595752554497956e+00,0.000000000000000000e+00
9.168579992619912744e+00,-9.780006642417827578e+00,2.000000000000000000e+00
3.515685522443122046e+00,4.930961744355174758e+00,0.000000000000000000e+00
1.604246132082339793e+00,4.674648480952974694e+00,0.000000000000000000e+00
7.616704544514355746e+00,-8.703563949843388770e+00,2.000000000000000000e+00
-6.533734844849316659e+00,3.035311990020728601e+00,1.000000000000000000e+00
-9.075998652798618060e-01,-1.077573239041842257e+01,3.000000000000000000e+00
8.232151739946282021e+00,-9.061016011141823867e+00,2.000000000000000000e+00
-1.779939087287590205e+00,-9.654761472686264057e+00,3.000000000000000000e+00
9.492493775532764744e+00,-9.107623579413139936e+00,2.000000000000000000e+00
6.958292320006069787e+00,-7.404364005223661671e+00,2.000000000000000000e+00
-1.014551400048683938e+00,-1.053192145002977043e+01,3.000000000000000000e+00
8.772097471232452648e+00,-1.065587110736531606e+01,2.000000000000000000e+00
-6.501025324361380697e+00,2.367244361983053214e+00,1.000000000000000000e+00
-7.944011580522166049e+00,3.033438268131356974e+00,1.000000000000000000e+00
-1.676289273536210711e+00,-1.041666786372712394e+01,3.000000000000000000e+00
2.721794654882501163e+00,3.582276779929956412e+00,0.000000000000000000e+00
8.030797886951781095e+00,-1.041831081002871429e+01,2.000000000000000000e+00
3.342549065627999472e+00,3.512043365027765152e+00,0.000000000000000000e+00
9.046584478287201136e+00,-8.473336928505249332e+00,2.000000000000000000e+00
9.761757758594990619e+00,-9.490612269791091293e+00,2.000000000000000000e+00
-8.901650604885144702e+00,2.760560159220822651e+00,1.000000000000000000e+00
2.709578235121786527e+00,2.914687481746960795e+00,0.000000000000000000e+00
-8.563886221432069235e+00,2.929109488745940570e+00,1.000000000000000000e+00
-2.142469875490601083e+00,-9.232232421451593396e+00,3.000000000000000000e+00
9.308858311334681446e+00,-1.087936362456735928e+01,2.000000000000000000e+00
-8.842213065960148555e+00,2.825261394413836058e+00,1.000000000000000000e+00
8.666955160672337399e+00,-8.714647564292995696e+00,2.000000000000000000e+00
2.478994072584541630e-01,-9.422560579797174540e+00,3.000000000000000000e+00
-2.174865221706015372e+00,-8.667927742401834834e+00,3.000000000000000000e+00
9.210975557653002355e+00,-9.913826350501150131e+00,2.000000000000000000e+00
8.444342045042370515e+00,-1.152020179639611897e+01,2.000000000000000000e+00
3.234438203239943910e+00,3.961895970592454574e+00,0.000000000000000000e+00
-8.986768353681950927e-03,-1.057324145833738704e+01,3.000000000000000000e+00
8.923627018654631371e+00,-9.823552435604641531e+00,2.000000000000000000e+00
-1.692681490671510192e+00,-1.006141271786717262e+01,3.000000000000000000e+00
7.820264511546997532e+00,-9.529350023104417033e+00,2.000000000000000000e+00
8.760202723828202309e+00,-9.221966588093012618e+00,2.000000000000000000e+00
6.364798470386114460e+00,-9.878620941705278824e+00,2.000000000000000000e+00
2.262614370200227043e+00,3.717386686147452046e+00,0.000000000000000000e+00
-8.076786256098415606e+00,2.827418198904772861e+00,1.000000000000000000e+00
8.065748839053139108e+00,-9.421501418490070279e+00,2.000000000000000000e+00
-8.167193927262509590e+00,1.766537391437057014e+00,1.000000000000000000e+00
9.887540996326199760e+00,-9.037263659511973302e+00,2.000000000000000000e+00
-1.841727135335103682e+00,-9.470783178946618364e+00,3.000000000000000000e+00
2.795329281466433002e+00,4.093756527314737603e+00,0.000000000000000000e+00
-1.126332570211891593e+00,-1.037167034412314948e+01,3.000000000000000000e+00
-1.529857562845680752e+00,-9.952855640880988730e+00,3.000000000000000000e+00
-2.393196414915779613e+00,-9.076812187249547748e+00,3.000000000000000000e+00
4.702884457200111612e+00,3.671307687400198638e+00,0.000000000000000000e+00
8.034485722110185080e-02,-9.749315595366583764e+00,3.000000000000000000e+00
-1.332325493274740591e+00,-8.755404521771396276e+00,3.000000000000000000e+00
7.119259232304409934e+00,-8.107020982229867556e+00,2.000000000000000000e+00
9.027760483918502388e+00,-9.603081221740652040e+00,2.000000000000000000e+00
6.847404103513332174e+00,-1.058334665836848743e+01,2.000000000000000000e+00
-1.525369185435822228e+00,-9.652288463568842403e+00,3.000000000000000000e+00
3.313383767556951742e+00,4.212925454854449470e+00,0.000000000000000000e+00
2.380155270819629187e+00,3.911981800239985319e+00,0.000000000000000000e+00
-8.358570966372123934e+00,2.517944402933698367e+00,1.000000000000000000e+00
8.579329767412330554e+00,-7.224938549687179190e+00,2.000000000000000000e+00
-1.201618109304471993e+00,-1.057854764361571220e+01,3.000000000000000000e+00
4.162215153239974263e+00,5.182382120633780787e+00,0.000000000000000000e+00
2.937394237719339607e+00,4.044822689189871312e+00,0.000000000000000000e+00
7.681479497460367512e+00,-9.652166457505341413e+00,2.000000000000000000e+00
7.758075244676934545e+00,-9.679117289003535518e+00,2.000000000000000000e+00
3.441937880809015748e+00,4.473960856620061932e+00,0.000000000000000000e+00
-6.961100352923932810e+00,3.392292938117408507e+00,1.000000000000000000e+00
-6.445540904783738867e+00,1.782149322587595730e+00,1.000000000000000000e+00
-1.524029512755548543e+00,-1.024485106840724491e+01,3.000000000000000000e+00
-1.056857314480195154e+00,-8.953742617080104438e+00,3.000000000000000000e+00
-8.127262948560687761e+00,3.018957587290588940e+00,1.000000000000000000e+00
-8.649319231102269967e+00,3.941133134299920293e+00,1.000000000000000000e+00
3.463771942834540596e+00,4.146930204399985165e+00,0.000000000000000000e+00
-8.841465119779176263e+00,1.091415743147575057e+00,1.000000000000000000e+00
-1.575548929754164718e-01,-7.585394314058846454e+00,3.000000000000000000e+00
9.214123555528631826e+00,-9.757965766898536231e+00,2.000000000000000000e+00
-3.168967077762452789e+00,-9.708872610508196388e+00,3.000000000000000000e+00
2.055828640967271248e+00,5.287564770710515560e+00,0.000000000000000000e+00
3.101805905587716072e+00,3.633075677111257118e+00,0.000000000000000000e+00
3.581574719902446802e+00,4.810370786995160408e+00,0.000000000000000000e+00
8.722242402829447627e+00,-9.732967516122691620e+00,2.000000000000000000e+00
7.478298118996539401e+00,-9.362092349066525543e+00,2.000000000000000000e+00
8.033167452737156822e+00,-9.033639160592388251e+00,2.000000000000000000e+00
-1.489931626507713602e+00,-8.772126662715441725e+00,3.000000000000000000e+00
4.458149161352790379e+00,3.753877182672917812e+00,0.000000000000000000e+00
9.761480850707856760e+00,-9.262257108887849810e+00,2.000000000000000000e+00
-6.274388462041322612e+00,2.882050853985481886e+00,1.000000000000000000e+00
-7.823962873777777993e+00,5.493406488635019791e-01,1.000000000000000000e+00
3.729710939288040983e+00,4.908432398828687759e+00,0.000000000000000000e+00
9.763029768362549987e+00,-8.029213578718319866e+00,2.000000000000000000e+00
2.205608238638212981e+00,3.333172079100159113e+00,0.000000000000000000e+00
6.783357581444675155e+00,-7.762911620801571821e+00,2.000000000000000000e+00
2.454177750475858399e+00,5.287803369224163497e+00,0.000000000000000000e+00
-6.824519156815369136e+00,1.167429935545638342e+00,1.000000000000000000e+00
2.820694393616896445e+00,3.329460084807480236e+00,0.000000000000000000e+00
-8.061215508198925406e+00,1.594022334384029627e+00,1.000000000000000000e+00
6.900119860091811219e+00,-8.758066615450564640e+00,2.000000000000000000e+00
3.253406227225865699e+00,5.026233234779251546e+00,0.000000000000000000e+00
-2.409123478620447401e+00,-8.883182850528239527e+00,3.000000000000000000e+00
-7.880905218193800188e+00,2.022598149534644563e+00,1.000000000000000000e+00
3.370786980898319296e+00,4.476548515258555128e+00,0.000000000000000000e+00
3.609952693746129704e+00,4.693150866649205000e+00,0.000000000000000000e+00
6.687240442502512927e+00,-1.010603261122718521e+01,2.000000000000000000e+00
9.624475292479939270e+00,-9.750898117171960422e+00,2.000000000000000000e+00
-1.087896005914417374e+00,-8.818072420888329432e+00,3.000000000000000000e+00
-2.811588556074500644e+00,-9.044437579082531542e+00,3.000000000000000000e+00
-2.280117602038883806e+00,-9.591084308508262879e+00,3.000000000000000000e+00
1.472049003868984407e+00,-8.515880465312955394e+00,3.000000000000000000e+00
-1.068766517146490713e+01,2.232679542182911092e+00,1.000000000000000000e+00
-9.596566171320111138e+00,2.550502977390427528e+00,1.000000000000000000e+00
3.856178107366247332e+00,3.734017528093984239e+00,0.000000000000000000e+00
-8.468990490747822619e+00,2.533458122053017902e+00,1.000000000000000000e+00
-7.821220690989086677e+00,8.964584751565316534e-01,1.000000000000000000e+00
4.262990578057259228e+00,4.904898780126897506e+00,0.000000000000000000e+00
-1.116873571926600972e+00,-9.131677676809468736e+00,3.000000000000000000e+00
-8.355740856163055952e+00,3.395580618670981821e+00,1.000000000000000000e+00
-1.942607350967750168e+00,-1.094932237969632283e+01,3.000000000000000000e+00
9.213447365927024180e+00,-8.515170754198909009e+00,2.000000000000000000e+00
4.270307531182933047e-01,-9.615059244161164642e+00,3.000000000000000000e+00
-8.180734330669070076e+00,2.728067346341579658e+00,1.000000000000000000e+00
-8.552759676389396049e+00,2.684943253240050343e+00,1.000000000000000000e+00
-2.944723279175124553e+00,-7.391662644614772404e+00,3.000000000000000000e+00
5.037220791110907925e+00,5.871776197458452806e+00,0.000000000000000000e+00
7.609911617795209970e+00,-9.344034350380916010e+00,2.000000000000000000e+00
8.467138302653667736e+00,-8.492737631996531533e+00,2.000000000000000000e+00
-1.411170329389592304e+00,-1.106990713431714290e+01,3.000000000000000000e+00
-7.726384358217571524e+00,2.450696175626503770e+00,1.000000000000000000e+00
8.190243565497135947e+00,-8.331217683816397823e+00,2.000000000000000000e+00
-1.647861496951382954e+00,-9.013147387127293797e+00,3.000000000000000000e+00
4.432275865950130012e+00,4.273419193847320052e+00,0.000000000000000000e+00
3.747287218023595212e+00,2.873480703725378671e+00,0.000000000000000000e+00
-8.035015257513615339e+00,2.647392243239507170e+00,1.000000000000000000e+00
3.960801484510743542e+00,4.728670334314678314e+00,0.000000000000000000e+00
-1.893207693838605543e+00,-9.141652508379220166e+00,3.000000000000000000e+00
-8.416069543943979880e+00,1.995521544043459938e+00,1.000000000000000000e+00
4.154044156872828353e+00,3.419613704563002621e+00,0.000000000000000000e+00
-5.428753778253135875e-01,-8.786628696644102732e+00,3.000000000000000000e+00
7.992881959731687580e+00,-9.403064068942754261e+00,2.000000000000000000e+00
-7.674491079234610602e+00,1.174419622627063786e+00,1.000000000000000000e+00
-8.860750754099274928e+00,3.227168203860847129e+00,1.000000000000000000e+00
-1.630231498002350898e+00,-9.029857704166538213e+00,3.000000000000000000e+00
-8.984757380392990100e+00,2.221816875607401709e+00,1.000000000000000000e+00
8.175282479303707106e+00,-9.457265217455207207e+00,2.000000000000000000e+00
3.721461537464570313e+00,4.146457380505600199e+00,0.000000000000000000e+00
2.345316860516771129e+00,3.746582776571104390e+00,0.000000000000000000e+00
-7.514114345350838775e+00,2.008577427875840371e+00,1.000000000000000000e+00
2.158806465130628460e+00,3.880991768475812176e+00,0.000000000000000000e+00
3.485104100672589578e+00,4.877011213198496620e+00,0.000000000000000000e+00
-8.401852904631907037e+00,3.017741416551769973e+00,1.000000000000000000e+00
3.623387235936981199e+00,3.333111529627014846e+00,0.000000000000000000e+00
8.400840863752936372e+00,-9.244405510642534907e+00,2.000000000000000000e+00
-8.715742262911254645e-01,-8.106468904130860409e+00,3.000000000000000000e+00
6.435299379390592378e+00,-9.125433244701465441e+00,2.000000000000000000e+00
-1.068194759557521190e+00,-9.365959350219826618e+00,3.000000000000000000e+00
2.222001713276927859e+00,4.740237030321936551e+00,0.000000000000000000e+00
9.441963105973245618e+00,-8.930866774267732566e+00,2.000000000000000000e+00
8.132870998189000389e+00,-8.829755463439703078e+00,2.000000000000000000e+00
8.727580121271463653e+00,-1.028970535102669714e+01,2.000000000000000000e+00
-5.137776520790146018e-01,-8.990046361562077593e+00,3.000000000000000000e+00
8.799367344215243136e+00,-9.154670871472371019e+00,2.000000000000000000e+00
2.789772334564883938e+00,2.345280794858973117e+00,0.000000000000000000e+00
8.756130528562865223e+00,-9.277799443353375253e+00,2.000000000000000000e+00
-8.268435284353662595e+00,2.058039951405292278e+00,1.000000000000000000e+00
8.220750889606499356e+00,-1.007810317952076673e+01,2.000000000000000000e+00
-7.451785991399080267e+00,3.924895288374116387e+00,1.000000000000000000e+00
-1.132564871376202653e+00,-9.379487204346318663e+00,3.000000000000000000e+00
-9.092610953483234226e+00,2.338455564464752001e+00,1.000000000000000000e+00
8.379332316279587189e+00,-9.873079128001434057e+00,2.000000000000000000e+00
9.176365213576865187e+00,-1.008428031335752095e+01,2.000000000000000000e+00
3.613701093773326711e+00,5.878382696333538604e+00,0.000000000000000000e+00
3.240766279123863836e+00,4.361165009235126178e+00,0.000000000000000000e+00
3.681822104518911232e+00,3.660776545151486872e+00,0.000000000000000000e+00
3.371043302619961324e+00,3.908993885855691186e+00,0.000000000000000000e+00
8.775488934586617162e+00,-8.832553488008302978e+00,2.000000000000000000e+00
-2.534800710124069045e+00,-1.128011740686293507e+01,3.000000000000000000e+00
-8.127057469406004486e+00,2.320801582934734597e+00,1.000000000000000000e+00
-1.191383784858578210e+00,-9.351007126183155549e+00,3.000000000000000000e+00
-8.183703926900893322e+00,1.337696541184618226e+00,1.000000000000000000e+00
3.525984766243054569e+00,4.028112188974533048e+00,0.000000000000000000e+00
-8.704449705845449969e+00,2.091659888390290600e+00,1.000000000000000000e+00
4.255042421953366016e+00,4.166877164985318238e+00,0.000000000000000000e+00
-1.677149278011542899e+00,-9.501861052048774070e+00,3.000000000000000000e+00
2.982259552150669180e+00,3.781878070458469132e+00,0.000000000000000000e+00
3.954076674888345799e+00,5.341004812296615611e+00,0.000000000000000000e+00
8.196328373626363017e+00,-9.686519381090805680e+00,2.000000000000000000e+00
8.776017692229725498e+00,-9.040046871555791341e+00,2.000000000000000000e+00
7.499058294792509294e+00,-9.269895720746118783e+00,2.000000000000000000e+00
-7.492939591940015909e+00,1.431463704296779937e+00,1.000000000000000000e+00
8.080602366701862493e+00,-9.799002602856246469e+00,2.000000000000000000e+00
7.664150465651098365e+00,-9.551323104391755692e+00,2.000000000000000000e+00
3.276818793820685194e+00,4.067846096563165759e+00,0.000000000000000000e+00
8.786800858162594707e+00,-1.024661807853666851e+01,2.000000000000000000e+00
-7.384951413854979885e-01,-1.048287310021622787e+01,3.000000000000000000e+00
2.043723946062436791e+00,4.307558010194404652e+00,0.000000000000000000e+00
3.746640789845622876e+00,3.318598866014394133e+00,0.000000000000000000e+00
-2.650752219740446503e+00,-9.986266390083288869e+00,3.000000000000000000e+00
-3.001516219354497528e-01,-1.090364611926167449e+01,3.000000000000000000e+00
1.966574029426630732e+00,6.171871365015890731e+00,0.000000000000000000e+00
-2.560796106150256435e+00,-8.933175327964276491e+00,3.000000000000000000e+00
-7.757527627613227672e-01,-9.055676458437941889e+00,3.000000000000000000e+00
8.287903135831257373e+00,-9.241721281266050525e+00,2.000000000000000000e+00
2.920637435240761803e+00,4.969849124238564286e+00,0.000000000000000000e+00
4.472398009200473368e+00,2.296512072051757336e+00,0.000000000000000000e+00
8.971693317702687409e+00,-9.229507185053183349e+00,2.000000000000000000e+00
-9.486826981457920027e+00,2.353516314662922770e+00,1.000000000000000000e+00
4.014659760554199153e+00,5.477726569990458039e+00,0.000000000000000000e+00
-4.746130285573607610e-01,-8.293496964748076294e+00,3.000000000000000000e+00
4.344270768222985524e+00,4.374827767065490924e+00,0.000000000000000000e+00
8.495110082012548247e+00,-9.352693944579169028e+00,2.000000000000000000e+00
-6.404195779851129533e-01,-8.961243820946958039e+00,3.000000000000000000e+00
4.313248158471667537e+00,4.236101142418839949e+00,0.000000000000000000e+00
-8.213341332193763833e+00,2.560606077329475205e+00,1.000000000000000000e+00
-7.849907779640663108e+00,3.731401331397327326e+00,1.000000000000000000e+00
9.035051854372342817e+00,-8.763112106726605788e+00,2.000000000000000000e+00
-1.436332106821474497e+00,-9.678520372564422658e+00,3.000000000000000000e+00
-2.356404515070225081e+00,-9.755919193156477931e+00,3.000000000000000000e+00
4.572797041258372275e+00,5.577258257115573770e+00,0.000000000000000000e+00
-9.039618082969623103e+00,1.905107398861320300e+00,1.000000000000000000e+00
-2.916609018275326370e+00,-8.151037937930748711e+00,3.000000000000000000e+00
-1.255041334544554354e+00,-1.005312856497651808e+01,3.000000000000000000e+00
-5.942689999915050647e-01,-9.063629670110438852e+00,3.000000000000000000e+00
-9.621955892401704569e-01,-1.037358959529151825e+01,3.000000000000000000e+00
-6.767388784781058320e+00,3.709556919322687385e+00,1.000000000000000000e+00
8.838487855927091630e+00,-9.879234683757447399e+00,2.000000000000000000e+00
-6.371491713110292165e-01,-9.054785958496797349e+00,3.000000000000000000e+00
-1.427921176348694310e+00,-1.088801197746463956e+01,3.000000000000000000e+00
9.183448338780054954e+00,-8.482127317847243830e+00,2.000000000000000000e+00
-7.835738514465369953e+00,2.946355428984500868e+00,1.000000000000000000e+00
3.670139642260613844e+00,3.695600860009639277e+00,0.000000000000000000e+00
-2.068085026197993948e+00,-1.047537512711542362e+01,3.000000000000000000e+00
-1.301591734793458466e+00,-9.440478765025922314e+00,3.000000000000000000e+00
-7.718018179019833447e+00,1.063356331973884572e+00,1.000000000000000000e+00
4.705718159767969588e+00,4.774542558138255011e+00,0.000000000000000000e+00
-7.914529804377103517e+00,2.752136380966154761e+00,1.000000000000000000e+00
-7.746351363314142091e+00,1.816838247913070248e+00,1.000000000000000000e+00
4.932395298798132544e+00,5.216582880493881191e+00,0.000000000000000000e+00
-9.069483178663162448e+00,2.748119895648755140e+00,1.000000000000000000e+00
3.699011605668091285e+00,4.557821614934104204e+00,0.000000000000000000e+00
-8.072782236037207682e+00,2.946816605472222683e+00,1.000000000000000000e+00
-2.539479026958137098e+00,-9.429605626171483124e+00,3.000000000000000000e+00
3.642657784966118584e+00,3.164901316250441354e+00,0.000000000000000000e+00
-1.407283473157431963e+00,-1.004820514323516534e+01,3.000000000000000000e+00
-7.656468175138421373e+00,1.642003440723431407e+00,1.000000000000000000e+00
-8.640673934306243309e-01,-9.998964036168960234e+00,3.000000000000000000e+00
2.023416903086961760e+00,2.870467377507867290e+00,0.000000000000000000e+00
-7.190483820163894535e+00,3.586001711563358452e+00,1.000000000000000000e+00
3.668173938736862816e+00,3.920222492426160166e+00,0.000000000000000000e+00
-7.110676229007485638e+00,2.627836033689315620e+00,1.000000000000000000e+00
2.513122098392226000e+00,4.259700420161684598e+00,0.000000000000000000e+00
-7.154189708909986400e+00,3.345445512582837733e+00,1.000000000000000000e+00
8.974072558824122581e+00,-1.078526463953395620e+01,2.000000000000000000e+00
-7.636844856254331404e+00,2.018329048276973570e+00,1.000000000000000000e+00
-1.500076956234599024e+00,-9.393750425831395745e+00,3.000000000000000000e+00
-8.272660832972171363e+00,1.680828349775780772e+00,1.000000000000000000e+00
1.015957266688227634e+01,-7.813705736225572629e+00,2.000000000000000000e+00
3.266414641028220878e+00,2.938875164027230369e+00,0.000000000000000000e+00
-7.356953964117998623e+00,1.204078257396970386e+00,1.000000000000000000e+00
-8.484594379081091375e+00,2.443576678678360370e+00,1.000000000000000000e+00
-7.421573745450328552e+00,2.130964697794785145e+00,1.000000000000000000e+00
-7.815387790537944745e+00,2.318639366808127988e+00,1.000000000000000000e+00
1.034910418310317581e+01,-1.028782457458444988e+01,2.000000000000000000e+00
-1.378526627249501812e+00,-9.723075311821624211e+00,3.000000000000000000e+00
-1.399834669014277555e+00,-1.024348807921187543e+01,3.000000000000000000e+00
-9.309756450235582292e+00,1.825887049095885395e+00,1.000000000000000000e+00
2.990284217256737431e+00,2.933638410118534878e+00,0.000000000000000000e+00
8.532326734704094306e+00,-9.926441235216513448e+00,2.000000000000000000e+00
-5.972958482354426835e+00,2.449442492475545574e+00,1.000000000000000000e+00
8.462697103014630073e+00,-7.784934015979151134e+00,2.000000000000000000e+00
8.044511910483015171e+00,-9.757641462534982324e+00,2.000000000000000000e+00
-1.247951478915146684e+00,-9.707143481785125871e+00,3.000000000000000000e+00
-6.452944601185411244e+00,2.818720102747039657e+00,1.000000000000000000e+00
-8.627669480604289731e+00,2.424650950284823914e+00,1.000000000000000000e+00
-8.071919935509724198e+00,3.374237946847990610e+00,1.000000000000000000e+00
-8.766850568472395189e-02,-9.139570677989937053e+00,3.000000000000000000e+00
-8.822453168422864422e+00,2.562003354490908436e+00,1.000000000000000000e+00
3.169506169221488534e+00,4.645665750194894805e+00,0.000000000000000000e+00
-8.885728752025105592e+00,1.632418057496127339e+00,1.000000000000000000e+00
2.963266173427042016e+00,3.979559401062858104e+00,0.000000000000000000e+00
8.541686129226997437e+00,-8.018137551849095601e+00,2.000000000000000000e+00
3.779099057682781648e+00,5.455117727661995097e+00,0.000000000000000000e+00
1.066038607145556227e+01,-1.000546353677329137e+01,2.000000000000000000e+00
2.874758571160346943e+00,3.912771858796346258e+00,0.000000000000000000e+00
-6.678803555850231000e+00,1.989288206107018953e+00,1.000000000000000000e+00
9.094178039770021371e+00,-1.067630620421954823e+01,2.000000000000000000e+00
-6.394339932090780110e-01,-9.307177621030005454e+00,3.000000000000000000e+00
2.552508679103739908e+00,4.822989736177002662e+00,0.000000000000000000e+00
-1.246757938058561388e+00,-9.643559357743106020e+00,3.000000000000000000e+00
4.453104258786472869e+00,4.224773240699792431e+00,0.000000000000000000e+00
-1.467519778060971225e+00,-9.384898065553748836e+00,3.000000000000000000e+00
7.901599504130849105e+00,-1.137703850399722327e+01,2.000000000000000000e+00
-1.895507569954495430e-01,-7.632910186130952290e+00,3.000000000000000000e+00
9.107491725924740322e+00,-8.302350358411889175e+00,2.000000000000000000e+00
-6.627240878284178294e+00,2.100221094739253225e+00,1.000000000000000000e+00
3.914399743529473952e+00,4.398505167541081562e+00,0.000000000000000000e+00
8.188823760538786800e+00,-9.462303590206055048e+00,2.000000000000000000e+00
-7.007772916045593270e+00,2.656772058299773587e+00,1.000000000000000000e+00
8.027430436056201657e+00,-9.565503105775025716e+00,2.000000000000000000e+00
-6.987413591047664241e+00,2.411237970880316439e+00,1.000000000000000000e+00
-8.040821080479654270e+00,1.432922492588327934e+00,1.000000000000000000e+00
2.324537593834565374e+00,2.930228385720914375e+00,0.000000000000000000e+00
9.027587099757722555e+00,-9.356969350401024954e+00,2.000000000000000000e+00
-1.335183391867819758e+00,-1.042121164817221235e+01,3.000000000000000000e+00
8.224130724186011321e+00,-9.338650220552478842e+00,2.000000000000000000e+00
2.488054904681975543e+00,3.508063043427746219e+00,0.000000000000000000e+00
8.535676861210443889e+00,-1.007005095595673616e+01,2.000000000000000000e+00
2.946305877659873396e+00,4.829903349347733688e+00,0.000000000000000000e+00
4.164952766947127571e+00,5.435275668961988771e+00,0.000000000000000000e+00
-7.498654739611589903e+00,2.141741694497579118e+00,1.000000000000000000e+00
3.004594631757251832e+00,4.792583225278792547e+00,0.000000000000000000e+00
8.176561787752378407e+00,-9.755287663143212384e+00,2.000000000000000000e+00
-1.235212782561022182e+00,-9.168549684207246031e+00,3.000000000000000000e+00
-7.361786780921693030e+00,2.836400478354709875e+00,1.000000000000000000e+00
-1.122528986883734259e+00,-1.068000102399437168e+01,3.000000000000000000e+00
8.164117720878344642e+00,-8.832966104790346051e+00,2.000000000000000000e+00
3.843218069467654097e+00,5.825010262501095326e+00,0.000000000000000000e+00
3.442844991710788172e+00,4.529444642085369566e+00,0.000000000000000000e+00
-2.063959062401750089e+00,-9.973235963060956166e+00,3.000000000000000000e+00
-8.090631843624313646e+00,2.433163335797223326e+00,1.000000000000000000e+00
9.391077389403452713e+00,-1.043333187250166816e+01,2.000000000000000000e+00
9.178606904518984422e+00,-1.027850623678709496e+01,2.000000000000000000e+00
4.162165214671945002e+00,5.900843034358029371e+00,0.000000000000000000e+00
3.507419186787759990e+00,2.696037021564029246e+00,0.000000000000000000e+00
9.222215400934938856e+00,-8.127222969719376522e+00,2.000000000000000000e+00
-9.011160562187006562e+00,1.993327471781694005e+00,1.000000000000000000e+00
-9.116691260916958583e+00,2.478409693955237358e+00,1.000000000000000000e+00
-7.931934923469485810e+00,2.517473473271746975e+00,1.000000000000000000e+00
2.615718199279902567e+00,2.893061012022287493e+00,0.000000000000000000e+00
-7.804565933296340852e+00,1.718066128187879293e+00,1.000000000000000000e+00
-6.933418041574921808e+00,2.084754800036701106e+00,1.000000000000000000e+00
-8.295278758646157158e+00,1.242134783418286759e+00,1.000000000000000000e+00
-7.928393138611547819e+00,2.748869472230331290e+00,1.000000000000000000e+00
7.680525290546212247e+00,-9.271361908035872901e+00,2.000000000000000000e+00
-1.090262574322996114e+00,-6.903065681039414869e+00,3.000000000000000000e+00
1.003478985261224743e+01,-9.389727201693927938e+00,2.000000000000000000e+00
-8.452525119698302447e+00,2.500121298420433291e+00,1.000000000000000000e+00
-7.528865224683396917e+00,2.552733080311904601e+00,1.000000000000000000e+00
1.111555291721011418e-01,-1.033546891918255284e+01,3.000000000000000000e+00
2.775255491693096932e+00,4.612905377290895892e+00,0.000000000000000000e+00
-2.177594003425786795e-02,-9.131331506370431228e+00,3.000000000000000000e+00
-8.092013126884527452e+00,1.667775501135227767e+00,1.000000000000000000e+00
-9.140979457497971916e-01,-9.229821153742781448e+00,3.000000000000000000e+00
-1.666739223048155472e+00,-8.334119584459363850e+00,3.000000000000000000e+00
8.958122119301917152e+00,-8.788369343990641624e+00,2.000000000000000000e+00
-7.266228739861453789e+00,2.373563781267527872e+00,1.000000000000000000e+00
-1.192485124027686805e+00,-9.284593245931306527e+00,3.000000000000000000e+00
7.956556833179798893e+00,-9.082070217640913157e+00,2.000000000000000000e+00
8.955690279518584873e+00,-9.253414506103910142e+00,2.000000000000000000e+00
4.968193512252428334e+00,3.805003654911533584e+00,0.000000000000000000e+00
-6.893265448496773473e+00,2.118731111645829834e+00,1.000000000000000000e+00
1.915950708745436382e+00,6.065761754454679355e+00,0.000000000000000000e+00
-8.700527969576359766e+00,1.963065079356912879e+00,1.000000000000000000e+00
-6.947128437955055746e-01,-9.416785680172642614e+00,3.000000000000000000e+00
9.043341448846121011e+00,-8.847188133837416757e+00,2.000000000000000000e+00
7.488727100073424126e+00,-1.006219686234466337e+01,2.000000000000000000e+00
-1.033866311983659525e+00,-7.514536342091157728e+00,3.000000000000000000e+00
9.979638320373085847e+00,-8.728214513160301280e+00,2.000000000000000000e+00
-7.259986146430271070e+00,2.345706634365699816e+00,1.000000000000000000e+00
-6.887052836181243975e+00,2.926056495401582858e+00,1.000000000000000000e+00
9.017950354986155048e+00,-1.119419432535370618e+01,2.000000000000000000e+00
-3.309285250856109251e+00,-8.793840634876550766e+00,3.000000000000000000e+00
4.244411346447272138e+00,3.448988379530045112e+00,0.000000000000000000e+00
3.617653215805519462e+00,5.368967470498741790e+00,0.000000000000000000e+00
1.036542997803449317e+01,-1.018329040324354828e+01,2.000000000000000000e+00
-1.514231251333117756e+00,-1.058270331373452144e+01,3.000000000000000000e+00
4.884519448246220641e-01,-9.249948499961114123e+00,3.000000000000000000e+00
-7.678117420983442187e+00,2.403338266704423631e+00,1.000000000000000000e+00
9.976917503425399403e+00,-9.510590505039704823e+00,2.000000000000000000e+00
2.596380501123624729e+00,4.534812705473499683e+00,0.000000000000000000e+00
5.507923109351724467e-01,-1.042953101036848906e+01,3.000000000000000000e+00
-2.017380891779653407e+00,-1.006445655161029329e+01,3.000000000000000000e+00
-8.228423521164602406e+00,2.489090321870877531e+00,1.000000000000000000e+00
-6.667426773480928937e-01,-8.070878715903212708e+00,3.000000000000000000e+00
-1.687942712080724217e+00,-9.221966227692105278e+00,3.000000000000000000e+00
8.842382555876856287e+00,-9.436867016693939902e+00,2.000000000000000000e+00
7.705875396821982193e+00,-9.738446177731109543e+00,2.000000000000000000e+00
-8.175333007894048265e+00,4.310705970346870863e-01,1.000000000000000000e+00
-8.206098369515537172e+00,3.898635760063422051e+00,1.000000000000000000e+00
7.916589768000083183e+00,-9.241350814747182341e+00,2.000000000000000000e+00
4.652838888937060879e+00,3.837381030574181562e+00,0.000000000000000000e+00
9.288164148209554938e+00,-1.007813571839957234e+01,2.000000000000000000e+00
-8.096878469194722427e+00,2.078735472540385931e+00,1.000000000000000000e+00
-8.405766233975258572e+00,1.997333976446916237e+00,1.000000000000000000e+00
2.600358476091435556e+00,5.024193913607502893e+00,0.000000000000000000e+00
-7.818442809295940599e+00,2.195701333526618004e+00,1.000000000000000000e+00
-1.955041442771751736e+00,-9.252639279566405861e+00,3.000000000000000000e+00
-3.492882633278452165e+00,-9.745246742252756889e+00,3.000000000000000000e+00
2.443332719941178510e+00,4.090652637927854052e+00,0.000000000000000000e+00
-1.223443449841262076e+00,-9.716474532654851615e+00,3.000000000000000000e+00
3.612894783609563731e+00,5.413338591260659527e+00,0.000000000000000000e+00
3.337730277866729267e+00,4.610304425447407262e+00,0.000000000000000000e+00
4.046009440423985026e+00,4.455548811565390288e+00,0.000000000000000000e+00
-7.754272211257749348e+00,2.832035459730029014e+00,1.000000000000000000e+00
4.744722307902786262e+00,2.363715591714893094e+00,0.000000000000000000e+00
3.541041965686891668e+00,4.668660282662090211e+00,0.000000000000000000e+00
-1.021018998720345072e+00,-9.220291637844683308e+00,3.000000000000000000e+00
-8.131718250315337571e+00,1.846651650430213731e+00,1.000000000000000000e+00
3.211965376650310677e+00,4.779728133491481401e+00,0.000000000000000000e+00
3.885961882581667748e+00,3.261437962017745829e+00,0.000000000000000000e+00
-9.432411436195948795e+00,2.457921157134139722e+00,1.000000000000000000e+00
-8.064253467926333130e+00,2.884865047423458062e+00,1.000000000000000000e+00
4.343382582871640807e+00,4.873320528089704062e+00,0.000000000000000000e+00
8.647320371269898942e+00,-9.380961814193408799e+00,2.000000000000000000e+00
-7.551926151038102830e+00,2.628840095254581399e+00,1.000000000000000000e+00
7.621646805035014793e+00,-9.826946597074346812e+00,2.000000000000000000e+00
7.701192620275056910e+00,-9.017442198863069081e+00,2.000000000000000000e+00
3.334632676077297742e+00,4.361962212909968883e+00,0.000000000000000000e+00
-7.954374351096647366e+00,1.390430106515847974e+00,1.000000000000000000e+00
-1.611155728860518721e+00,-9.276000751305190306e+00,3.000000000000000000e+00
3.653345804123443230e+00,3.015648117322117017e+00,0.000000000000000000e+00
-1.981985558229157673e+00,-9.931550644739266076e+00,3.000000000000000000e+00
8.662285043439437615e+00,-1.073374686182217985e+01,2.000000000000000000e+00
9.840028799250715608e+00,-9.719518461211917426e+00,2.000000000000000000e+00
9.451621937271941221e+00,-9.198739022077283778e+00,2.000000000000000000e+00
8.510575537756245978e+00,-9.889742449654683298e+00,2.000000000000000000e+00
4.843906058277630322e+00,2.725192524680222661e+00,0.000000000000000000e+00
-7.732290529311614868e+00,3.245780445514320434e+00,1.000000000000000000e+00
8.623313914650378109e+00,-9.126560043083147278e+00,2.000000000000000000e+00
1.007418193760521063e+01,-8.780913280264053711e+00,2.000000000000000000e+00
9.769580429387493936e+00,-1.015553186583304068e+01,2.000000000000000000e+00
9.016690876076813410e+00,-8.899057214330325039e+00,2.000000000000000000e+00
-1.254677764585619748e+00,-9.978878513633818059e+00,3.000000000000000000e+00
8.508438816768899571e+00,-8.634557357601591931e+00,2.000000000000000000e+00
-5.747948763460957622e+00,3.096294291273173016e+00,1.000000000000000000e+00
-8.126666964710491214e+00,1.549427613454288366e+00,1.000000000000000000e+00
2.549954672169609360e+00,5.738424944413282880e+00,0.000000000000000000e+00
-4.469322717266963618e-01,-8.775428874686825864e+00,3.000000000000000000e+00
-7.175633028844998762e+00,3.104323377641168946e+00,1.000000000000000000e+00
-9.094336872092650736e+00,3.305766847249123952e+00,1.000000000000000000e+00
-8.090136428363887688e+00,8.739823678340330471e-01,1.000000000000000000e+00
-6.819131799962205420e+00,2.107014590356816264e+00,1.000000000000000000e+00
9.196129395042627053e+00,-1.041645109046791084e+01,2.000000000000000000e+00
-7.277208666798049563e+00,3.019091697600181146e+00,1.000000000000000000e+00
9.251775979840680009e+00,-9.812658114079800598e+00,2.000000000000000000e+00
-7.981365985008141983e-01,-8.972541656026278289e+00,3.000000000000000000e+00
-1.500681564383332667e-01,-9.002108045476459708e+00,3.000000000000000000e+00
-7.356558146278522337e+00,2.273965288484005587e+00,1.000000000000000000e+00
3.112429202668508310e+00,4.992163846718069564e+00,0.000000000000000000e+00
-1.859386491479810832e+00,-8.585230911389931663e+00,3.000000000000000000e+00
-1.312539596339986181e+00,-9.391946751425498618e+00,3.000000000000000000e+00
-8.074871074907045809e+00,2.318605922429771038e+00,1.000000000000000000e+00
6.635399843673291720e+00,-8.215256481390023069e+00,2.000000000000000000e+00
-1.526849254474977879e+00,-8.799946678915526732e+00,3.000000000000000000e+00
4.122324152848138468e+00,3.069141596320513976e+00,0.000000000000000000e+00
4.711431616010454348e+00,5.710998932010203255e+00,0.000000000000000000e+00
-1.782842801158732282e+00,-8.884498696914883809e+00,3.000000000000000000e+00
-3.753859884147260573e+00,-8.781110386294798786e+00,3.000000000000000000e+00
2.946597859246173456e+00,3.792943690358391517e+00,0.000000000000000000e+00
3.241121549193677343e+00,3.866224703600978696e+00,0.000000000000000000e+00
2.119593846521005798e+00,3.250044372621087252e+00,0.000000000000000000e+00
-1.203078870463684780e+00,-9.668136460259930232e+00,3.000000000000000000e+00
8.464018617606235750e+00,-9.883581806937115743e+00,2.000000000000000000e+00
-1.872724374662876556e+00,-1.085276260672127435e+01,3.000000000000000000e+00
9.918045292743958186e+00,-9.027588715971319289e+00,2.000000000000000000e+00
9.165361267360497166e+00,-1.049365238652761256e+01,2.000000000000000000e+00
9.021711969998381875e+00,-9.719592437171176158e+00,2.000000000000000000e+00
4.655818248296108131e+00,3.950977682193258733e+00,0.000000000000000000e+00
-8.108366729765547731e+00,3.133284465105219407e+00,1.000000000000000000e+00
8.979674627586193836e+00,-7.933166948805650875e+00,2.000000000000000000e+00
9.937136002173591720e+00,-9.096681014547352007e+00,2.000000000000000000e+00
-9.234325688274207522e+00,2.555176463524596375e+00,1.000000000000000000e+00
-6.875513402575930133e-01,-9.104548020357057680e+00,3.000000000000000000e+00
9.653098994666269306e+00,-9.112065452208602423e+00,2.000000000000000000e+00
8.074329712846392226e+00,-1.122646221526160915e+01,2.000000000000000000e+00
-7.772834328016710259e+00,1.163547938632580658e+00,1.000000000000000000e+00
3.429535562575024787e+00,4.034485012106989288e+00,0.000000000000000000e+00
7.687273782745957185e+00,-8.657127559056540633e+00,2.000000000000000000e+00
2.782656151108420239e+00,3.533065834670868988e+00,0.000000000000000000e+00
-1.354934141031137962e+00,-9.560757504698971232e+00,3.000000000000000000e+00
-7.563697663662512838e+00,4.074538253346802641e+00,1.000000000000000000e+00
3.441207707118130621e+00,3.298785364806100073e+00,0.000000000000000000e+00
2.215461594021218783e+00,5.987718582440537674e+00,0.000000000000000000e+00
9.056309654306019752e+00,-8.711559122896163743e+00,2.000000000000000000e+00
8.819462669395718990e+00,-8.094926955461016149e+00,2.000000000000000000e+00
-6.206162096892396285e+00,3.740901193652275580e+00,1.000000000000000000e+00
-8.383223149802185858e+00,2.655060303745874872e+00,1.000000000000000000e+00
4.290952549690725704e+00,4.727063359895320005e+00,0.000000000000000000e+00
8.648219264667954320e+00,-9.104909532170303521e+00,2.000000000000000000e+00
-1.825702296573935568e+00,-9.413405652382511590e+00,3.000000000000000000e+00
-1.919173916616981668e+00,-9.982228501567758983e+00,3.000000000000000000e+00
3.353426461795724123e+00,4.409041265029550516e+00,0.000000000000000000e+00
7.328188000918426148e+00,-1.106982241919716259e+01,2.000000000000000000e+00
-7.229063150458388876e+00,2.684783014478341556e+00,1.000000000000000000e+00
-1.375782395734108876e+00,-1.063395647831528734e+01,3.000000000000000000e+00
6.709895071457090410e+00,-9.825176044443315604e+00,2.000000000000000000e+00
8.285682291821112599e+00,-9.047967139653716018e+00,2.000000000000000000e+00
9.658171335992824069e+00,-7.733600469665408816e+00,2.000000000000000000e+00
8.029838197848533810e+00,-9.778531024315483933e+00,2.000000000000000000e+00
-7.551916406326848019e+00,2.886186502809264809e+00,1.000000000000000000e+00
-7.745372477989959314e+00,1.444384542068225752e+00,1.000000000000000000e+00
-8.282721581465755989e+00,3.025974729907244143e+00,1.000000000000000000e+00
-9.045886033644641167e-01,-9.892887489079978280e+00,3.000000000000000000e+00
9.254047810406060393e+00,-8.843744281881800617e+00,2.000000000000000000e+00
-2.206283491387961870e+00,-9.787516111087203541e+00,3.000000000000000000e+00
-8.395830962160907518e+00,2.218668564932683385e+00,1.000000000000000000e+00
-1.268101695521769212e+00,-8.998585674834886916e+00,3.000000000000000000e+00
-8.251680127449933622e+00,2.733353931252813673e+00,1.000000000000000000e+00
4.197019030055171296e-01,-9.613203994569401445e+00,3.000000000000000000e+00
8.446946917247680986e+00,-9.760960429751971645e+00,2.000000000000000000e+00
2.407266410416347480e+00,5.542231571179073057e+00,0.000000000000000000e+00
8.261807713386618346e+00,-8.790990635412132548e+00,2.000000000000000000e+00
-9.321882106240972021e+00,2.387381031184203195e+00,1.000000000000000000e+00
5.356448064436767353e+00,4.878612413841404205e+00,0.000000000000000000e+00
-6.326270309178712026e-01,-1.081043936130330430e+01,3.000000000000000000e+00
-1.005776902833813935e+00,-1.025993311860291435e+01,3.000000000000000000e+00
3.791976483799407660e+00,4.763354418258474610e+00,0.000000000000000000e+00
3.553320352663263293e+00,5.211477678351634779e+00,0.000000000000000000e+00
-8.585286727535434537e+00,1.368624635980141502e+00,1.000000000000000000e+00
3.409182899708219416e+00,5.434834142929048539e+00,0.000000000000000000e+00
8.801423883196548559e+00,-8.769595462561904142e+00,2.000000000000000000e+00
7.672479270305661458e+00,-7.591872853381896213e+00,2.000000000000000000e+00
-2.955439468728178198e-01,-9.823357007539643249e+00,3.000000000000000000e+00
-8.197678702508824244e+00,2.187600673493141024e+00,1.000000000000000000e+00
-1.864403820683185664e+00,-9.933731012929667870e+00,3.000000000000000000e+00
2.530326716415971955e+00,3.242274921632493090e+00,0.000000000000000000e+00
2.367063338284018492e+00,4.095077290613740928e+00,0.000000000000000000e+00
-1.947518053906184266e+00,-1.058236406184431289e+01,3.000000000000000000e+00
4.279210699311260413e+00,3.895131730225366962e+00,0.000000000000000000e+00
-2.186764467104550747e+00,-8.984329122363710951e+00,3.000000000000000000e+00
4.023860074092302064e+00,4.647841019377587202e+00,0.000000000000000000e+00
-9.104683128106231038e+00,3.372840057285258375e+00,1.000000000000000000e+00
-4.820684841034045043e+00,3.129547893577231399e+00,1.000000000000000000e+00
-8.022401244033549261e+00,1.290760477456229349e+00,1.000000000000000000e+00
-8.861341314393463620e+00,1.521425161158828532e+00,1.000000000000000000e+00
-7.542668685673477924e+00,2.882850588478080844e+00,1.000000000000000000e+00
-8.241667418508601628e+00,1.977597531233634687e+00,1.000000000000000000e+00
-1.247693758699633282e+00,-8.775739592020155300e+00,3.000000000000000000e+00
2.324017962507075818e+00,4.810398837836141084e+00,0.000000000000000000e+00
7.509927712864648441e+00,-8.193687363195833129e+00,2.000000000000000000e+00
-8.044549269028030025e+00,3.178506466216506787e+00,1.000000000000000000e+00
-4.203696170974535740e-01,-1.032063255960373382e+01,3.000000000000000000e+00
2.216178666820503462e+00,5.695142604313114809e+00,0.000000000000000000e+00
8.028336730317462866e+00,-1.014128662807284442e+01,2.000000000000000000e+00
-8.061800619499642551e+00,2.229045099715190492e+00,1.000000000000000000e+00
6.443145721532435033e+00,-9.617280757110043155e+00,2.000000000000000000e+00
-1.500387525558935842e+00,-8.697454484480077852e+00,3.000000000000000000e+00
8.964673023551057440e+00,-8.440133764384849968e+00,2.000000000000000000e+00
3.252219491055994283e+00,4.910147951540398736e+00,0.000000000000000000e+00
2.718497007224804030e+00,4.105644019663237998e+00,0.000000000000000000e+00
-2.432032581062181009e+00,-8.801033737353437303e+00,3.000000000000000000e+00
-7.280387626997423034e+00,2.252666496674263552e+00,1.000000000000000000e+00
8.644192241674945265e+00,-9.471107250213920636e+00,2.000000000000000000e+00
8.201783623030278747e+00,-1.035247944770162043e+01,2.000000000000000000e+00
-2.330496658932888820e+00,-9.471519132589937939e+00,3.000000000000000000e+00
3.213699742768874046e+00,4.324815187963651830e+00,0.000000000000000000e+00
-9.327034587069763516e-01,-8.390147523198720592e+00,3.000000000000000000e+00
8.188826319654433306e+00,-9.373947396522861908e+00,2.000000000000000000e+00
3.403310712374862046e+00,3.832859140828925426e+00,0.000000000000000000e+00
-7.603665993035923165e+00,1.027301714094149165e+00,1.000000000000000000e+00
3.943464046475863682e+00,3.852585417531376510e+00,0.000000000000000000e+00
-1.117044621481466216e+00,-8.294992563428934318e+00,3.000000000000000000e+00
-6.344497955428074487e-01,-8.400707806586828141e+00,3.000000000000000000e+00
7.921289455765530896e+00,-9.006195762698052221e+00,2.000000000000000000e+00
2.908641723445797744e+00,3.672122976403786598e+00,0.000000000000000000e+00
1.137238764114206990e+00,3.107019959707673973e+00,0.000000000000000000e+00
3.935680011009300205e+00,3.719505095476738799e+00,0.000000000000000000e+00
-8.417331753918620763e+00,2.383854191619450003e+00,1.000000000000000000e+00
8.252897710775915385e+00,-9.287445147357612285e+00,2.000000000000000000e+00
-1.917441420141508424e+00,-9.088737464087158102e+00,3.000000000000000000e+00
3.715000650719899156e+00,4.352070268752501470e+00,0.000000000000000000e+00
3.315749090981807257e+00,4.522228092112334785e+00,0.000000000000000000e+00
-1.911513620609137210e+00,-1.060609928202094210e+01,3.000000000000000000e+00
-8.669066284475674067e+00,2.003873295635508534e+00,1.000000000000000000e+00
-1.630674334726521568e+00,-8.336912174078122462e+00,3.000000000000000000e+00
8.462420950157570232e+00,-8.627974859516930550e+00,2.000000000000000000e+00
-1.764872589102517875e+00,-8.882969444753262778e+00,3.000000000000000000e+00
-1.395009822511847242e+00,-8.621220595287944377e+00,3.000000000000000000e+00
-1.030286614349244845e+00,-9.341535080144691250e+00,3.000000000000000000e+00
9.390988071023961936e+00,-9.173186597817103660e+00,2.000000000000000000e+00
9.165757771641494855e+00,-8.124585659614403710e+00,2.000000000000000000e+00
7.588883560543166595e+00,-1.045593342262192671e+01,2.000000000000000000e+00
2.471139156598526121e+00,4.559574447603616854e+00,0.000000000000000000e+00
-7.817993883708450831e+00,9.874061324387946037e-01,1.000000000000000000e+00
4.152192575582033029e+00,5.819772047103612067e+00,0.000000000000000000e+00
-7.541093060450946517e+00,1.706207778532313979e+00,1.000000000000000000e+00
-8.855718904891631382e+00,2.344510794629227846e+00,1.000000000000000000e+00
-2.013211978762549315e+00,-8.433413955041761056e+00,3.000000000000000000e+00
3.856650667561130952e+00,3.917112671733178786e+00,0.000000000000000000e+00
7.477770672292113119e+00,-9.054956483652780719e+00,2.000000000000000000e+00
3.579222186512792891e+00,3.894279714979031581e+00,0.000000000000000000e+00
8.322391794663902331e+00,-1.018272886131119925e+01,2.000000000000000000e+00
4.364857571025860139e+00,1.732357090287212298e+00,0.000000000000000000e+00
-1.998045860902747606e+00,-1.081148675192577535e+01,3.000000000000000000e+00
7.367221688567546778e+00,-8.119553396243713195e+00,2.000000000000000000e+00
-1.097340610423832352e+00,-9.541948802997598733e+00,3.000000000000000000e+00
7.219847741914632522e+00,-9.403948309285084406e+00,2.000000000000000000e+00
3.115543185612101418e+00,4.746383974099981806e+00,0.000000000000000000e+00
-2.172842468670788563e+00,-9.868226845736327135e+00,3.000000000000000000e+00
-1.096611151561861508e+00,-9.550086116626498978e+00,3.000000000000000000e+00
-7.014628526924550300e+00,2.839530013274378817e+00,1.000000000000000000e+00
4.531751884601005642e+00,3.818798519156019644e+00,0.000000000000000000e+00
-8.624666207534220419e+00,3.119974838698146069e+00,1.000000000000000000e+00
-1.212651188136576241e+00,-9.842645056691749161e+00,3.000000000000000000e+00
-6.438490964861469656e-01,-8.999668417074728310e+00,3.000000000000000000e+00
7.118457212750801233e+00,-1.040288150588683180e+01,2.000000000000000000e+00
-8.286570100004333028e+00,2.093305162810133790e+00,1.000000000000000000e+00
8.482675236176156375e+00,-8.854404763083405072e+00,2.000000000000000000e+00
-6.711800717868908750e-01,-8.292585855964702546e+00,3.000000000000000000e+00
-9.287897369676208825e+00,1.182144583138073468e+00,1.000000000000000000e+00
8.634644627453122112e+00,-1.038798344266241891e+01,2.000000000000000000e+00
1.427793254460163697e+00,4.074909600118820308e+00,0.000000000000000000e+00
9.123919141337882621e+00,-9.656164361094017323e+00,2.000000000000000000e+00
-6.984234124860385640e-01,-9.980951393542451200e+00,3.000000000000000000e+00
2.115225675567171670e+00,5.007434157328459534e+00,0.000000000000000000e+00
-6.908911561049928096e+00,2.720274048756079477e+00,1.000000000000000000e+00
-9.028878789960965712e-01,-1.001028701222144690e+01,3.000000000000000000e+00
2.270189794729481125e+00,4.571531097330505666e+00,0.000000000000000000e+00
3.327238735716706142e+00,3.151632172326368053e+00,0.000000000000000000e+00
-1.731584294724441975e-01,-9.203747320055573056e+00,3.000000000000000000e+00
-1.389366780763997111e+00,-8.702873373459674156e+00,3.000000000000000000e+00
3.227414785441353740e+00,4.382631427420743186e+00,0.000000000000000000e+00
-6.838740883260790326e+00,2.193615311630312537e+00,1.000000000000000000e+00
-2.300513119547908936e+00,-9.068598510290080128e+00,3.000000000000000000e+00
-1.147438243064812680e+00,-9.335897144934072855e+00,3.000000000000000000e+00
2.424300938318694421e+00,4.237916222292657409e+00,0.000000000000000000e+00
8.148897472444225798e+00,-9.250011051512151639e+00,2.000000000000000000e+00
8.111963530419494361e+00,-9.638266965271993669e+00,2.000000000000000000e+00
-1.869082495924763165e-01,-8.678610332554308471e+00,3.000000000000000000e+00
8.264508551764320643e+00,-8.311387004447514215e+00,2.000000000000000000e+00
-3.502083696743468755e-01,-9.813800320864400462e+00,3.000000000000000000e+00
-2.200423715511985012e+00,-9.531711390389293825e+00,3.000000000000000000e+00
8.271628182127342299e+00,-9.873858098707332331e+00,2.000000000000000000e+00
7.313665276285111538e+00,-8.973142225274301609e+00,2.000000000000000000e+00
-7.172654719157754322e+00,2.813015034293954386e+00,1.000000000000000000e+00
3.396357845648759533e+00,4.512939540039333508e+00,0.000000000000000000e+00
3.714027567864949031e+00,4.124214809409733284e+00,0.000000000000000000e+00
-7.309266190039808819e+00,2.983456285433578437e+00,1.000000000000000000e+00
-6.942885484894193659e+00,1.989838124015142595e+00,1.000000000000000000e+00
3.598749548246158003e+00,4.041352786346875448e+00,0.000000000000000000e+00
-8.282386638353814945e+00,1.868020366262111764e+00,1.000000000000000000e+00
-6.906429628435839518e+00,5.108843576588162350e-02,1.000000000000000000e+00
3.357262739748262614e+00,4.192751710641005936e+00,0.000000000000000000e+00
-9.115533495539768438e+00,3.033549325542707287e+00,1.000000000000000000e+00
2.287876459129498663e+00,4.297583157474660354e+00,0.000000000000000000e+00
7.672435154763597609e+00,-9.845995667849637201e+00,2.000000000000000000e+00
-7.316572041908189661e+00,2.953104340856036014e+00,1.000000000000000000e+00
4.223797310077200606e+00,5.368621127205548405e+00,0.000000000000000000e+00
7.037354819426466790e+00,-8.514350995870621830e+00,2.000000000000000000e+00
-6.849451914099493610e-01,-8.754267565904582327e+00,3.000000000000000000e+00
-8.375707002363231624e+00,2.789811658434521391e+00,1.000000000000000000e+00
8.230622286101066720e+00,-9.366361913581430443e+00,2.000000000000000000e+00
-1.809435592710850305e+00,-1.012744650147319270e+01,3.000000000000000000e+00
-1.022691181756536061e+00,-9.042416674772857377e+00,3.000000000000000000e+00
-8.562003142974324632e+00,2.447665048248695463e+00,1.000000000000000000e+00
6.871108151918963181e+00,-8.416394487282021331e+00,2.000000000000000000e+00
3.374678345276456604e+00,4.159257203530100533e+00,0.000000000000000000e+00
9.084411567670995780e+00,-7.644162376941509685e+00,2.000000000000000000e+00
-6.728997135920271155e+00,1.497648616546263689e+00,1.000000000000000000e+00
-5.850206721758727246e-01,-8.623398347786551454e+00,3.000000000000000000e+00
2.281814953085874453e+00,2.836080192725122906e+00,0.000000000000000000e+00
-9.417648167856453867e+00,1.383718894232612406e+00,1.000000000000000000e+00
8.798221064058397545e+00,-8.705162430521186323e+00,2.000000000000000000e+00
6.919192685480741289e+00,-9.781442903230539443e+00,2.000000000000000000e+00
8.601601322868150490e+00,-7.172781270823831434e+00,2.000000000000000000e+00
2.115683414394718298e+00,5.616651966530054274e+00,0.000000000000000000e+00
8.672165597672586657e+00,-9.459255230439648443e+00,2.000000000000000000e+00
-6.728550944422316604e+00,1.300200048325956814e+00,1.000000000000000000e+00
2.649761132759743454e+00,3.894308703232871594e+00,0.000000000000000000e+00
2.714256109402723993e+00,1.643436275014519943e+00,0.000000000000000000e+00
-1.794032323216873337e+00,-1.067935467424295659e+01,3.000000000000000000e+00
3.767660237801595979e+00,5.593802769074878611e+00,0.000000000000000000e+00
-9.140903442198831996e+00,2.365109488704488339e+00,1.000000000000000000e+00
3.803116996111906012e+00,4.422464275896161645e+00,0.000000000000000000e+00
-3.743839633114662835e-01,-8.774894336083429280e+00,3.000000000000000000e+00
-8.543261738734383215e+00,2.136929502366187172e+00,1.000000000000000000e+00
-2.473095899784097274e+00,-8.493018566646114209e+00,3.000000000000000000e+00
7.808338941802570154e+00,-9.817223043808175120e+00,2.000000000000000000e+00
-3.945575318793400621e-01,-9.200858521911550625e+00,3.000000000000000000e+00
3.099100712636045696e+00,2.984640602133906917e+00,0.000000000000000000e+00
3.050774181332520651e+00,3.181013193536635697e+00,0.000000000000000000e+00
2.902415186412793169e+00,4.182060937515335475e+00,0.000000000000000000e+00
-6.075374469652787823e-01,-9.632209847820476512e+00,3.000000000000000000e+00
-1.479913947459630119e+00,-8.845584027208818867e+00,3.000000000000000000e+00
