0.24199,0.034741,0.9068,0.001114,7.572600000000001e-09,3.3355e-06,0.19528,0.21461999999999998,-0.44905,0.0007307,0.011817,0.0063495,0.001285,0.00062991,0.010079000000000001,0.0078613,0.0056944,3.3754,3.3196,3.3947,3.4913,3.1599,3.1467
0.35514,0.1799,0.39492,9.1698e-06,1.4379e-05,7.0037e-06,0.20504,0.1298,-0.34586999999999996,0.00042836,0.0089452,0.0027969,0.0014111,0.00050395,0.0058963,0.0052411,0.019226,3.0751,2.6649,2.8099,3.412,2.5388,3.1923
0.29458,0.33296,0.14167000000000002,0.00015255,0.0004068000000000001,1.2667000000000001e-05,0.83183,-0.21418,1.0605,0.00040314,0.004611,0.0023180999999999996,0.0015622,0.00035275,0.0036787,0.0033259,0.028194999999999998,2.2762,1.7975,2.0276,2.358,2.9273,1.954
0.28006,0.45061,0.33005999999999996,3.6748e-05,6.1499e-05,2.4328e-05,0.45666,-0.16525,-0.28744000000000003,0.00045354,0.010759000000000001,0.0047369,0.0012345999999999998,0.0006803,0.0089951,0.006248699999999999,0.011337999999999999,3.1015,3.0583,2.9207,3.2898,2.9401,2.8901
0.17764000000000002,0.50244,0.58026,2.0971000000000003e-08,2.1578000000000002e-05,1.1135e-06,-0.42573999999999995,-0.43022,0.92624,0.00040314,0.0066015,0.0040062,0.0012598,0.00065511,0.0059716000000000005,0.0051653,0.020384,3.3337,2.9406,3.0357,3.4016,3.0751,2.5758
0.36488000000000004,0.24305,0.37044,2.2925999999999998e-07,1.3855000000000001e-06,1.03e-06,0.52682,-0.11986,0.32435,0.00050395,0.011087,0.0041324,0.0012851,0.00062994,0.009348299999999999,0.0056695,0.011793000000000001,2.4696,2.6458,3.0527,2.9907,3.0565,2.799
0.18317,0.3273,0.43015,2.5598000000000005e-07,3.5244e-07,3.4098e-07,-0.12819,-0.63663,-1.1532,0.00065511,0.009473899999999999,0.0064503,0.001285,0.00062991,0.0081385,0.007080199999999999,0.010734,3.0887,2.8995,2.9076,3.0614,2.8729,2.7565
0.096933,0.61261,0.31409000000000004,7.967199999999999e-05,0.00011754,0.00034362,1.7899,0.223,-1.4052,0.00088188,0.011313,0.0064503,0.0013102,0.00060472,0.010179,0.0082896,0.0054172,3.306,2.7298,2.9804,2.9422,2.8404,3.2885
0.19203,0.28081,0.38243,3.3733999999999998e-06,0.00014375,6.7931e-05,-0.9394100000000001,-0.12154000000000001,-0.14076,0.00040316,0.009247499999999999,0.0032253,0.0013103,0.00060474,0.006727800000000001,0.004989100000000001,0.017941,3.2316,2.6678,2.8251,3.3665,3.009,2.8798
0.24204,0.48736,0.43251999999999996,2.1655999999999998e-07,4.3984e-05,1.238e-05,0.52451,0.31919000000000003,0.38436,0.00057952,0.008466,0.0046865000000000006,0.001285,0.00062991,0.007055,0.006500700000000001,0.015244,2.9564,2.7726,2.8931,3.2637,2.2615,2.8325
0.14093,0.20205,0.21838000000000002,6.589e-05,0.00016892,1.4653e-05,0.13159,0.35323000000000004,0.78584,0.00080629,0.0099526,0.0061731,0.0010331,0.00088188,0.0088692,0.007004600000000001,0.0097258,2.7808,2.8757,1.7542,3.196,3.1907,3.2792
0.80658,0.32627,0.5034,0.0015494000000000003,4.9523e-06,4.4643999999999995e-05,-0.8205399999999999,0.3216,-0.28101,0.00032757,0.010633,0.0037796999999999996,0.0012851,0.00062994,0.0095499,0.0050647,0.013178,2.9506,3.0885,2.7689,2.6329,3.0505,3.2804
0.14749,0.81382,0.4425,7.4285e-09,1.0495999999999999e-05,2.6875999999999998e-05,0.11097,0.5131600000000001,-0.39535,0.00035275,0.009977799999999998,0.0064754999999999995,0.0012094,0.0007055,0.009826600000000001,0.006853399999999999,0.0090455,3.1684,3.2813,3.5289,3.4234,3.2760000000000002,3.4801
0.34639000000000003,0.42593000000000003,0.39308000000000004,1.2054e-07,1.6011e-05,2.4165e-06,-0.21813000000000002,0.32159,-0.14143,0.00075589,0.01154,0.0062235,0.0010583,0.00085668,0.009977799999999998,0.0080881,0.0059464,3.307,3.3685,3.1843,3.1398,3.2059,3.3131
0.26909,0.58024,0.73183,5.4869000000000005e-11,2.4219999999999998e-08,8.940200000000001e-08,-0.12929000000000002,0.7268,-0.29789,0.00080629,0.010053,0.0066771,0.0012094,0.0007055,0.008592,0.009020299999999998,0.0073826000000000004,3.0167,3.3214,3.5464,3.2738,2.9796,2.8548
0.54695,0.20024,0.18854,0.00015118,7.438600000000002e-07,1.0102000000000001e-05,0.29299000000000003,1.1096,0.91435,0.00047873,0.0034015,0.0020913,0.0015874,0.00032755,0.0034266999999999995,0.0023180999999999996,0.030815,1.9829,1.6429,2.1467,2.194,1.621,1.703
0.080826,0.71344,0.53047,1.3814e-07,2.2020999999999998e-05,8.993999999999999e-06,0.53291,-0.45023,0.1027,0.00083148,0.01149,0.0070298,0.0012094,0.0007055,0.009977799999999998,0.0085668,0.004636199999999999,3.1909,3.3788,2.9749,3.0247,3.2691,3.383
0.38928,0.42199,0.48821000000000003,1.2526e-06,5.6921e-07,6.7474e-06,-0.8584299999999999,0.27918000000000004,0.41902,0.00040314,0.0037795000000000003,0.0023433000000000004,0.0014866,0.00042834,0.0033763000000000005,0.0029984,0.029631,2.5275,2.688,2.2016,2.291,2.8609,2.5146
0.32684,0.5583,0.30804000000000004,1.6883e-05,0.00036679,2.9418000000000002e-05,-0.19509,0.54873,0.066585,0.00020157,0.0076345,0.0044598,0.001285,0.00062991,0.007684899999999999,0.0047369,0.017814,2.5317,2.4796,2.9436,2.9157,2.4203,2.7799
0.29191,0.3645,0.49855,7.0151e-05,4.3758000000000004e-05,1.3096e-05,0.30313,-0.2582,-0.26705999999999996,0.00015118,0.0062235,0.0037290999999999995,0.0013354,0.00057952,0.0061983,0.0041573999999999995,0.022072,2.9777,3.0081,3.1977,3.3178,3.4903,2.9752
0.1775,0.48788000000000004,0.50438,1.6604000000000002e-09,4.8225e-05,1.2927e-05,-0.67981,0.16097,-1.0489,0.00085668,0.009650200000000001,0.0041573999999999995,0.0014362,0.00047873,0.0089699,0.005644,0.013253000000000001,3.0314,3.0714,2.7892,2.9508,3.2792,3.0092
0.21005,0.4547,0.35363,9.146000000000001e-08,3.766e-06,4.9681e-07,0.11757999999999999,0.27089,0.41748999999999997,0.00040314,0.0077101,0.0048125,0.0011842,0.0007307,0.0062235,0.005518,0.017863999999999998,2.8867,3.0245,3.1244,2.7713,2.9452,3.1279
0.6034,0.36241,0.57508,1.1285999999999998e-09,1.6781e-05,1.5166999999999998e-06,0.71411,0.14684,1.0286,0.00045354,0.010179,0.0059464,0.0012345999999999998,0.0006803,0.0077856999999999996,0.0069038,0.011262999999999999,2.8421,2.1903,2.8237,2.8176,3.085,2.7714
0.11060999999999999,0.57193,0.42553,0.00024412,0.00012755,0.00055335,0.6763399999999999,0.56897,-0.079671,0.00042834,0.009826600000000001,0.004485,0.0012345999999999998,0.0006803,0.0098014,0.0053165,0.012674,2.6857,2.3021,2.9862,2.9291,2.918,2.4674
0.23594,0.66579,0.61869,1.3632e-06,6.551e-05,2.0906999999999998e-05,0.59091,-0.19784000000000002,-0.22591999999999998,0.00055432,0.010129,0.006299100000000001,0.0011842,0.0007307,0.0081133,0.0077605,0.009675399999999999,3.4103,3.4448,2.9916,3.3518,2.7309,3.3468
0.51884,0.46989,0.60396,0.00012016,0.00038716,6.230399999999999e-05,-1.5998,1.7658,-0.63071,0.00042834,0.0038047,0.0024189,0.0016125999999999998,0.00030236,0.0033006999999999997,0.003074,0.029505,1.6997,1.6068,1.4132,1.4569999999999999,1.6446,1.3337
0.21561,0.31153000000000003,0.33579000000000003,5.13e-07,5.884000000000001e-07,1.6147e-06,-0.37121,0.27089,1.2921,0.0007055,0.010331,0.0057448,0.0012598,0.00065511,0.0095495,0.007080199999999999,0.0091211,3.0387,3.2161,3.4007,3.273,3.1708,3.133
0.19037,0.43517,0.63995,3.2266999999999996e-07,7.941e-05,6.865900000000001e-06,0.60621,0.22301999999999997,-0.47894,0.00050393,0.0090959,0.006022,0.0012345999999999998,0.0006803,0.0085164,0.0067779,0.011616,3.2587,2.6766,2.8134,3.4208,2.8463,3.0816
0.20726999999999998,0.23394,0.19971,4.8030000000000004e-06,5.8711e-05,3.612e-06,-0.52993,-0.18394000000000002,-0.62674,0.00030236,0.004913300000000001,0.006551100000000001,0.0013102,0.00060472,0.0041573999999999995,0.0079117,0.018696,3.3273,3.0911,2.8458,3.3927,2.5669,2.6583
0.20501,0.75953,0.52515,7.0928e-06,6.0568999999999996e-05,4.9635e-05,0.66956,-1.1298,0.8886799999999999,0.00045354,0.010784,0.005518,0.0010834000000000002,0.00083148,0.0094487,0.0065259,0.0098014,3.4465,3.2965,3.2174,3.301,3.3745,3.3876
0.19022,0.7136399999999999,0.40398,1.6287e-08,1.0957e-05,8.1956e-06,-1.4633,0.36649,0.36754000000000003,0.00052913,0.008314799999999999,0.0044598,0.0012345999999999998,0.0006803,0.007584100000000001,0.005140100000000001,0.016503999999999998,3.3764,2.9841,2.7286,3.1986,3.1069999999999998,3.4107
0.1958,0.4027,0.27945,1.6075e-06,3.1895e-05,0.00017189,0.5233399999999999,0.9854299999999999,-0.8214600000000001,0.00060472,0.008844,0.004611,0.0014362,0.00047873,0.0079369,0.005896,0.014639,1.9368,2.6759,2.4998,2.0191,3.4531,3.0719
0.54623,0.46048999999999995,0.44097,9.0459e-07,5.2765e-05,8.5954e-05,0.30758,-0.73948,-0.48546999999999996,0.00015119,0.010860999999999999,0.0021671,0.0014615000000000001,0.00045358,0.0075344999999999995,0.004737399999999999,0.017085,2.7879,2.1594,2.7352,2.9766,2.7169,2.7817
0.56481,0.33103,0.63184,2.8796e-05,9.9638e-06,2.6881999999999998e-05,0.66478,0.042792000000000004,0.008280899999999999,0.00035275,0.0075588999999999995,0.0035779,0.001411,0.00050393,0.007080199999999999,0.0048629,0.019099,2.3930000000000002,2.4711,2.156,2.9494,2.8503,2.7055
0.36866,0.40904,0.5110899999999999,9.8787e-10,1.0289999999999999e-07,1.4251e-07,-0.29686,0.48478999999999994,-0.049518,0.00060472,0.009675399999999999,0.0058456,0.0012345999999999998,0.0006803,0.0095495,0.0069542,0.0099022,3.1319,3.0481,3.0702,3.5775,3.0297,3.319
0.20870999999999998,0.39928,0.41808,1.4180000000000002e-08,0.00014774,5.9136000000000004e-06,-0.37851,0.23975,0.24449,0.0007307,0.011464,0.0066771,0.0010834000000000002,0.00083148,0.010003,0.0078613,0.0057951999999999995,3.5107,3.3167,3.2949,3.0861,3.3835,3.0492
0.58739,0.8738799999999999,0.40569,4.0063999999999997e-10,5.2727e-05,4.3525e-05,-2.7035,0.013365,0.14565,0.00025199,0.006476100000000001,0.0014867,0.0015875,0.00032759,0.0047878,0.0030743000000000003,0.026458999999999996,1.3472,1.6628,0.97541,2.1054,1.8256,1.5858
0.4993,0.50629,0.12382,2.6109e-05,0.0001319,9.1473e-06,1.5490000000000002,0.35535,-0.23979,0.00047873,0.0069038,0.0038047,0.0013354,0.00057952,0.005896,0.0050141000000000005,0.020434,1.8181,1.9038,2.229,2.3554,2.8467,2.2949
0.31728,0.42378999999999994,0.57533,0.00047546,9.4152e-05,0.00012474,0.40909,-0.42983000000000005,-0.35635,7.5593e-05,0.0088948,0.003956,0.0012347,0.00068034,0.0077357,0.0048632,0.017008000000000002,3.1829,2.8266,3.2016,3.3395,3.1713,3.0982
0.41413999999999995,0.53268,0.25678,8.4342e-06,0.00043906,2.3669e-05,0.35349,-1.1911,-0.2637,0.00040314,0.0077605,0.0060472,0.0013102,0.00060472,0.0068281999999999995,0.006651899999999999,0.014841,2.6521,2.6627,2.6189999999999998,2.7739,2.5778,2.9586
0.21519000000000002,0.072713,0.43583999999999995,5.4734e-06,1.1397000000000001e-07,5.4949e-06,0.54482,0.6846399999999999,0.12028,0.00065511,0.012019,0.0067023,0.0012345999999999998,0.0006803,0.010104,0.0083904,0.0046613,3.077,3.2787,3.1337,3.4659,3.2682,2.8839
0.48546999999999996,0.67399,0.30741,6.3687e-05,0.0014394,1.3446e-05,-0.6942699999999999,-0.50544,0.68124,0.00050393,0.0076345,0.0050393,0.001537,0.00037795,0.0065763,0.006399899999999999,0.016378,2.7463,2.5613,2.4237,2.6355,2.9632,2.5564
0.17820999999999998,0.48395,0.34605,0.00051947,7.343100000000001e-05,1.4344e-05,-0.27921,0.56052,0.14203,0.00060474,0.007559300000000001,0.002545,0.0014615000000000001,0.00045356,0.0048128,0.0047372,0.022275,2.8966,2.6441,3.0723,3.0544,2.5125,2.782
0.23143000000000002,0.13314,0.78943,1.2132e-05,1.0619000000000001e-07,6.9417e-06,0.20770999999999998,0.9610299999999999,-0.027357,0.00042834,0.0051905,0.002822,0.0015874,0.00032755,0.0037795000000000003,0.0038551,0.026456,2.7207,2.6811,2.8968,3.3397,2.0936,2.4312
0.20663,0.66985,0.7107100000000001,1.3442000000000001e-05,0.000616,0.00073785,0.42599,0.074277,-1.0362,0.00025196,0.0033259,0.002696,0.0015118,0.00040314,0.0028472,0.00257,0.03084,2.4379,2.3124,2.47,2.6631,2.8987,2.6156
0.22808,0.5852,0.41628999999999994,1.3557e-06,0.00027067,2.749e-05,0.1901,0.003822,-0.57722,0.00047876,0.011062,0.0041576,0.0012095,0.00070554,0.0094743,0.0057703,0.011590999999999999,2.6333,3.071,3.0656,3.2767,3.1978,3.2045
0.3077,0.65893,0.22625,1.3396e-06,0.00011726,1.3444e-05,-2.5638,-0.87955,0.41223000000000004,0.00042834,0.009247100000000001,0.0052409,0.0012094,0.0007055,0.0089951,0.0057448,0.012875,2.7228,2.9651,2.8569,2.9017,2.7567,2.9896
0.25186,0.57587,0.6070300000000001,3.4364e-09,3.4881999999999997e-07,1.3569999999999999e-06,0.11953,-0.1806,0.34118000000000004,0.00060472,0.01217,0.005644,0.0010583,0.00085668,0.010129,0.0069038,0.007080199999999999,3.3402,3.2837,3.2502,3.3979,3.1732,3.1548
0.29589,0.47025,0.58743,0.00012773,0.00014263,0.00023828,0.001109,0.29275999999999996,0.40116999999999997,0.00020158,0.008768799999999998,0.0036536999999999997,0.0013607,0.00055435,0.0068790000000000006,0.0056695,0.017361,2.9356,2.7932,2.8984,2.6547,2.883,2.9491
0.18307,0.4744,0.71582,1.771e-09,1.4486000000000002e-06,6.417999999999999e-06,0.48903,1.9071,-1.4977,0.00042836,0.007458499999999999,0.0022426,0.0013103,0.00060474,0.007534100000000001,0.0029985,0.021872,2.6038,1.9763,2.7558,2.3575,2.0621,2.971
0.20778000000000002,0.6459199999999999,0.2595,0.00020923,0.0019144000000000001,0.00017094,0.17597000000000002,0.55628,-1.9011,0.00075589,0.0061478999999999995,0.0031748,0.0013354,0.00057952,0.0050897,0.0037290999999999995,0.023634,2.0532,1.8992,2.1096,2.8826,1.7033,2.3014
0.20160999999999998,0.47235,0.5370199999999999,0.006773899999999999,0.00039096,3.4989e-05,0.16802999999999998,0.7368600000000001,-0.28497,0.00035277,0.0099027,0.0030237,0.0011339,0.00078113,0.0076600999999999995,0.0048632,0.016731,2.5502,3.1628,3.0219,3.0142,3.2841,2.9465
0.30454000000000003,0.21503000000000003,0.36491999999999997,3.7567e-05,5.0945999999999995e-06,4.4316e-06,0.5414,0.36811,-0.23729,0.00042834,0.009247100000000001,0.0056188,0.0013606,0.00055432,0.0092219,0.0058708,0.012145,3.0895,3.1438,2.395,3.4141,3.022,3.0997
0.31801,0.51472,0.33471999999999996,5.857e-05,0.00011397,3.4052e-05,0.31215,-0.15625999999999998,0.07258300000000001,0.00055432,0.0073322000000000005,0.0034015,0.0013354,0.00057952,0.0072566,0.0053417000000000004,0.018645,3.1654,2.104,2.6311,2.9791,2.3611,2.8904
0.13697,0.44963000000000003,0.69099,0.0020152,4.171e-05,5.3963999999999994e-05,1.834,-0.3501,-0.61482,0.00065511,0.011162,0.005896,0.0012345999999999998,0.0006803,0.0093479,0.007004600000000001,0.008466,3.4012,3.3698,3.2684,3.2439,3.4632,3.4327
0.13876,0.79873,0.63212,1.7266e-10,1.6899000000000001e-06,2.4174e-06,-0.096359,0.56463,0.98211,0.00055432,0.011715999999999999,0.0062235,0.00095747,0.00095747,0.009851799999999999,0.0079117,0.0062739,3.1117,3.2413,2.9015,3.2418,2.8351,3.049
0.17845999999999998,0.53999,0.35783000000000004,1.6802e-05,0.00052561,0.00044535,-0.53203,0.30806,-0.022001,0.0006803,0.0097762,0.0066015,0.0013858,0.00052913,0.0098014,0.0075084999999999995,0.0081637,3.3458,2.873,2.9897,3.0737,3.2488,3.2081
0.71643,0.13475,0.38639,3.1245e-05,4.2837e-06,5.439099999999999e-06,-1.4129,0.57227,0.74207,0.00057952,0.0095243,0.0051148999999999995,0.0014866,0.00042834,0.008214,0.006727500000000001,0.012371,2.9108,3.093,3.0009,2.9836,3.4303,3.4712
0.16462000000000002,0.33202,0.6399,5.537100000000001e-11,7.5472e-08,1.3392000000000002e-07,0.22436,-0.035306,0.32109,0.00050393,0.006929,0.0058456,0.0012345999999999998,0.0006803,0.0059716000000000005,0.0059968,0.017285,2.623,2.3712,2.4562,3.3027,2.6525,3.0213
0.27835,0.38604,0.39097,1.0681e-05,0.00014064,0.0005102,-0.26,0.68557,-0.5929800000000001,0.00017638,0.0089704,0.0025954,0.0015119,0.00040316,0.0077105,0.0044096000000000005,0.018671,1.9971,1.9932,2.1298,2.5248,2.5881,2.1788
0.3886,0.09303099999999999,0.5322600000000001,3.8475e-06,5.7191e-06,3.7752e-05,0.21552,1.1644,-0.09336599999999999,0.00040316,0.010079000000000001,0.0029733,0.0012851,0.00062994,0.008542000000000001,0.005316700000000001,0.015219,0.9162899999999999,1.7344,2.1263,2.7816,1.7575,2.6910000000000003
0.4097,0.11243,0.8615,0.00011787,2.7061e-05,0.0001945,0.025851,0.3351,-0.72435,0.00015118,0.0054424,0.0047117,0.0013606,0.00055432,0.0048376999999999995,0.0051653,0.022223,2.529,2.4272,1.886,3.0744,2.3494,2.2082
0.21193,0.44875,0.67785,1.6482e-09,6.265700000000001e-06,7.748e-06,0.27388,1.4145,-0.74197,0.00088188,0.011515000000000001,0.007181,0.0012094,0.0007055,0.010633,0.007458199999999999,0.0048629,3.2477,3.362,3.2673,3.4424,3.4568,3.1703
0.51234,0.17687,0.18784,0.0011769,0.00018505,4.615e-05,-0.67598,0.9331299999999999,0.5996199999999999,0.00060474,0.013808,0.0036789,0.0013103,0.00060474,0.011262999999999999,0.005997,0.0071813,3.1132,2.9568,2.9921,3.1589,3.2089,3.1818
0.5512699999999999,0.10812999999999999,0.45458999999999994,2.2209e-07,3.6732e-08,1.7305999999999996e-07,-1.0071,-0.78374,0.71291,0.00042834,0.0071558,0.005568399999999999,0.0011338,0.00078109,0.0067023,0.0059464,0.016730000000000002,2.4181,2.5306,3.0097,2.7943,3.2566,1.8871
0.1812,0.7152,0.65187,1.2511e-11,4.2548e-06,2.7406e-06,0.17017000000000002,0.008232399999999999,0.6773399999999999,0.00075589,0.011641,0.0062235,0.0012094,0.0007055,0.010431000000000001,0.0078361,0.005644,3.4335,3.4165,3.3710000000000004,3.5111,3.1439999999999997,3.3438
0.5419,0.21623,0.2819,3.6101e-08,1.7956e-05,1.6275e-06,0.47893,1.9249,1.5453,0.00062991,0.009877,0.006853399999999999,0.0012345999999999998,0.0006803,0.0081637,0.008188899999999999,0.008818799999999998,2.9613,2.3308,3.0267,3.4219,2.9419,2.8161
0.26031,0.60521,0.41717,0.00028781,0.00020950000000000002,0.00055641,0.37787,0.58818,-0.57903,0.00052913,0.0089699,0.0050645,0.0013858,0.00052913,0.0079369,0.0058708,0.014159999999999999,2.9846,3.1363,3.0809,3.2302,3.259,2.9509
0.35022,0.5778300000000001,0.35228000000000004,1.2877e-05,5.431e-05,0.0006375,-0.037161,-0.5304300000000001,-0.6301100000000001,0.00017638,0.0044346,0.0034266999999999995,0.001285,0.00062991,0.0053668,0.00257,0.026557,2.1694,1.7174,2.6713,2.5307,2.0834,2.5902
0.23392,0.45088999999999996,0.53591,2.2788e-07,2.0888e-05,4.9597e-05,-0.65505,0.10819000000000001,0.41098999999999997,0.00020158,0.0061734,0.0033513000000000006,0.0014615000000000001,0.00045356,0.004082,0.00446,0.024265000000000002,2.8177,2.8385,2.7822,2.7852,2.8614,2.6514
0.56662,0.6761699999999999,0.54088,6.7662e-09,0.00014367,9.8951e-06,-1.3219,0.1321,-0.067384,0.00027716,0.007659699999999999,0.0045102,0.0013606,0.00055432,0.006399899999999999,0.0048629,0.018822,1.5875,1.7283,1.8367,1.87,2.2243,1.6644
0.2554,0.43816000000000005,0.40954,3.3564e-07,2.936e-05,2.5434e-05,-0.042210000000000004,0.59629,0.5665899999999999,0.00065511,0.010305,0.0052913000000000005,0.001285,0.00062991,0.0095999,0.006651899999999999,0.010028,2.8389,3.0511,2.9087,3.0431,3.0341,3.0605
0.17842,0.38349,0.41973999999999995,1.4861e-06,0.00010842,9.1562e-05,-0.36393000000000003,-0.25651999999999997,0.20681,0.00052913,0.0056188,0.0037039,0.0012598,0.00065511,0.004913300000000001,0.0041573999999999995,0.023609,2.608,2.3713,2.3363,2.7242,1.7077,2.3358
0.8349700000000001,0.26891,0.4933,0.00016993,0.00020435,2.9806999999999998e-05,-0.42956000000000005,0.57818,-0.41029,0.00010895,0.010759000000000001,0.00057199,0.0020155999999999998,5.4475e-05,0.010922,0.00010895,0.023506,2.4653,1.8822,2.5713,2.9297,2.4733,2.4047
0.20818000000000003,0.20715999999999998,0.48472,3.6373000000000003e-06,6.2349e-06,0.00016192,-0.78466,0.31162,0.24793,0.00052913,0.0072566,0.004560600000000001,0.0014866,0.00042834,0.0065259,0.0051148999999999995,0.018545,2.8128,2.0099,2.2331,3.0204,2.3375,2.4401
0.1806,0.61764,0.36853,2.2890999999999998e-07,1.6282e-05,6.7252e-06,2.0579,-0.0065417,0.13772,0.0006803,0.0092219,0.0043338000000000005,0.0013102,0.00060472,0.0082896,0.005896,0.01411,2.4387,2.1149,1.963,2.9985,2.6794,2.9610000000000003
0.31401999999999997,0.39971999999999996,0.43583,1.1892e-05,1.4879000000000001e-05,1.9278e-05,0.34114,0.68172,-1.0142,0.00025196,0.0090455,0.0061731,0.0011338,0.00078109,0.008214,0.0066015,0.012245,3.3136,3.0265,3.0267,3.2122,2.9102,3.1973
0.14079,0.68077,0.33726,1.3738e-05,8.1943e-05,5.3643e-05,-0.34891,-0.49649,-0.49809,0.00075589,0.011187,0.0067527,0.0010834000000000002,0.00083148,0.0092219,0.0084912,0.0061227,3.2214,3.2379,3.2611,3.6749,2.8991,3.0916
0.17363,0.28745,0.28205,1.3155000000000002e-06,0.00037355,9.1979e-05,0.35712,0.42837,-0.23553000000000002,0.0007055,0.0085668,0.005392,0.0011842,0.0007307,0.0073826000000000004,0.0068786,0.013606,3.0161,3.0627,2.9275,2.9596,3.5681,3.0536
0.16305,0.32134,0.54871,2.3919e-08,0.00014414,3.8826e-05,-0.66027,-0.067021,-0.9702,0.00047873,0.0066015,0.0026708,0.0013858,0.00052913,0.0067527,0.0029732,0.023055000000000003,1.4319,1.3678,1.3064,1.7855,0.59002,1.6767
0.25533,0.63315,0.5053300000000001,2.8793e-09,1.0383e-06,1.5147999999999999e-06,-1.121,-1.0826,3.3747,0.00040314,0.0071558,0.0042078,0.001411,0.00050393,0.007055,0.004560600000000001,0.019149,2.4514,2.5399,2.9046,3.3783,1.8136,3.0451
0.11994,0.89561,0.68795,1.6552e-09,3.2254e-06,2.1176e-05,0.39047,-0.37885,0.011541,0.0007307,0.012950999999999999,0.0059464,0.001159,0.00075589,0.010205,0.0079117,0.0047873,3.4932,3.1575,3.5478,3.2209,3.2844,3.3752
0.21053000000000002,0.3976,0.12401,0.00013874,6.0658999999999996e-05,5.455e-07,0.39061,0.33786,0.507,0.00035275,0.0094235,0.0062235,0.0013606,0.00055432,0.008592,0.0065259,0.011414,2.7859,2.7637,2.497,2.905,3.075,2.6232
0.37917,0.82521,0.13049000000000002,7.8665e-07,3.364e-05,1.0081e-06,-0.20064,-1.0979,0.39469,0.00040314,0.009625100000000001,0.0061983,0.0010079000000000002,0.00090707,0.0088692,0.0072566,0.010179,3.1779,2.9696,2.7328,3.2222,3.1274,3.1695
0.52717,0.44569,0.48388000000000003,0.00010031,6.969e-05,5.459e-05,-0.46465,0.55704,0.32984,0.00030236,0.0060472,0.0037290999999999995,0.0014614,0.00045354,0.005719600000000001,0.0044346,0.022299,2.5874,2.0411,2.0632,2.4364,2.0323,1.9678
0.14673,0.8881100000000001,0.63736,1.577e-07,1.5754000000000002e-05,8.6086e-05,-0.45677,-0.74997,-0.42071000000000003,0.00060472,0.012145,0.005492800000000001,0.0012094,0.0007055,0.010053,0.0068281999999999995,0.0074078,3.3776,3.3281,3.3222,3.3944,3.4769,3.2221
0.41279,0.40465,0.37478,0.00017306,0.00017884,6.910800000000001e-06,0.59312,0.054352,-0.36477,0.00078109,0.011061,0.0061227,0.0012598,0.00065511,0.009826600000000001,0.0075588999999999995,0.007181,2.9475,3.1489,3.3412,3.0812,3.073,3.0848
0.13915,0.43096,0.33235,1.6382999999999998e-07,0.00010629,1.5391e-05,-0.46523000000000003,0.79651,0.018394,0.0006803,0.0098014,0.007810899999999999,0.0012598,0.00065511,0.008617200000000002,0.008667600000000001,0.0069542,3.3567,3.3909,3.3919,2.9967,3.3927,3.3436
0.3349,0.38394,0.36761,0.00045266,0.00037417,0.00029255,-0.086292,1.0942,0.78846,0.00027717,0.004661600000000001,0.0025954,0.0016882000000000002,0.00022678,0.0038299999999999996,0.0030237,0.028145999999999997,1.8649,1.9116,2.2662,2.6017,2.0707,2.0926
0.21313000000000001,0.63372,0.45478,5.2329999999999995e-11,4.2388000000000006e-07,7.318699999999999e-08,0.64532,1.9283,-0.29666,0.00062991,0.010583,0.0069038,0.0011842,0.0007307,0.0097762,0.007962100000000001,0.0066771,2.8393,3.2282,2.2166,3.3207,2.9672,3.2948
0.15175999999999998,0.5328,0.39195,2.0114e-08,3.5715e-05,8.4435e-05,-0.58104,0.026985000000000002,0.28631999999999996,0.00065511,0.0090455,0.0055432,0.0016378,0.00027716,0.007181,0.006853399999999999,0.013253000000000001,3.0237,2.8653,3.1776,3.3974,3.1495,2.9952
0.69934,0.36088000000000003,0.37576,2.5655e-05,8.9958e-05,7.6286e-06,-2.8507,-0.52563,-1.0826,0.00037795,0.004359,0.0039055,0.0015622,0.00035275,0.0029228,0.0047117,0.026255,2.039,1.5467,1.8814,2.4557,2.5308,2.1542
0.20939000000000002,0.60395,0.47033,0.00079166,8.951e-05,5.2561999999999996e-05,-0.57333,-0.35068,0.51259,0.00025198,0.0050899,0.002041,0.0014111,0.00050395,0.005316700000000001,0.002167,0.027667,2.6695,2.2562,2.36,2.8567,2.7841,3.1587
0.37046,0.29902,0.37524,7.7597e-06,3.0234000000000002e-05,4.9774e-06,0.30530999999999997,-0.095917,-0.70704,0.00047873,0.0082896,0.006651899999999999,0.001285,0.00062991,0.0077856999999999996,0.006626699999999999,0.012699,3.1854,2.7567,2.9498,3.3752,2.9883,2.8272
0.30674,0.44087,0.41062,0.00011099,0.00016434,0.00014201,-0.6418699999999999,0.20078,0.32544,0.00035275,0.0089951,0.006551100000000001,0.0013354,0.00057952,0.0082896,0.006022,0.012320999999999999,2.9894,3.1773,3.0254,3.3426,3.1591,3.1409
0.2426,0.27721,0.53472,0.00047527,3.5774e-05,6.0265e-06,0.17238,0.17605,0.015597,0.00032755,0.0070298,0.0051905,0.0013858,0.00052913,0.0053668,0.0058708,0.018746000000000002,2.9291,2.8359,2.9233,2.8465,2.4474,2.6077
0.17544,0.8351,0.38924000000000003,3.3367e-09,2.4551999999999998e-05,9.3715e-06,-0.17952,0.40744,0.62044,0.0007055,0.011011,0.0062235,0.0011842,0.0007307,0.010104,0.007306999999999999,0.007181,2.8435,3.0248,3.2442,3.3663,3.0115,3.003
0.28205,0.67977,0.5049899999999999,0.0055942,7.4868e-05,0.00015277,0.48441000000000006,-0.21161,-0.98741,0.00062991,0.010834,0.0052409,0.0011842,0.0007307,0.010482,0.0063495,0.0089951,3.2183,2.6768,3.3652,3.1669,3.6367,2.9893
0.16629000000000002,0.25615,0.5363600000000001,3.6361e-05,0.00021465,2.7397e-05,2.7501,1.1016,-0.017258000000000003,0.00080629,0.009473899999999999,0.0061983,0.0012598,0.00065511,0.0092219,0.0074078,0.0094235,3.5116,3.3739999999999997,3.2474,3.5328,3.4611,3.3985
0.12247999999999999,0.37361,0.3719,3.1831999999999995e-07,8.2782e-06,1.538e-05,1.4613,1.7575,0.062534,0.00030236,0.010381,0.0057951999999999995,0.0012094,0.0007055,0.0095243,0.007004600000000001,0.0095243,3.3547,3.1972,2.7278,3.4291,3.4108,3.1905
0.1499,0.80386,0.71665,9.633599999999999e-11,1.0182999999999999e-05,1.5010999999999999e-05,0.55908,-0.037825,0.0034167,0.00088188,0.012019,0.0060975000000000005,0.0011338,0.00078109,0.009851799999999999,0.007962100000000001,0.005719600000000001,3.533,3.4672,3.4696,3.2243,3.3737,3.0647
0.20906,0.45475,0.66493,6.7904e-10,4.9004e-07,5.9176e-06,-0.9137200000000001,0.44206000000000006,-0.070132,0.0007307,0.011112,0.0064503,0.0011086,0.00080629,0.009977799999999998,0.0082896,0.0059716000000000005,3.2349,3.1879,3.0731,3.4515,3.3008,3.2689999999999997
0.4044,0.083688,0.68513,0.0010395,1.639e-07,2.3159e-06,-0.69798,0.26361,0.9280299999999999,0.00047873,0.0068281999999999995,0.0047621,0.0012598,0.00065511,0.0062739,0.0053417000000000004,0.018847,2.7398,2.5712,2.4267,3.3539,2.5669999999999997,2.7059
0.3053,0.33435,0.32234,5.4495e-06,0.00013064,7.390200000000001e-07,0.32927,-0.50985,0.16465,0.00010895,0.0028326999999999996,0.00057199,0.0020155999999999998,5.4475e-05,0.0038131999999999997,5.4475e-05,0.038595,2.7889999999999997,2.8266,2.6788,2.9993,2.9696,2.8114
0.16856,0.7076899999999999,0.69211,1.5098e-08,1.3689e-05,6.2079e-05,-0.1798,-0.36714,0.8702700000000001,0.00045354,0.011515000000000001,0.006022,0.0013102,0.00060472,0.009826600000000001,0.0068281999999999995,0.0078865,3.1768,3.273,3.2514,3.2856,3.2864,3.4614
0.63968,0.33659,0.46418000000000004,0.00099957,6.704199999999999e-06,6.4028e-05,-0.3249,-0.59877,-0.21214,0.00037795,0.0066771,0.004913300000000001,0.0013858,0.00052913,0.0050897,0.0054172,0.020056,2.8789,2.4,2.405,2.9856,2.7675,2.6869
0.24941999999999998,0.57125,0.33198,3.7243e-08,9.739e-05,3.6082e-06,0.17035999999999998,0.34862,0.42728,0.00078109,0.012346,0.0051653,0.0012598,0.00065511,0.011313,0.0064754999999999995,0.0064503,3.165,2.8088,3.2033,3.2945,3.2354,3.4176
0.20963,0.66847,0.33071999999999996,9.381700000000001e-05,0.00017659,2.9253000000000003e-05,1.3162,-0.048563,0.24215,0.0007055,0.008592,0.005518,0.0013858,0.00052913,0.007080199999999999,0.0067023,0.013934,2.476,2.2345,2.9303,2.5658,2.4793,2.5937
0.32663000000000003,0.19748,0.35929,1.7917e-06,1.0711e-05,2.3013e-06,-0.12875,0.35399,0.6097199999999999,0.00035275,0.010532,0.0054172,0.0011842,0.0007307,0.0085668,0.0072566,0.010406,2.6576,2.0243,2.4199,2.7015,2.8083,3.2904
0.16382,0.78651,0.66287,8.824499999999999e-09,4.8719e-06,6.891900000000001e-06,0.21725,0.3725,-0.6249600000000001,0.00078109,0.01149,0.006551100000000001,0.0012598,0.00065511,0.010104,0.0078613,0.0057448,3.2499,3.2959,3.4439,3.2307,3.5483,3.427
0.5557,0.39721,0.5764199999999999,4.7625000000000005e-08,6.913099999999999e-06,6.2508e-06,-0.37929,-0.047004000000000004,-0.47231000000000006,0.00055432,0.0075084999999999995,0.0046865000000000006,0.0014614,0.00045354,0.0062235,0.0054676,0.018091,2.1958,1.2842,2.1038,2.4873,1.8731,2.6497
0.22496999999999998,0.12618,0.24711999999999998,0.00046426,7.2895e-05,1.1359000000000001e-05,-0.34685,0.63632,-0.43098000000000003,0.00052913,0.0077353000000000005,0.0057951999999999995,0.0013354,0.00057952,0.0068786,0.006399899999999999,0.015193,2.4079,2.3545,2.1362,2.6991,2.7803,2.7338
0.36329,0.43903000000000003,0.49648000000000003,2.443e-06,2.1626e-05,8.8855e-05,-0.63359,1.1232,-0.010971999999999999,0.00035277,0.006626999999999999,0.0024945999999999996,0.0014363,0.00047876,0.0050899,0.0040064,0.023962999999999998,2.4718,1.4442,1.7056,2.8874,1.2453,1.8681
0.28691,0.5393600000000001,0.5519,8.418299999999999e-05,0.00055301,7.462300000000001e-05,0.57457,0.30425,-0.4489,0.00065511,0.010255,0.0059716000000000005,0.0013102,0.00060472,0.0091211,0.0078361,0.0086928,3.1806,3.3207,3.2856,3.3521,3.0853,3.0972
0.22623000000000001,0.49201000000000006,0.40679,4.1268e-10,4.7935e-08,1.4585e-08,0.3802,-0.24670999999999998,-0.54372,0.00057952,0.010431000000000001,0.005820399999999999,0.0013354,0.00057952,0.0081133,0.008440799999999998,0.0091463,3.4622,3.3066,3.4405,3.635,3.4314,3.3374
0.13182,0.36075,0.34903,0.00029988,0.00065942,6.8151e-05,1.2734,0.31594,0.6258,0.00055435,0.011667,0.004712,0.0013355,0.00057955,0.009524700000000002,0.006400199999999999,0.0096759,3.0574,3.1556,3.0191,3.554,3.2441,3.3784
0.27687,0.46967,0.45166000000000006,1.5059999999999998e-10,7.6061e-08,1.5915999999999998e-07,-0.39459,0.5231399999999999,-0.5009,0.00060472,0.010556999999999999,0.0067023,0.0010583,0.00085668,0.01023,0.0078865,0.006551100000000001,3.0877,3.0536,3.3419,3.1798,2.9505,3.2354
0.13324,0.3873,0.36725,4.629600000000001e-09,3.2301000000000003e-07,2.0172999999999997e-06,0.2661,-0.12741,-0.16119,0.00021788,0.0096955,0.00057192,0.0020153,5.4468999999999996e-05,0.010077,0.00010894,0.025301,3.3018,2.6493,2.9013,3.4068,2.8783,2.8411
0.24971999999999997,0.30116,0.36168,0.00018963,0.00018165,6.0615e-05,0.8586799999999999,0.2452,-0.29645,0.00050393,0.0093479,0.0048629,0.0012345999999999998,0.0006803,0.008466,0.0060472,0.013304,2.3639,3.193,3.1556,2.9109,3.1625,2.9497
0.11575,0.8465799999999999,0.35525999999999996,3.6425000000000004e-08,8.2624e-05,3.4483e-05,-0.5656800000000001,0.075668,0.11348,0.00010079,0.0043338000000000005,0.003981,0.001285,0.00062991,0.0036787,0.0040314,0.026406,3.3931,2.9022,2.7066,3.6289999999999996,3.1357,2.9517
0.11929000000000001,0.13042,0.64266,0.00017268,5.5894e-07,2.7908e-05,1.0157,1.4665,0.034076,0.00085668,0.012397,0.0061983,0.0010331,0.00088188,0.0097258,0.0078613,0.005492800000000001,3.306,3.1430000000000002,3.0096,3.3398,3.0199,3.2848
0.2825,0.41202,0.82415,4.0226e-06,1.0617e-06,3.8154e-07,1.5176,-0.78237,-0.7792,0.00047873,0.007181,0.0041826,0.0013606,0.00055432,0.006299100000000001,0.0050645,0.019326,3.2329,2.7375,2.278,3.4945,2.6823,2.7436
0.29767,0.35226999999999997,0.46185,5.7972000000000005e-08,2.0756e-05,5.3089999999999995e-06,-0.14686,0.8784700000000001,-0.065828,0.00078109,0.010179,0.0053417000000000004,0.0012094,0.0007055,0.0080881,0.007055,0.011086,3.1421,3.1846,3.1251,3.0667,3.2659,3.2154
0.26278,0.25315,0.36668,5.823e-05,7.8489e-06,2.1096e-05,0.37296999999999997,1.0639,0.40896,0.00050395,0.010054,0.0027213000000000003,0.0013355,0.00057955,0.008390799999999999,0.0049387,0.015925,3.0432,2.5628,2.3814,3.4016,3.2496,2.911
0.38553000000000004,0.17812999999999998,0.5643100000000001,2.9771e-05,4.9735e-06,2.0072e-05,-1.7764,0.8679899999999999,0.31738,0.00042834,0.0064754999999999995,0.0044598,0.0013858,0.00052913,0.0059464,0.0048125,0.020409,2.7739999999999996,2.9141,2.9871,2.6598,2.9726,2.8791
0.1302,0.6985100000000001,0.41696000000000005,2.4615e-08,1.2888e-05,1.0729e-05,0.74769,-0.18541,0.18494000000000002,0.00030236,0.009473899999999999,0.005568399999999999,0.0013102,0.00060472,0.0082392,0.0061731,0.012775,2.9141,2.8689,3.0313,3.3241,3.3218,3.2544
0.30594,0.31084,0.26758000000000004,1.6903e-06,5.5673e-06,2.6574e-05,1.1231,0.56275,0.37823,0.0007055,0.0090959,0.0052661,0.0013606,0.00055432,0.0085164,0.0048881,0.01406,2.7403,3.1308,2.6048,3.2314,3.452,2.5995
0.083768,0.21359,0.5934,5.188200000000001e-10,6.33e-08,2.6204000000000004e-06,-0.065996,-0.06968300000000001,0.20213,0.0007055,0.010381,0.0074329999999999995,0.001285,0.00062991,0.008314799999999999,0.009020299999999998,0.0066771,3.3661,3.2693,3.2766,3.2879,3.3572,3.3682
0.22821,0.2589,0.38479,0.00018757,3.5717e-05,1.4747000000000001e-05,0.022977,1.7047,0.45437,0.00055432,0.006022,0.0036534999999999996,0.0013858,0.00052913,0.0051148999999999995,0.004913300000000001,0.022274000000000002,2.5844,2.9406,2.7921,2.4788,3.4229,3.1915
0.33142,0.48173,0.2701,2.0084e-06,9.9164e-06,3.5547e-05,0.13142,0.67303,0.44117,0.00075589,0.0080629,0.0044598,0.001537,0.00037795,0.0068281999999999995,0.0060975000000000005,0.016327,2.2916,2.2407,2.3549,2.5355,2.3815,2.3258
0.6171300000000001,0.18673,0.69612,9.103e-05,2.2566e-05,1.3000000000000001e-05,-0.45738,-0.9427,-0.092954,0.00010079,0.006399899999999999,0.004485,0.0012598,0.00065511,0.0060472,0.005140100000000001,0.020359,1.8651,1.8248,1.8198,2.6244,2.1363,2.1747
0.21131,0.285,0.57368,2.8004e-05,0.00031977,0.00038463,-0.026626,-0.61648,0.082464,0.00037795,0.0063747,0.004359,0.0013606,0.00055432,0.0054424,0.0048881,0.021089,2.7193,2.9189,3.0836,2.9107,2.512,2.5687
0.14140999999999998,0.29179,0.50663,5.6806e-08,3.6061e-06,1.2566e-05,-0.25772,1.0807,0.11492999999999999,0.0006803,0.0081637,0.0036283,0.0013102,0.00060472,0.0074078,0.0045858,0.018066,3.1272,2.4175,2.3033,2.9936,2.3828,2.5895
0.38766,0.64318,0.3551,4.146000000000001e-06,8.0363e-05,1.0969000000000001e-05,0.17263,0.30296,-1.2775,0.00030237,0.005568699999999999,0.0028473,0.0013355,0.00057955,0.004712,0.0032000999999999996,0.025903,3.1836,2.1854,1.895,3.2894,2.5356,2.4503
0.11934000000000002,0.18459,0.51457,0.00080842,1.242e-07,4.256e-06,0.55167,-0.39007,-0.9598899999999999,0.00045354,0.0083652,0.0063495,0.0013102,0.00060472,0.0078361,0.006500700000000001,0.013027,2.426,3.1321,2.9539,2.6615,3.1574,3.1919
0.36439,0.30667,0.5021100000000001,1.5312000000000002e-05,1.398e-05,4.3386e-05,0.58505,-0.57855,-1.1912,0.00083148,0.010431000000000001,0.0061983,0.0012598,0.00065511,0.0080881,0.008314799999999999,0.008667600000000001,3.6215,2.7797,2.6225,3.4604,3.5189,2.6565
0.17356,0.7518100000000001,0.63417,2.1781e-07,2.035e-05,0.00086035,1.1409,-1.2377,-0.82158,0.00035275,0.0056944,0.003074,0.0015118,0.00040314,0.006022,0.0035275,0.023861,2.6947,2.4156,2.9025,2.333,2.6282,2.3952
0.51003,0.48225,0.47143,5.6015e-06,4.4129000000000006e-06,1.3240000000000002e-06,0.35386999999999996,-0.53342,-0.59459,0.00010079,0.0011842,0.0011086,0.0015118,0.00040314,0.0014614,0.00088188,0.037795,2.3268,2.9505,3.2274,2.2366,3.3525,3.2430000000000003
0.57824,0.31168,0.7688699999999999,6.4999e-11,1.1415999999999998e-07,1.1893e-09,0.88284,-1.2345,-1.453,0.00042834,0.0067527,0.0057951999999999995,0.0013102,0.00060472,0.0057448,0.0064754999999999995,0.017335,2.8548,2.6889,2.7338,3.6448,3.3812,3.3205
0.63567,0.26705999999999996,0.44728999999999997,2.9651999999999996e-07,6.2656e-07,2.622e-06,-0.08257,0.30058,0.9721700000000001,0.00093227,0.011036,0.005896,0.001285,0.00062991,0.0092723,0.0079369,0.007458199999999999,3.0906,3.2214,3.2205,3.1219,3.1174,2.8158
0.3271,0.54399,0.30177,8.2563e-08,2.4138e-06,5.112300000000001e-07,0.58782,0.25651,0.19856,0.00060472,0.011742,0.00577,0.00093227,0.00098266,0.01091,0.0065259,0.006979399999999999,2.9599,3.031,2.9276,3.5655,3.0314,3.0045
0.61273,0.45295,0.6498,2.7504e-09,1.3318e-05,2.4053e-05,-2.4295,-0.85008,-0.69787,0.00035275,0.004636199999999999,0.0037795000000000003,0.0014362,0.00047873,0.0030488000000000004,0.004636199999999999,0.026077999999999997,2.3694,2.4845,2.2194,2.0737,2.9104,2.0684
0.19016,0.83245,0.39495,1.0382e-08,2.0986999999999997e-05,2.1734000000000002e-05,0.5333100000000001,-0.6776,0.73019,0.00080629,0.011389,0.0064754999999999995,0.0010583,0.00085668,0.010506999999999999,0.007659699999999999,0.0056944,3.3168,3.2895,3.2571,3.509,3.6159,3.4659
0.1777,0.7433,0.42265,1.2995999999999998e-07,4.6704e-05,0.0001756,-0.087266,0.20274,-0.0036019,0.00083148,0.011641,0.0051653,0.0013606,0.00055432,0.0099022,0.006248699999999999,0.0087432,2.5766,2.932,3.2038,2.8891,3.3608,3.3559
0.21766,0.5573,0.5323399999999999,0.00020714,0.00037561,0.00022439,0.77649,0.60312,-0.89271,0.00025199,0.0093236,0.0016883,0.0013607,0.00055438,0.007786499999999999,0.0032759,0.02021,2.6908,2.5627,2.5312,2.702,2.9381,2.7093
0.21115,0.40774,0.29725,2.3543e-06,8.2939e-05,5.2546e-05,-0.005529699999999999,-0.75008,0.20755,0.0007055,0.011767,0.0060975000000000005,0.0011086,0.00080629,0.009751000000000001,0.0077353000000000005,0.0064754999999999995,2.5222,2.5782,2.4916,2.8695,3.0281,2.4252
0.39688,0.38153000000000004,0.27244,0.00012678,0.00025537,3.1043e-05,0.24739,-0.43401000000000006,0.10800000000000001,0.00052913,0.010986,0.0024693000000000002,0.0012094,0.0007055,0.011641,0.003074,0.013833000000000002,2.763,3.3231,3.0279,2.8685,3.2563,3.0767
0.32888,0.34736999999999996,0.2829,1.6969e-05,0.00025431,2.5274000000000002e-05,0.13217,0.53668,-0.68194,0.00027719,0.0088196,0.0017890999999999998,0.0014363,0.00047878,0.0074337000000000006,0.003805,0.020411000000000002,3.0818,2.6447,3.0166,3.3492,2.8109,3.0142
0.5794100000000001,0.092373,0.52328,3.4452e-05,1.8516999999999998e-07,4.6388e-06,-0.2475,-0.62246,0.66762,0.00037795,0.008440799999999998,0.0055432,0.001285,0.00062991,0.0068281999999999995,0.0059212,0.01542,1.7288,2.5268,2.1372,1.4978,2.944,2.3835
0.12229000000000001,0.46253999999999995,0.58735,5.0328e-07,0.00018817,0.00026823,0.83062,-0.17372,-0.39011,0.00052913,0.010506999999999999,0.0041322,0.0013354,0.00057952,0.0088944,0.005492800000000001,0.012976,3.2628,2.6076,3.2138,2.8371,2.9744,3.0997
0.19622,0.46351000000000003,0.33837,6.389599999999999e-08,0.00022804,2.7756e-05,1.0991,-0.81952,1.389,0.00075589,0.011313,0.0063747,0.001285,0.00062991,0.01096,0.007458199999999999,0.0056692,3.2104,2.9664,3.1403,3.1045,2.9346,3.0098
0.24216999999999997,0.43232,0.5838300000000001,8.956399999999999e-07,3.3533e-05,8.0789e-05,-0.068944,0.46183,0.20201,0.00090707,0.010556999999999999,0.005140100000000001,0.001411,0.00050393,0.008667600000000001,0.0073322000000000005,0.0099274,3.0894,2.7163,3.0717,3.1262,2.9289,3.025
0.33229000000000003,0.4812,0.48795,0.0007283,4.2538999999999994e-05,7.9156e-06,-0.20554,0.70143,0.030491000000000004,0.00030237,0.010884999999999999,0.0045356,0.0011591,0.00075593,0.007760899999999999,0.0077357,0.011314,3.2239999999999998,2.8756,3.2253,3.2805,3.3597,3.3919
0.36672,0.35444000000000003,0.42493000000000003,1.5321000000000001e-06,0.00016456,1.516e-05,-1.218,-0.6936399999999999,-0.23204,0.00035275,0.0083652,0.0068281999999999995,0.0011338,0.00078109,0.0074078,0.0077101,0.011868,3.2098,2.6781,3.2941,2.8441,3.1304,2.9272
0.73442,0.17402,0.37342,0.00035697,2.0898e-06,3.0626e-05,-0.3293,1.5356,0.64283,0.00075593,0.010331,0.0032757,0.0014111,0.00050395,0.0062994,0.0060474,0.015824,2.4304,2.4582,2.142,2.9558,2.5022,2.7422
0.33453,0.50336,0.47407,0.00043935,0.00022651,0.00045956,0.42476,0.19588,0.9002899999999999,0.00027716,0.0078613,0.005644,0.0013102,0.00060472,0.0065763,0.005644,0.016529,2.7065,2.8382,2.4896,3.1969,2.4623,2.9447
0.196,0.16512000000000002,0.5462100000000001,1.1112e-06,9.7837e-05,6.665100000000001e-05,0.20195,1.0248,-0.16826,0.0007307,0.009877,0.0045354,0.0013606,0.00055432,0.0089196,0.0066771,0.011792,2.4431,2.4737,3.1239999999999997,3.3251,2.0652,3.1310000000000002
0.30396999999999996,0.49309,0.1041,0.00044225,0.00028647,2.7823e-06,-1.9267,-0.4359,0.61444,0.00047873,0.009247100000000001,0.0054172,0.0011842,0.0007307,0.0080881,0.0056188,0.013682,3.3028,2.6701,3.069,3.092,2.9693,2.9242
0.11767000000000001,0.31304,0.38328,7.0908e-05,2.0944e-05,0.00015815,0.5920000000000001,0.36524,0.076112,0.0007055,0.010028,0.005719600000000001,0.0014362,0.00047873,0.0083652,0.006727500000000001,0.010986,3.2125,2.8272,3.0513,3.4732,3.1981,3.2917
0.23576999999999998,0.33797,0.6946899999999999,5.5209e-05,2.0409e-05,6.0088000000000005e-05,0.26544,0.97526,0.5022300000000001,0.00052913,0.0059968,0.0033006999999999997,0.0014866,0.00042834,0.0053165,0.0036787,0.02371,2.3786,2.0455,2.256,2.596,1.493,2.5621
0.55883,0.73731,0.40883,7.334299999999999e-10,5.9528e-07,2.3016999999999997e-08,0.6585300000000001,-0.17747000000000002,0.58006,0.00083148,0.011464,0.0058456,0.0011338,0.00078109,0.0099022,0.0077605,0.006727500000000001,3.4416,2.9331,2.3859,3.34,3.3132,3.1279
0.16013,0.56179,0.5068,8.7404e-09,8.0568e-05,6.8488e-05,0.19419,0.032233,-0.40596,0.00052913,0.0095495,0.0050645,0.0011842,0.0007307,0.00834,0.0061227,0.012925999999999998,2.9223,3.0943,2.7551,3.0438,3.4331,3.0826
0.17125,0.61052,0.63441,5.483600000000001e-07,5.7896e-05,0.00027249,-0.06779,-0.036009,-0.17018,0.00037795,0.00834,0.008214,0.0013102,0.00060472,0.005820399999999999,0.010482,0.0092975,3.0068,2.6951,2.9535,3.2799,3.0202,3.1014
0.14687999999999998,0.69088,0.56119,8.6441e-07,1.8032e-05,2.4399e-05,0.20199999999999999,-0.45866,-0.40216,0.0007055,0.011439,0.005593600000000001,0.0012094,0.0007055,0.010255,0.007810899999999999,0.006727500000000001,3.3825,3.4672,3.3183,3.2584,3.2353,3.4158
0.59747,0.44216000000000005,0.7438,4.3756e-12,4.3196000000000005e-08,6.7361e-08,0.32029,-0.041995,-0.22726999999999997,0.0007055,0.011994,0.0066015,0.0012598,0.00065511,0.0098014,0.0081385,0.0052913000000000005,3.2345,3.2965,2.9707,3.4191,3.1501,3.0412
0.26959,0.72525,0.37096,6.600399999999999e-07,5.4208999999999995e-05,0.00020775,-0.12604,0.27292,0.86216,0.00065511,0.010255,0.005492800000000001,0.0015622,0.00035275,0.0075588999999999995,0.007231399999999999,0.011337999999999999,3.1547,2.9339,2.9148,3.0023,3.3103,2.8078
0.074706,0.28076999999999996,0.82421,5.796899999999999e-05,1.527e-05,2.9748000000000003e-06,1.7531,-1.1386,0.42466000000000004,0.00037795,0.005140100000000001,0.0035779,0.0015118,0.00040314,0.0053668,0.0030236,0.025044999999999998,2.4114,2.7033,2.7972,2.6121,3.0406,2.3554
0.24925999999999998,0.46643999999999997,0.5909399999999999,6.556e-08,2.9954e-06,1.1124e-05,0.66317,0.23105,-0.16608,0.00075589,0.010986,0.0068281999999999995,0.0013102,0.00060472,0.0094487,0.0085164,0.0059968,3.448,3.5001,3.4682,3.2078,3.3877,3.4109
0.021824,0.8959299999999999,0.5594399999999999,5.8553999999999995e-05,2.8253e-06,2.4565e-05,2.708,-1.1397,-0.18869,0.00090707,0.012346,0.006299100000000001,0.0012345999999999998,0.0006803,0.010104,0.0081385,0.0047369,3.5214,3.2132,3.0008,3.6567,3.3279,3.5261
0.5231600000000001,0.1288,0.51635,0.00071908,5.2621e-07,4.2283e-06,-0.13122,-0.40533,-0.1414,0.00055432,0.007055,0.0036283,0.0016882000000000002,0.00022677,0.0060975000000000005,0.0047873,0.020409,2.3543,2.9361,2.8984,3.0517,3.2388,2.8425
0.097333,0.34338,0.40619,3.3313999999999995e-10,4.7766e-06,3.3684e-06,-0.52995,0.51855,0.25983,0.0007307,0.0088692,0.0071054,0.0011842,0.0007307,0.0080377,0.0083904,0.009398299999999998,1.9825,2.4466,1.8842,2.7679,2.7575,2.2593
0.33671,0.16276,0.48461000000000004,0.00018723,5.5673999999999996e-05,5.1973e-06,0.35308,0.46329,-0.47393,0.00035275,0.005392,0.0033510999999999997,0.0015118,0.00040314,0.0048629,0.0043338000000000005,0.024239,2.6060000000000003,1.7325,2.1009,2.8089999999999997,1.9899,2.3414
0.18627,0.8488700000000001,0.35517,1.3305e-06,2.816e-05,2.7278000000000002e-05,0.38946,-0.29338000000000003,-0.0047875,0.00080629,0.011137000000000001,0.0070298,0.0011842,0.0007307,0.010154,0.008440799999999998,0.0049637,3.2787,3.2817,3.3966,3.4672,3.5002,3.5146
0.61411,0.20146,0.65677,2.1383000000000003e-10,3.0476999999999997e-10,2.1878000000000002e-08,0.87445,0.5495,0.17962999999999998,0.00027716,0.0060975000000000005,0.0047117,0.001411,0.00050393,0.004359,0.0054172,0.021669,2.2724,2.5371,2.6056,2.1981,2.8513,2.2734
0.14137,0.30528,0.55743,1.4058999999999999e-08,2.6005e-05,2.6824e-05,-0.20476,0.30416,-0.32654,0.00040314,0.012320999999999999,0.0056188,0.0010834000000000002,0.00083148,0.010809000000000001,0.006979399999999999,0.006399899999999999,3.3498,3.2693,3.2327,3.6177,3.1157,3.33
0.2256,0.60464,0.25618,1.3061e-08,1.0374000000000001e-05,3.4317e-07,-0.23137,0.29786,0.28673000000000004,0.00065511,0.010028,0.006248699999999999,0.0013354,0.00057952,0.009247100000000001,0.0066015,0.009751000000000001,2.9674,3.0374,2.6155,3.1984,3.2257,2.9364
0.34741,0.2016,0.74483,0.00035016,2.2975e-05,5.8433e-05,0.50027,1.2481,-0.15514,0.00047873,0.0045354,0.0032755,0.0015622,0.00035275,0.0041573999999999995,0.0032251,0.026858999999999997,2.6926,2.0995,2.2951,3.2671,2.2025,2.3223
0.27597,0.57681,0.27595,1.1154e-09,5.8665e-06,1.9272000000000002e-07,-0.11250999999999999,0.78815,-0.1267,0.0006803,0.010129,0.007458199999999999,0.0010834000000000002,0.00083148,0.0089447,0.0091211,0.0061983,3.1899,2.9985,3.2487,3.6558,3.3355,3.1289999999999996
0.43631000000000003,0.35094000000000003,0.52863,0.00037849,3.4161999999999996e-05,4.6683999999999996e-05,0.8256600000000001,-0.48083000000000004,0.38177,0.00042834,0.006248699999999999,0.004409399999999999,0.0013102,0.00060472,0.0060472,0.004359,0.021039,2.5724,2.4086,2.0461,2.7121,2.7904,2.5771
0.15479,0.25505,0.62415,7.9944e-10,3.5561999999999998e-09,1.5210000000000002e-07,0.36946999999999997,0.58822,0.048221,0.00037795,0.0047621,0.0038047,0.001411,0.00050393,0.0052409,0.0032251,0.025121,2.6071,2.6296,2.722,3.2472,2.5095,2.0747
0.29311,0.8036,0.10493,2.9678000000000003e-05,0.001049,9.1827e-06,0.29862,-0.32531,-0.30711,0.00078109,0.0092723,0.0052661,0.0013606,0.00055432,0.0076093,0.006929,0.012674,2.8007,2.7835,2.6042,3.3412,2.8966,2.7989
0.16713,0.68172,0.5696100000000001,2.9977e-08,1.4815999999999998e-05,1.927e-05,0.9057200000000001,-0.5464399999999999,0.21756999999999999,0.0007307,0.011036,0.0070298,0.0011086,0.00080629,0.009247100000000001,0.0086424,0.0058456,3.4332,3.304,3.4578,3.3807,3.261,3.3138
0.61588,0.31606,0.52241,2.5140000000000002e-09,6.9681e-07,2.6607e-07,0.6603600000000001,-0.40926999999999997,0.68104,0.0007307,0.011918000000000002,0.0059464,0.0010583,0.00085668,0.0092219,0.0082392,0.0064754999999999995,3.2101,2.7943,3.4198,3.449,3.4837,3.4782
0.41223000000000004,0.14992,0.5214300000000001,3.3083e-05,3.2974e-05,3.2173000000000005e-05,0.4857,1.0823,1.1641,0.00037797,0.008542000000000001,0.0028473,0.0012851,0.00062994,0.0072821,0.004107199999999999,0.019377000000000002,2.3338,2.1461,1.8653,3.2778,2.5425,2.7030000000000003
0.49654,0.39978,0.2653,0.00035662,2.8304000000000002e-05,0.00030978,0.61323,-0.22015,-0.35828000000000004,0.00037795,0.004913300000000001,0.0030488000000000004,0.0014866,0.00042834,0.004081800000000001,0.003930599999999999,0.026179,2.1696,2.026,1.9443,2.37,2.2171,2.4291
0.11662,0.61497,0.73196,5.937499999999999e-10,2.9076e-06,5.9315e-06,-0.5957399999999999,0.0062823,-0.71762,0.00075589,0.011616,0.0049637,0.0012094,0.0007055,0.0089951,0.006979399999999999,0.0092219,2.9929,3.0262,2.5772,3.2477,3.1226,3.1495
0.26404,0.5471699999999999,0.45022,3.795e-06,4.5328000000000004e-05,2.5707e-05,0.72083,-0.14062,0.006909,0.00040314,0.0049385,0.0031496,0.0015622,0.00035275,0.0033510999999999997,0.0037290999999999995,0.02696,3.3905,2.1615,2.8281,3.4844,3.06,2.7269
0.22709000000000001,0.6330100000000001,0.37201999999999996,2.5461e-05,0.0001763,0.00028263,-0.66684,0.35258,0.29104,0.00047873,0.007231399999999999,0.0040062,0.0014614,0.00045354,0.0081133,0.004560600000000001,0.018141,2.5351,2.9135,3.0623,2.391,3.1919,3.0947
0.56101,0.25727,0.44288999999999995,4.506e-07,2.202e-06,3.3928000000000004e-05,-0.5405,0.44866000000000006,0.6932699999999999,0.00037795,0.0071558,0.0038551,0.001537,0.00037795,0.0075337,0.0043841999999999996,0.019225,2.3238,2.6069,2.6634,2.4343,2.7197,2.5099
0.5251,0.13548,0.57519,0.00020842,2.7818e-07,3.1735e-06,1.4136,0.017172,0.07867,0.00025196,0.0028724,0.0020913,0.0013858,0.00052913,0.0029732,0.0023433000000000004,0.032,2.4326,1.6254,2.4932,2.9057,2.1579,1.9169999999999998
0.31889,0.3285,0.27674,0.00085312,0.00018815,2.5434e-05,0.65977,0.36584,0.72122,0.00062991,0.010003,0.0059464,0.0013858,0.00052913,0.0083904,0.0079117,0.009650200000000001,2.8037,3.1214,2.3054,2.6587,3.2214,3.0655
0.33873000000000003,0.76032,0.15298,1.1664e-05,0.00014683,2.937e-05,0.62455,-0.23936,0.26516999999999996,0.00075589,0.009877,0.004988899999999999,0.001411,0.00050393,0.0081637,0.0062235,0.012523000000000001,2.5786,2.8074,2.4761,2.6705,3.3175,2.6696
0.54569,0.44345,0.3996,2.5899999999999997e-08,2.5205e-05,1.1037000000000001e-05,-0.91533,0.42608,0.35252,0.00032755,0.007458199999999999,0.0051148999999999995,0.0013102,0.00060472,0.0075337,0.0047369,0.01736,2.6216,2.7925,2.1176,2.3562,2.9825,2.9348
0.26085,0.53951,0.44773,2.7815e-06,2.8443000000000002e-05,2.0709e-05,0.05946,-0.34225,0.13033,0.00042834,0.005593600000000001,0.0046613,0.0012598,0.00065511,0.003930599999999999,0.0053668,0.022550999999999998,3.3343,2.3795,3.0208,3.4025,2.5275,2.7036
0.54135,0.8809999999999999,0.77991,3.2082e-13,1.5670999999999999e-09,7.059800000000001e-10,-0.68321,-0.52644,0.077294,0.00080629,0.009247100000000001,0.006727500000000001,0.001411,0.00050393,0.0080881,0.008314799999999999,0.0093479,1.815,1.9215,1.2223,2.8933,3.2579,2.6445
0.46498,0.16709000000000002,0.4894,0.00013302,0.00014808,0.00040137,-0.11217,0.71287,-0.25586,0.00015118,0.005644,0.0029984,0.0016378,0.00027716,0.0051653,0.0032,0.025373,2.596,1.7364,2.4749,2.9893,2.1307,2.5345
0.2378,0.4758,0.39713000000000004,0.00024296,0.00011041,4.5984e-05,-1.2428,-0.85535,0.7047399999999999,0.0006803,0.0087432,0.0041322,0.0013354,0.00057952,0.0078865,0.005518,0.015571000000000002,2.4479,2.5978,2.4274,3.5469999999999997,2.142,2.3172
0.5675,0.48704,0.44277,3.3533e-10,2.2306e-05,8.8176e-06,-0.41318999999999995,-0.094039,0.10935,0.00060472,0.0059464,0.0054172,0.0014866,0.00042834,0.005644,0.006022,0.018897,2.1433,1.9127,2.6604,2.3255,2.5985,2.2472
0.55999,0.37729,0.49228,3.3502e-08,2.9677999999999998e-06,7.7985e-06,-0.21465,0.57582,1.1306,0.00025196,0.0038551,0.0028472,0.0015622,0.00035275,0.0039055,0.003074,0.028598000000000002,1.9234,2.1345,2.4201,1.7097,1.7308,2.6289999999999996
0.20406,0.6552,0.74025,3.698e-05,8.356100000000001e-05,5.1617999999999994e-06,0.86049,0.16757,-0.85096,0.00057952,0.010506999999999999,0.0039055,0.0013858,0.00052913,0.010003,0.0051148999999999995,0.012422,3.0846,2.436,2.9945,3.0583,2.5377,3.3419
0.21402,0.77483,0.28133,6.5186e-06,0.00020618,1.4568e-05,-1.0217,-0.48667,-0.36439,0.00080629,0.0082644,0.0061731,0.0013606,0.00055432,0.007584100000000001,0.0073574,0.012346,3.0371,3.1021,3.0343,3.2852,3.1446,3.0477
0.56815,0.60355,0.28747,4.8075e-09,7.2727e-05,4.2334e-05,-0.069023,-0.18327000000000002,0.54706,0.00062991,0.010809000000000001,0.0065763,0.0012094,0.0007055,0.009751000000000001,0.0073826000000000004,0.0073826000000000004,2.6984,3.0601,2.9835,3.0126,3.5145,3.0999
0.38627,0.24065,0.47913999999999995,0.00037033,6.0818999999999995e-05,3.6581e-05,0.36428,-0.27560999999999997,0.042966000000000004,0.00062991,0.011691,0.0066771,0.0010079000000000002,0.00090707,0.01028,0.0074078,0.0058456,3.2165,3.5106,3.3676,3.4516,3.2339,3.2215
0.24204,0.4581,0.41578000000000004,4.8735e-07,9.1535e-06,2.9545e-05,-0.07973200000000001,1.5807,0.99841,0.00047873,0.0079117,0.0050141000000000005,0.001159,0.00075589,0.007962100000000001,0.0054172,0.015747999999999998,3.3636,3.3041,3.2406,3.4745,3.0522,2.9656
0.6477,0.26805,0.22468000000000002,1.2439e-07,2.5123000000000003e-05,7.1326e-06,1.1425,2.0169,0.19918,0.00020157,0.007181,0.004988899999999999,0.0014362,0.00047873,0.0066771,0.0060472,0.017436,2.5088,2.3851,2.4652,3.0891,2.8504,2.485
0.10585,0.20719,0.49058,8.4808e-07,7.440700000000001e-06,2.024e-05,-0.017458,0.75036,0.60654,0.00057952,0.011767,0.006248699999999999,0.001285,0.00062991,0.0089951,0.0081133,0.0068281999999999995,3.1141,3.2289,3.1537,2.9317,3.2559,2.8674
0.51235,0.12762,0.76256,3.3669e-05,1.4302e-05,5.8185e-05,-0.70699,-0.48907,-0.09627100000000001,0.00050393,0.0033510999999999997,0.0018393,0.0016125999999999998,0.00030236,0.003074,0.0022425,0.031521,1.9995,1.3234,1.7185,1.9714,2.1878,1.4179
0.43311000000000005,0.45257,0.32711999999999997,2.7157e-06,1.5125e-05,6.6987e-07,0.24105,0.96331,1.9384,0.00062991,0.012623,0.005568399999999999,0.0012094,0.0007055,0.010129,0.0066771,0.0069038,2.2217,2.696,2.3445,2.7429,2.8587,2.9106
0.56074,0.55101,0.45332,1.2508e-10,2.1903e-06,1.4779999999999999e-07,-0.12211,-1.255,-0.14151,0.00030237,0.0050647,0.0018394000000000001,0.0013355,0.00057955,0.004334,0.0029229,0.028069999999999998,2.115,2.1336,2.0335,2.873,2.1395,2.4504
0.27788,0.34033,0.50138,6.6562e-06,5.2228e-05,1.1758e-05,-1.0335,-0.4566,2.0853,0.0006803,0.0091211,0.0049385,0.0012345999999999998,0.0006803,0.0077605,0.006551100000000001,0.01348,2.4982,2.1453,2.5304,2.653,2.3908,2.6487
0.15344000000000002,0.4687,0.70978,9.3167e-09,7.3151e-05,5.9021e-05,-0.53182,0.2686,-0.42465,0.00060472,0.010457,0.0071306,0.0013354,0.00057952,0.009650200000000001,0.0069542,0.0077353000000000005,3.4297,3.3156,3.3681,3.6204,3.5658,2.9045
0.13182,0.71639,0.4735,6.8721e-07,1.2655e-05,4.7093e-06,-0.94545,0.19371,0.41272,0.00050393,0.010104,0.006626699999999999,0.0010834000000000002,0.00083148,0.009650200000000001,0.0080377,0.0076093,3.3919,3.3628,3.3585,3.2188,3.5152,3.2226
0.5235,0.35600000000000004,0.64717,4.6352000000000004e-08,1.0581999999999999e-06,2.4406e-06,-0.23690999999999998,1.0246,-0.1695,0.00030236,0.007458199999999999,0.0038551,0.0013606,0.00055432,0.0073322000000000005,0.004409399999999999,0.019175,2.819,2.4725,2.066,3.1632,2.8168,2.5362
0.53063,0.4794,0.53109,4.4446e-06,6.8348e-05,1.3011e-05,-0.5373100000000001,-0.058543,0.31674,0.00055432,0.0075588999999999995,0.0049385,0.0014362,0.00047873,0.0067779,0.005644,0.017058,2.9043,2.3586,2.5974,3.0793,2.7136,2.5783
0.3272,0.56089,0.18051,0.00033758,0.00039071,0.00037654,0.4079,-0.047363,0.76715,0.00030236,0.007306999999999999,0.0039055,0.001285,0.00062991,0.0064503,0.0047369,0.01983,2.8322,1.9841,2.6048,3.2823,2.3684,2.742
0.36041,0.41773000000000005,0.28349,2.5213999999999997e-06,0.00029995,3.9056999999999996e-05,0.13771,-0.5547,0.44442,0.00045354,0.0091463,0.005568399999999999,0.0013606,0.00055432,0.0081133,0.0066771,0.012573,3.0047,3.2065,3.1095,3.0318,3.2583,3.2911
0.40083,0.37636,0.38189,2.0070999999999998e-07,1.035e-06,1.3998e-06,0.70434,1.3263,0.31617,0.00035275,0.0059716000000000005,0.004308600000000001,0.001285,0.00062991,0.0059212,0.0041573999999999995,0.02182,3.1706,2.7071,2.0176,3.5402,2.6411,3.1793
0.5774199999999999,0.7317,0.2196,1.7315999999999998e-05,0.00033615,1.0581e-06,-0.1812,-1.5704,-0.083001,0.00078109,0.0060472,0.005140100000000001,0.0013606,0.00055432,0.005719600000000001,0.0051653,0.019678,2.8429,2.8114,2.5528,3.3277,2.6489999999999996,3.1363
0.32006,0.15784,0.20798000000000003,0.00010406,0.00018035,2.4488000000000003e-05,-0.10149,0.34776999999999997,0.20254,0.00035275,0.0073574,0.0043841999999999996,0.0013354,0.00057952,0.006399899999999999,0.0050645,0.018973,2.7617,2.2236,2.5758,2.8299,2.843,2.8946
0.57053,0.30278,0.40292,3.0574e-10,3.1973e-08,4.2942e-08,0.11698,0.15322,-1.0214,0.00075589,0.012094,0.0064754999999999995,0.0010079000000000002,0.00090707,0.010406,0.0080125,0.0047873,3.4689,2.8795,2.9055,3.5259,3.0388,2.9015
0.15224000000000001,0.9434299999999999,0.8257399999999999,1.0134999999999999e-09,9.789200000000002e-07,1.5677999999999998e-05,0.009120200000000002,0.18347,-0.23256999999999997,0.0007307,0.01149,0.0061731,0.0010331,0.00088188,0.01023,0.0079369,0.0059716000000000005,3.1952,3.2918,3.2017,3.3255,3.5501,3.4111
0.15079,0.86606,0.6269100000000001,1.0434000000000001e-08,9.9576e-06,2.0515999999999998e-05,0.90054,0.15793,-0.62267,0.00065511,0.01149,0.0060472,0.0010079000000000002,0.00090707,0.010556999999999999,0.007458199999999999,0.006324300000000001,3.3019,3.1519,3.3181,3.3874,3.4017,3.0702
0.39437,0.32552,0.51183,0.00080821,9.408200000000001e-05,0.00028114,-0.26821,0.027622000000000004,0.90505,0.00020157,0.0048376999999999995,0.0031244,0.0014866,0.00042834,0.004359,0.003930599999999999,0.026077999999999997,2.062,2.4459999999999997,1.9467,2.3283,2.2218,2.5536
0.16427,0.6107899999999999,0.16615,0.0026124000000000004,0.00017449,1.1089000000000002e-05,2.2245,0.0026529,-0.13280999999999998,0.00052913,0.010129,0.0059716000000000005,0.0014614,0.00045354,0.0091211,0.0072566,0.0095243,2.5497,3.3447,2.8156,2.5005,3.6084,3.3023
0.29473,0.21506999999999998,0.15578,0.00028886,0.00015627,5.1452e-05,-0.40467,0.5260699999999999,0.35965,0.00050393,0.010255,0.0049385,0.0015118,0.00040314,0.0089447,0.006399899999999999,0.01149,2.8699,2.8863,2.985,2.9963,2.929,2.6777
0.22725,0.41153999999999996,0.7154,1.4245e-09,3.1244e-07,3.6306999999999993e-07,-0.96294,0.5937100000000001,-0.27028,0.00057952,0.0097006,0.0054172,0.0013858,0.00052913,0.0078865,0.006979399999999999,0.011968000000000001,3.2007,3.1361,3.1235,3.1660000000000004,3.3351,3.4882
0.10599000000000001,0.48885,0.58243,7.489600000000001e-05,0.00041804,0.00068014,1.3734,0.45093,0.09766699999999999,0.00027716,0.0068786,0.0041322,0.0013858,0.00052913,0.007584100000000001,0.0045102,0.019149,2.8533,2.8653,2.9529,3.1331,3.1166,3.1032
0.41781999999999997,0.35407,0.433,2.6864000000000002e-05,0.000225,0.00035397,1.3629,0.48093,0.46315,0.00052913,0.0075084999999999995,0.0050141000000000005,0.0015622,0.00035275,0.0071306,0.0054676,0.016881999999999998,2.9925,2.7508,3.3322,3.2225,3.3189,2.7552
0.36874,0.28238,0.21841,3.7091e-06,1.3022e-05,1.5481e-06,-0.38164000000000003,0.6998,-0.39155999999999996,0.00062991,0.01023,0.0064503,0.0012598,0.00065511,0.008844,0.0076093,0.008768399999999999,2.9094,2.9793,2.4075,3.4207,2.7477,3.1339
0.19904000000000002,0.7217100000000001,0.15162,2.0828e-05,0.00024627,6.3432e-05,-0.48411000000000004,0.24398000000000003,0.83635,0.00040314,0.0081133,0.0054424,0.0012598,0.00065511,0.006853399999999999,0.0059716000000000005,0.015747999999999998,2.9637,2.3117,3.0864,3.2710000000000004,2.63,2.7865
0.5544399999999999,0.545,0.49215,4.455399999999999e-09,0.00019255,0.00012195,-1.0769,0.32181,-0.80943,0.00088188,0.011590000000000001,0.0063747,0.0012094,0.0007055,0.01023,0.007206199999999999,0.006248699999999999,3.0962,3.0159,2.853,3.4131,3.0189,3.1037
0.15050999999999998,0.9462200000000001,0.82275,1.7735000000000001e-09,2.0931e-06,2.334e-05,-0.4139,-0.86324,-0.050157,0.00080629,0.012094,0.0061983,0.001285,0.00062991,0.010532,0.0078613,0.0050393,3.285,3.202,2.9805,3.3668,3.406,3.3483
0.4419,0.12934,0.40309,1.4852000000000002e-06,2.7807e-07,3.293e-06,-0.88233,1.0425,2.8385,0.0007055,0.010935,0.004988899999999999,0.0012094,0.0007055,0.009851799999999999,0.0071306,0.0089196,3.3924,2.1422,2.6922,3.2863,3.361,2.9942
0.075988,0.58199,0.44335,3.1534000000000003e-09,3.5066e-05,2.8929e-05,0.18259,-0.54551,0.38575,0.0007307,0.010154,0.005568399999999999,0.0013354,0.00057952,0.0085668,0.007306999999999999,0.010205,3.0229,3.0916,3.0097,3.2426,3.471,3.0005
0.18952,0.48333999999999994,0.43548000000000003,4.477e-09,6.6499e-05,1.1317e-05,0.8176399999999999,-0.10593,0.19349,0.00032755,0.0082392,0.004485,0.0012094,0.0007055,0.0072818,0.004913300000000001,0.017285,2.9597,2.3046,2.7252,3.2415,2.7709,2.6674
0.20299,0.74431,0.38682,0.0013622999999999999,7.4924e-05,0.00044689999999999997,0.28578000000000003,-0.096868,1.1146,0.00025196,0.006979399999999999,0.0042582,0.0013606,0.00055432,0.0064754999999999995,0.004636199999999999,0.01993,2.9778,2.3946,2.6171,2.9094,2.7419,2.9967
0.5462,0.20728000000000002,0.46525,0.00010659,4.8472e-06,1.6066e-06,-0.07054500000000001,0.71138,-0.76883,0.00055432,0.009650200000000001,0.0060723,0.001285,0.00062991,0.0084912,0.007080199999999999,0.010683,2.8615,3.0027,2.8446,3.2696,3.3893,3.1774
0.18933,0.6866,0.4764,2.9512e-09,1.924e-05,1.5497e-05,-0.48827,-0.27844,-0.51005,0.00065511,0.0087936,0.0072566,0.0011338,0.00078109,0.006929,0.0087432,0.010154,3.3316,3.3924,3.1277,3.365,3.4899,3.3389
0.27174,0.68248,0.8094399999999999,4.31e-05,3.9053e-05,9.3102e-06,1.4154,-0.70873,-0.018841,0.00037795,0.0054424,0.0026708,0.0014362,0.00047873,0.0047621,0.003074,0.026204,2.256,2.3102,2.7321,2.2816,2.5852,2.4958
0.2581,0.20842,0.76107,0.00018771,1.0038e-06,6.061799999999999e-06,-0.34259,0.94034,-0.14017000000000002,0.00057952,0.0090959,0.0049385,0.0010583,0.00085668,0.0085164,0.005820399999999999,0.013581000000000001,3.077,2.9904,2.9319,2.2042,3.3599,3.1718
0.47392,0.69955,0.08867799999999999,1.0862e-05,0.00018199,2.0456e-06,-1.7103,0.19699999999999998,0.3068,0.00040314,0.0092975,0.005719600000000001,0.0012094,0.0007055,0.0080629,0.0058708,0.013178,2.7983,2.8219,2.9459,2.9089,3.0395,3.3312
0.16038,0.60818,0.5060600000000001,4.167100000000001e-09,6.5601e-06,1.5522e-05,0.011062,0.76108,0.14017000000000002,0.00057952,0.0099526,0.0048125,0.0012345999999999998,0.0006803,0.0086424,0.007004600000000001,0.01154,3.5471,3.175,3.4457,3.5197,3.4441,3.3253
0.29318,0.23715999999999998,0.3428,1.5631e-05,2.1328e-06,3.0438e-06,-0.04233,0.68477,0.031945999999999995,0.00062991,0.0083652,0.0052409,0.001411,0.00050393,0.0081637,0.0067023,0.013430000000000001,3.1855,2.9691,3.0768,3.0502,3.0762,3.1086
0.11865999999999999,0.24245999999999998,0.7389399999999999,4.3968e-08,3.5912e-06,5.5522e-06,-1.0972,1.3155,0.8368899999999999,0.00035275,0.0073574,0.0047369,0.0011842,0.0007307,0.007206199999999999,0.0050393,0.017838999999999997,3.4065,2.928,2.8922,3.1995,3.2973,2.8294
0.24988000000000002,0.38799,0.46968999999999994,2.1296e-06,1.2077e-05,8.1159e-06,0.28791,-0.29748,0.25503000000000003,0.00060472,0.0080377,0.0067023,0.001285,0.00062991,0.0072818,0.0075084999999999995,0.012397,3.0274,3.0714,3.3223,3.4130000000000003,3.3682,3.1085
0.50681,0.072513,0.62867,4.8462e-05,6.6565e-08,2.3193e-06,-0.9087299999999999,0.14824,-0.66674,0.0007055,0.0091463,0.0066771,0.001285,0.00062991,0.0071306,0.0083652,0.010506999999999999,3.1294,3.2217,3.002,3.4851,2.7803,3.3195
0.29286999999999996,0.28273000000000004,0.58194,2.1606e-07,1.9784000000000002e-05,5.2924e-05,-0.36312,0.8788600000000001,-0.075156,0.00060472,0.0091715,0.0057448,0.0013354,0.00057952,0.0077101,0.0077353000000000005,0.011565,3.198,2.8122,2.5587,3.3485,3.0232,3.09
0.31422,0.21025,0.38402,1.5003999999999999e-06,3.4188e-05,3.0969999999999997e-06,1.0866,0.5844199999999999,-0.6562899999999999,0.00057952,0.010532,0.0059968,0.0012094,0.0007055,0.009977799999999998,0.0078361,0.0076093,3.0675,2.8826,3.3538,3.2517,3.4023,3.4076
0.24043,0.7174699999999999,0.49018,2.9554000000000004e-09,6.2489e-06,1.0039e-06,0.072017,-0.65458,-0.37819,0.00075589,0.010129,0.0061478999999999995,0.001411,0.00050393,0.008718,0.0074329999999999995,0.0093479,3.5851,3.446,3.2213,3.0853,3.1695,3.0917
0.3711,0.2342,0.34751,3.9685e-05,0.00027519,4.7797e-06,-1.4553,0.1237,0.32819,0.00050393,0.010734,0.006500700000000001,0.0010583,0.00085668,0.009574700000000002,0.0076345,0.007584100000000001,2.9679,3.2941,2.9058,3.1412,3.3679,3.0159
0.38558000000000003,0.46966,0.15512,0.00020277,0.00016933,0.00017806,-0.5111899999999999,0.68599,-0.037294,0.00037795,0.007962100000000001,0.0025196,0.0014614,0.00045354,0.006803,0.004081800000000001,0.020787,1.9061,2.6757,2.2961,2.1703,3.1464,2.6313
0.16627,0.32931,0.15786,0.00075125,0.00027571,2.7003e-06,-0.7168899999999999,0.23374,0.79187,0.00057952,0.0084156,0.0050141000000000005,0.0013354,0.00057952,0.0066771,0.006651899999999999,0.015193,2.9264,2.9454,2.6832,3.1013,3.0081,2.9963
0.45766,0.48221,0.4797,0.00055605,0.00021659,1.9758e-05,0.39159,0.32893,0.59202,0.00060472,0.01028,0.0063747,0.0012094,0.0007055,0.008617200000000002,0.0079369,0.008718,2.8537,3.1893,3.133,2.9012,3.6124,3.2648
0.24702,0.34881999999999996,0.22089,1.3850999999999998e-05,6.935e-05,5.6945e-06,0.046865,0.03313,0.22801999999999997,0.00065511,0.010657999999999999,0.005820399999999999,0.0012598,0.00065511,0.010179,0.0062235,0.0089951,3.1164,2.8869,2.8124,2.8612,2.8992,3.0168
0.60617,0.50734,0.50076,1.0828e-06,9.827200000000001e-05,7.0498e-05,-0.21039000000000002,-0.8328899999999999,0.12988,0.00032755,0.006500700000000001,0.0059212,0.001159,0.00075589,0.0066015,0.0059212,0.01726,3.0471,2.5941,2.4325,3.2204,3.15,3.2971
0.13645,0.31415,0.48231999999999997,3.6005999999999997e-09,1.4472e-08,1.0345999999999999e-07,0.13017,0.46755,0.42046000000000006,0.00060472,0.009625100000000001,0.0065259,0.0011338,0.00078109,0.0077101,0.008314799999999999,0.009751000000000001,3.3917,3.2682,3.3886,3.4991,3.4382,3.6101
0.48765,0.2559,0.36496999999999996,8.185800000000001e-07,4.2508999999999996e-05,1.5762e-06,-0.70668,0.08544500000000001,0.42994,0.00030236,0.006500700000000001,0.0063495,0.001285,0.00062991,0.004485,0.007055,0.017838999999999997,2.8585,2.7458,2.3849,2.92,2.782,2.7306
0.28922,0.30619,0.39455,2.2071e-06,2.086e-06,3.3153e-06,0.7467699999999999,-0.25772,-0.0052124,0.00075589,0.0069038,0.0043338000000000005,0.0014866,0.00042834,0.005644,0.0056692,0.019225,2.4206,2.1906,2.055,2.3404,2.6418,2.094
0.14862,0.9391,0.54282,4.1598000000000005e-10,3.7788e-06,1.1486e-05,0.22966,-0.011134999999999999,0.35215,0.00035275,0.0094991,0.0045354,0.0012598,0.00065511,0.0082644,0.0061731,0.013706999999999999,2.9061,3.3114,2.9759,3.0174,2.8846,3.2079
0.51135,0.33389,0.4938,0.00016899,3.8043e-05,5.7662e-05,0.30043000000000003,-0.6351899999999999,0.18759,0.00030239,0.008492,0.0023183,0.0013859000000000002,0.00052918,0.0066525,0.0039058,0.020865,2.5534,2.3818,2.6286,2.4355,2.7973,2.3636
0.23449,0.46351000000000003,0.26498,0.00040431,0.00019804,6.0787e-06,0.5562,-0.12229000000000001,0.6796399999999999,0.00062994,0.0071561,0.0030993,0.0014363,0.00047876,0.0045356,0.0053671000000000005,0.021746,2.5689,2.7479,2.3281,2.8727,2.674,2.8134
0.24669000000000002,0.6220600000000001,0.44043999999999994,9.3446e-09,1.703e-06,4.793100000000001e-07,0.17556,0.7195600000000001,-0.28884,0.00045354,0.010079000000000001,0.005518,0.0012345999999999998,0.0006803,0.0097762,0.0067527,0.0099526,3.3387,2.9930000000000003,3.2477,3.1184,3.4662,3.2876
0.34606,0.79189,0.099122,1.0251000000000001e-06,7.4002e-05,7.9425e-06,-0.46929,0.25375,0.88051,0.0006803,0.010381,0.004560600000000001,0.001537,0.00037795,0.0092219,0.0059716000000000005,0.011715999999999999,2.094,2.9021,1.8719999999999999,2.5068,3.3447,2.9416
0.34226,0.36814,0.37499,1.9195e-06,0.00039123,1.034e-05,-0.55103,-0.06665499999999999,-0.5738800000000001,0.0006803,0.006500700000000001,0.0051653,0.0015118,0.00040314,0.005644,0.0058456,0.018696,2.821,2.7633,3.1756,3.4417,2.4165,3.1174
0.37106,0.41255,0.29446,6.2933e-06,0.0001146,8.2507e-06,-0.7198399999999999,-0.07359600000000001,0.68434,0.00062991,0.0095495,0.004233,0.001159,0.00075589,0.008667600000000001,0.0050141000000000005,0.014438,2.9689,2.9735,2.9473,3.2887,2.7572,2.9271
0.21902,0.66979,0.23010999999999998,2.7597999999999997e-08,6.7417e-05,2.6363e-05,0.068249,-0.26776,0.67377,0.00055432,0.010506999999999999,0.0063495,0.0013606,0.00055432,0.0085668,0.007659699999999999,0.0088944,3.1271,3.1430000000000002,2.8473,3.0703,3.3407,3.0385
0.51875,0.16374,0.45821999999999996,0.00091116,0.00012464,0.00010451,-1.1229,0.68028,0.27216,0.00027716,0.0080377,0.004913300000000001,0.001159,0.00075589,0.0075337,0.0050393,0.016730000000000002,3.1952,2.551,2.5893,3.1434,2.6418,2.7691
0.20784,0.494,0.53768,0.00015619,0.00036405,9.158e-05,-0.27812,-1.0577,1.3921,0.00050393,0.0093227,0.0052913000000000005,0.0013354,0.00057952,0.008667600000000001,0.005593600000000001,0.013153,3.0615,3.109,3.0907,2.9403,3.1856,2.9982
0.28194,0.28447,0.49777,2.3996e-05,1.8198e-05,2.4205999999999998e-05,-1.3071,-0.33181,0.2914,0.00022677,0.0084912,0.005644,0.0011842,0.0007307,0.0078865,0.0056944,0.014588999999999998,2.8959,2.8345,3.2938,3.2673,3.0779,2.878
0.3906,0.20539000000000002,0.21378000000000003,6.1471e-06,4.1001e-05,1.9262e-05,0.14632,1.4348,-0.14687,0.00060472,0.0078361,0.0050141000000000005,0.0012598,0.00065511,0.007306999999999999,0.0059212,0.015849000000000002,2.1799,2.1115,2.526,2.519,2.2672,2.7318
0.64647,0.22341,0.7013,8.3909e-05,3.3448e-05,1.9185e-05,0.2383,-0.41158999999999996,-0.33346,0.00037795,0.008818799999999998,0.0071054,0.0013354,0.00057952,0.0073322000000000005,0.0080629,0.010834,2.9486,2.3384,2.6236,3.1838,3.2294,3.0004
0.18495999999999999,0.74656,0.5188699999999999,0.00011234,9.9334e-05,8.2444e-06,0.8507899999999999,1.6632,-0.015961000000000003,0.00052913,0.0071054,0.0041573999999999995,0.0013606,0.00055432,0.006551100000000001,0.0047621,0.019426,2.8326,1.6301,2.3555,3.1248,2.4268,3.4364
0.096249,0.32476,0.4296,4.2682000000000005e-08,2.3319e-06,3.2444e-06,0.5643100000000001,0.34738,-0.060407,0.00088188,0.011337999999999999,0.0064503,0.001159,0.00075589,0.010834,0.008214,0.0048125,3.2663,3.2871,3.2421,3.4153,3.2572,3.2631
0.49688999999999994,0.1754,0.44655,6.5052e-05,2.8234e-05,6.1184e-05,-0.73443,-0.14772000000000002,-0.09160499999999999,0.00050393,0.009650200000000001,0.006626699999999999,0.0011338,0.00078109,0.0086928,0.007810899999999999,0.009247100000000001,3.3056,3.0475,3.3480000000000003,3.3261,3.1353,3.2037
0.18207,0.7227399999999999,0.34864,4.7061000000000006e-07,1.8411e-05,5.9258e-06,1.0096,-0.29044000000000003,0.20309000000000002,0.0007307,0.011464,0.0066771,0.0010079000000000002,0.00090707,0.0094235,0.008768399999999999,0.0054676,3.5672,3.375,3.3045,3.5617,3.0668,3.1681
0.2048,0.32532,0.12728,0.00037914,0.00069887,4.0771999999999995e-05,-1.2823,0.30896999999999997,-0.014535,0.00042834,0.004988899999999999,0.0039055,0.0015874,0.00032755,0.004081800000000001,0.0047873,0.02434,2.2566,1.8421,2.1578,2.2848,2.2444,2.252
0.22484,0.56282,0.4806,1.1273e-06,9.6706e-06,1.2356999999999999e-06,0.13427,0.0037156,0.16612000000000002,0.00032755,0.004081800000000001,0.0034266999999999995,0.0013606,0.00055432,0.0032503,0.0038803000000000006,0.027565,3.3111,2.7092,2.6426,3.306,3.4598,3.4069
0.64567,0.19594,0.55409,5.2775e-06,5.0743e-05,0.00043051,2.2998,0.037517,0.70644,0.00042834,0.0071558,0.005644,0.0014362,0.00047873,0.0054676,0.0063495,0.017486,2.867,2.1003,2.5526,3.4465,2.9115,3.0912
0.6481399999999999,0.15854000000000001,0.25828,0.00018122,2.3521e-06,5.4142e-05,0.9885,-1.0334,0.49341999999999997,0.00055432,0.006022,0.0036787,0.001411,0.00050393,0.0065259,0.0034771,0.022274000000000002,2.7,2.3842,2.1630000000000003,2.6045,2.1921,2.1709
0.27241,0.24802,0.37884,0.00030163,2.2771e-06,4.9253e-06,-0.1223,0.38074,0.9564,0.00055432,0.007810899999999999,0.0049385,0.001285,0.00062991,0.006551100000000001,0.0054172,0.01726,2.6482,2.7289,2.6345,3.2055,2.6416,3.0632
0.17933,0.30917,0.55902,2.5856e-06,7.380599999999999e-07,1.26e-06,0.4315,-0.29191,0.42825,0.00017639,0.0080384,0.0024191,0.0014615000000000001,0.00045358,0.006123300000000001,0.0037546,0.022024000000000002,2.9545,2.5461,2.9364,2.8392,2.6547,3.0965
0.18005,0.41075,0.40428000000000003,3.0287e-06,0.00012474,2.1694e-05,0.82244,0.4511,-0.04197,0.00055432,0.010104,0.0051148999999999995,0.001285,0.00062991,0.008818799999999998,0.0060975000000000005,0.011842,3.0438,3.4429,3.3377,3.3842,3.3477,3.4485
0.21774000000000002,0.31471,0.54585,1.7388999999999998e-08,5.4155e-07,5.2266999999999994e-06,-0.9325899999999999,1.0743,0.8533799999999999,0.00060472,0.010179,0.0064754999999999995,0.0011338,0.00078109,0.009751000000000001,0.0076345,0.0078865,3.1755,3.0538,3.1925,2.6296,3.3179,3.2078
0.28031,0.3888,0.18379,0.00019456,0.00043312,0.00051815,0.10907,-0.17809,-0.25705,0.00022677,0.008314799999999999,0.0047873,0.0013354,0.00057952,0.0076093,0.0056944,0.015899,1.8386,2.1264,2.2811,2.7548,2.4251,2.4862
0.32349,0.44798999999999994,0.37918,1.1457e-05,2.1415e-05,2.8473000000000003e-05,0.6271800000000001,0.6967800000000001,-0.77604,0.00052913,0.009020299999999998,0.0054172,0.0013606,0.00055432,0.0081637,0.0060723,0.013328999999999999,3.366,2.8294,2.8397,3.4917,3.2409,2.9143
0.3725,0.27126,0.38944,3.6309e-05,5.7905e-07,8.0683e-06,0.83121,0.40564,0.091029,0.00057952,0.009877,0.004233,0.0013858,0.00052913,0.009020299999999998,0.0056944,0.013127000000000002,2.7019,3.1039,2.9738,2.6166,3.2212,2.8222
0.22146,0.31496,0.3438,2.2741999999999998e-06,1.3558e-05,1.3935e-05,0.40462,0.009299799999999999,0.8711,0.00060472,0.006853399999999999,0.0051905,0.0013354,0.00057952,0.007458199999999999,0.005820399999999999,0.016604,2.5691,1.8386,2.0815,3.0433,3.0176,2.7543
