0.6132,0.50126,0.28444,2.6537e-08,9.9878e-05,1.7027e-05,-0.90605,0.39634,0.13247,0.00050393,0.006500700000000001,0.006727500000000001,0.0012094,0.0007055,0.0054676,0.0067527,0.016579,2.048,1.9225,1.9071,2.8930000000000002,2.2028,2.6877
0.60646,0.6154,0.51542,3.3113e-08,0.00013434,0.00022487,-0.014990999999999999,0.5158,1.0102,0.00032757,0.010054,0.0035781,0.0010331,0.00088192,0.008768799999999998,0.004712,0.015093,2.4819,2.7539999999999996,2.9691,2.5982,3.3783,3.0377
0.5999899999999999,0.59843,0.50011,1.2328e-10,6.3689e-06,9.140099999999999e-06,0.38493,0.45395,-0.18267,0.00025196,0.0051653,0.002822,0.0013354,0.00057952,0.0052913000000000005,0.0031244,0.025876999999999997,1.597,1.3038,1.8217,1.6333,1.6202,2.0281
0.6457,0.24531,0.52,4.706e-05,0.00017746,2.5682e-05,-1.4318,0.2234,-0.088074,0.0006803,0.011515000000000001,0.0051653,0.0013858,0.00052913,0.0094487,0.006803,0.0089196,3.2582,3.2766,2.8258,3.3257,3.3702,3.4047
0.31963,0.15614,0.58009,0.0007391,0.00015322,6.301399999999999e-05,1.4647,0.49866000000000005,0.77863,0.00032755,0.0069542,0.0047621,0.0013102,0.00060472,0.0059716000000000005,0.0051653,0.019351,2.5009,2.0158,2.2774,2.3081,2.3042,2.1112
0.53564,0.081625,0.8916200000000001,8.214299999999999e-07,3.1089e-08,1.294e-08,0.10609,-0.41446000000000005,1.8938,0.00017639,0.0051154,0.0017890999999999998,0.0015119,0.00040318,0.0040066,0.0026711,0.028776999999999997,2.8091,1.3751,0.7367,3.1701,1.9380000000000002,2.6244
0.50276,0.16510999999999998,0.57739,1.3989000000000001e-05,5.9081000000000006e-05,3.6837e-05,-0.73935,1.4684,-0.22453,0.00080629,0.013000999999999999,0.0042078,0.0012598,0.00065511,0.010734,0.006324300000000001,0.007458199999999999,2.9245,3.1926,2.9168,3.3422,3.0976,3.3416
0.74617,0.32144,0.14014000000000001,8.040500000000001e-07,5.4045000000000005e-06,5.212399999999999e-07,0.21458000000000002,0.040565,0.97177,0.0006803,0.011918000000000002,0.0057448,0.0010583,0.00085668,0.010608,0.007231399999999999,0.0063495,1.6756,1.6225,1.0314,2.3909,2.7916,1.8435
0.13845,0.56323,0.81111,0.00061131,1.8981e-05,0.00033316,0.8646799999999999,0.5403399999999999,0.10397,0.00045354,0.007080199999999999,0.004560600000000001,0.0012598,0.00065511,0.005820399999999999,0.005593600000000001,0.019022999999999998,2.4374,2.7281,2.6185,2.6536,2.8564,2.7754
0.53676,0.61855,0.21293,1.721e-07,0.00036186,3.6228e-05,-0.18947,0.12382,-0.23273000000000002,0.00062991,0.0085668,0.0031748,0.001663,0.00025196,0.006929,0.0050393,0.018192,2.1402,2.3979,2.2856,2.1097,3.3694,2.3063
0.5503899999999999,0.28696,0.74635,5.304600000000001e-07,8.6835e-06,9.235200000000001e-07,-0.87225,-1.0783,-0.56792,0.00030237,0.006803399999999999,0.0011843,0.0015370999999999998,0.00037797,0.0049134999999999995,0.0024694,0.026861000000000003,1.9556,2.1146,2.1425,1.6866,2.4512,1.9363
0.56061,0.41546000000000005,0.38778,1.6847000000000003e-07,6.1348e-05,2.9746e-06,-0.7759999999999999,0.17031,-0.32807,0.00032755,0.0082644,0.0037290999999999995,0.0013858,0.00052913,0.006803,0.0054424,0.017965000000000002,1.9999,2.3930000000000002,2.6334,2.412,2.4425,2.5414
0.61433,0.26505,0.7287899999999999,1.1867000000000001e-08,2.68e-06,8.6145e-06,-2.0106,-0.60793,-0.11133,0.00060472,0.010003,0.0040062,0.0014614,0.00045354,0.0080629,0.0056692,0.014186,2.6868,2.8977,2.6594,2.5252,3.1535,2.9744
0.54435,0.25754,0.78368,2.893e-07,0.00017298,0.00045241,-0.034032,-0.020968999999999998,-0.098498,0.00040314,0.0073322000000000005,0.0023685,0.0013858,0.00052913,0.0062739,0.0034266999999999995,0.022727,2.2975,2.0789,2.3486,2.7975,1.8804,2.4686
0.56201,0.3434,0.90286,4.6841e-09,1.6566e-06,4.2393e-05,-0.066249,0.55397,0.17747000000000002,0.00040314,0.005492800000000001,0.0036283,0.0014614,0.00045354,0.0057951999999999995,0.0037290999999999995,0.023483,1.8928,1.944,2.0822,2.4616,1.7906,2.0754
0.50384,0.20499,0.97416,9.6969e-05,1.4594000000000001e-05,0.00058326,-2.1396,0.27605,-1.2872,0.00027719,0.0088196,0.0014363,0.0014363,0.00047878,0.008718799999999999,0.0021167,0.021167,1.1635,1.1183,0.54078,1.8627,0.84919,1.5387
0.6051,0.7492800000000001,0.57907,5.7623e-10,9.8345e-06,5.1463999999999994e-05,0.63775,-0.74139,-0.8745700000000001,0.00047873,0.0050645,0.0029732,0.0014866,0.00042834,0.004485,0.0031244,0.026406,1.2698,0.96839,0.86054,1.3764,1.9425,0.97498
0.58301,0.05335,0.8514,0.00040429,1.8236e-07,1.3943000000000001e-06,0.67556,-0.66835,-0.012568000000000001,0.00042834,0.0099022,0.0049385,0.0013354,0.00057952,0.009751000000000001,0.005215699999999999,0.012296,2.2537,2.353,2.4398,2.281,2.7597,2.2878
0.37034,0.19802999999999998,0.5664,0.00027616,1.7957e-05,8.1368e-05,-0.38971,-0.2842,-0.34351,0.00035275,0.0079117,0.0041826,0.001411,0.00050393,0.007004600000000001,0.004988899999999999,0.018091,2.8594,2.6103,2.938,2.7224,2.6289,2.7656
0.40455,0.13109,0.59499,2.7818e-05,0.00041972,0.00068993,0.05865599999999999,0.38345,-0.38418,0.00040314,0.004913300000000001,0.002696,0.0015118,0.00040314,0.0048881,0.002948,0.026683,2.226,2.2376,2.0785,2.3667,2.6539,2.4135
0.6175,0.27291,0.67084,9.6606e-10,1.9941e-06,2.4195e-05,-0.9579200000000001,-0.41483000000000003,-0.074713,0.00015119,0.0075093,0.0019150999999999999,0.0014867,0.00042838,0.0041578000000000006,0.0044098,0.024393,2.2612,1.8166,2.1371,2.5691,2.3437,2.3362
0.46513999999999994,0.15921,0.79793,0.00013207,0.00021649,2.47e-06,-1.3023,-0.64149,0.5898,0.00047873,0.0072818,0.0040566000000000005,0.0013354,0.00057952,0.006803,0.0049385,0.018973,2.4586,2.5782,2.5783,3.1229,2.7276,2.5605
0.19752,0.33171,0.42283999999999994,2.7712e-07,7.648300000000001e-06,2.2389000000000002e-05,0.15216,3.0426,-0.29356,0.0007307,0.011162,0.0050645,0.001411,0.00050393,0.0089951,0.0071306,0.0094487,3.0732,2.8817,2.7994,3.1151,2.1282,2.7689
0.36191999999999996,0.034567,0.8184600000000001,0.0011602000000000001,4.9856e-07,0.00020304,-0.08645499999999999,0.54169,-0.75056,0.00055432,0.0060975000000000005,0.0024693000000000002,0.001411,0.00050393,0.0051653,0.0036534999999999996,0.024592,2.293,2.4369,2.0399,2.0961,2.1591,2.261
0.59106,0.29248,0.4021,3.1331000000000004e-08,1.8974e-06,3.1409000000000003e-07,0.23605,-0.147,0.015468,0.0007307,0.012270999999999999,0.005492800000000001,0.0011086,0.00080629,0.009625100000000001,0.007206199999999999,0.007206199999999999,3.1595,3.2058,2.9111,3.5576,3.0726,3.1937
0.67407,0.42658999999999997,0.84036,1.5197999999999998e-06,4.2392e-05,0.00016911,-0.46695,-0.1301,0.38432,0.00032755,0.0050645,0.0038803000000000006,0.0013606,0.00055432,0.0042078,0.0040566000000000005,0.024995,1.7830000000000001,1.8425,2.4599,2.1744,2.0902,2.1441
0.61979,0.4122,0.41523000000000004,2.6577e-08,0.00033483,0.00022288,-0.24561,0.70394,0.056125,0.00060472,0.010457,0.0048881,0.0014614,0.00045354,0.008188899999999999,0.0072566,0.011137000000000001,2.9447,3.2149,2.8164,2.9723,3.1755,3.0255
0.42539,0.089515,0.8306,9.1535e-05,8.307899999999999e-06,0.00038678,-0.88254,0.83405,-0.26676,0.00030236,0.0064251,0.0034771,0.0014866,0.00042834,0.0067527,0.0040314,0.021543,2.2680000000000002,2.359,2.4775,2.8183,2.7461,2.3645
0.57817,0.035847000000000004,0.81162,0.00026522,5.157399999999999e-07,2.331e-07,0.25621,1.1517,1.0574,0.00075589,0.006929,0.0036534999999999996,0.0015118,0.00040314,0.0067779,0.003981,0.020434,2.5262,2.6196,2.2378,2.3626,2.3214,2.6116
0.67535,0.31485,0.6581,2.4301e-05,5.1566e-05,2.4873e-05,0.54191,-0.46446000000000004,-0.8799299999999999,0.00050393,0.0041322,0.0022425,0.0016125999999999998,0.00030236,0.0037795000000000003,0.0029228,0.028950999999999998,1.5861,1.6862,1.964,1.8329,1.8676,1.2481
0.21784,0.40009,0.073965,0.0022890000000000002,0.0013165999999999998,0.00050837,0.26256999999999997,1.5522,0.52769,0.00047873,0.0048881,0.0027212,0.0013102,0.00060472,0.0045102,0.0033259,0.026607,1.9068,1.7634,1.6299,1.8351,2.1156,2.1914
0.75212,0.034578,0.78081,1.4781999999999999e-06,1.2351000000000001e-08,1.9397e-07,-1.1541,-0.2527,0.48889,0.00042834,0.009196700000000002,0.0042078,0.0012598,0.00065511,0.0094235,0.004611,0.014663999999999998,3.168,2.5911,1.8057,3.6226,2.7383,2.8361
0.23440999999999998,0.2477,0.46341000000000004,0.00043114,0.00010889999999999999,3.946e-05,0.13699,-0.29783000000000004,0.33755999999999997,0.00057952,0.011288,0.0051148999999999995,0.0012598,0.00065511,0.010028,0.005392,0.010129,2.9854,2.9539999999999997,2.9551,3.4559,3.2594,3.0119
0.38151999999999997,0.29980999999999997,0.73436,0.00022903,0.0044848,0.00011485,-1.1577,0.38181,-1.1972,0.00030236,0.0069542,0.0036787,0.001663,0.00025196,0.005568399999999999,0.0045858,0.021442,2.4096,2.4122,2.5771,2.4807,2.6854,2.6833
0.58148,0.2017,0.816,0.0011945999999999999,0.00039146,0.0010609999999999999,-1.3325,0.8555,-0.056294000000000004,0.00050393,0.0041573999999999995,0.0022929,0.0014614,0.00045354,0.004359,0.003074,0.028144,1.6141,1.3537,1.3119999999999998,1.4656,1.6763,1.5275
0.61806,0.42773999999999995,0.47289,1.6120999999999998e-09,6.9856e-06,6.0426e-08,0.21156999999999998,0.067701,-1.1261,0.00045354,0.007987300000000001,0.0022929,0.0014866,0.00042834,0.0075084999999999995,0.0032503,0.021039,2.4184,2.4033,2.2508,2.1356,2.6357,2.0147
0.5694600000000001,0.35835,0.6402800000000001,6.502800000000001e-10,2.5179e-06,3.7591e-06,-0.5251,-0.070526,-0.076408,0.00037795,0.0065259,0.0035779,0.001537,0.00037795,0.005215699999999999,0.004988899999999999,0.021845,2.3407,2.099,2.2555,2.4187,2.3589,2.3802
0.60843,0.3795,0.39907,9.5783e-08,1.4264000000000001e-05,6.0245e-05,-1.5421,1.0492,0.6390399999999999,0.00037795,0.007080199999999999,0.004560600000000001,0.0015622,0.00035275,0.0062739,0.0044346,0.019804,2.4157,1.8348,2.43,2.505,2.3890000000000002,2.2143
0.50713,0.047088,0.6857800000000001,0.0011911,6.1893e-05,5.4251999999999995e-05,0.9239700000000001,0.18859,0.051908,0.00022679,0.010659,0.0018143,0.0014363,0.00047878,0.0088196,0.0031499,0.017866,2.0777,1.811,1.8058,2.6602,2.3793,2.399
0.49668,0.091522,0.55935,0.00039742,4.2365e-06,0.00029361,-0.07112,0.9896,0.33786,0.00030236,0.0093227,0.0056188,0.001285,0.00062991,0.008844,0.005568399999999999,0.012875,3.2459,3.1975,3.2086,3.1615,3.263,3.2241
0.50864,0.26342,0.41573000000000004,0.00019699,5.8088000000000004e-05,3.983e-05,-1.6208,0.11697,0.29217,0.0007307,0.0087936,0.0049637,0.0013354,0.00057952,0.009020299999999998,0.005568399999999999,0.013455000000000002,2.9235,2.7526,2.9658,3.0507,3.003,3.1312
0.44128999999999996,0.49843999999999994,0.6310600000000001,0.00041342,0.00058601,0.00016236,-0.62566,-0.048374,-1.1745,0.00045354,0.006651899999999999,0.004107,0.001411,0.00050393,0.0064754999999999995,0.0050393,0.019804,2.083,2.3346,2.6506,2.3356,2.1777,2.4309
0.59918,0.73598,0.40319,2.9811999999999996e-08,0.0013321,0.00033805,0.419,0.12580999999999998,-0.6701,0.00035275,0.0037039,0.0022173,0.0015118,0.00040314,0.0033763000000000005,0.0025196,0.030362,1.8213,1.6068,1.8897,1.7857,1.7372,1.7245
0.49999,0.2545,0.55109,6.2803e-05,1.494e-05,0.00017744,-0.9112100000000001,0.037125,0.82344,0.00012599,0.0064757999999999994,0.0025198,0.0015623,0.00035277,0.0050143,0.0035025,0.024895,1.9621,2.0644,2.1814,2.3263,2.0356,2.4504
0.49823,0.57093,0.55624,4.2025e-05,7.2156e-05,4.9801000000000007e-05,-0.13268,-0.6530600000000001,-0.49004,0.00042834,0.0052913000000000005,0.0036787,0.0016125999999999998,0.00030236,0.004233,0.0042834,0.024617,2.3721,2.1298,2.2813,2.3461,2.6725,2.3652
0.59591,0.6792199999999999,0.55085,9.740700000000001e-13,5.8338e-11,5.6487e-12,0.26425,-0.036193,-1.712,0.00050393,0.0076345,0.005820399999999999,0.0013606,0.00055432,0.006248699999999999,0.0057448,0.016579,0.26578,0.40114,0.17889000000000002,0.50002,1.5016,0.39629000000000003
0.60463,0.72653,0.69757,6.623800000000001e-13,4.5185000000000005e-10,4.4358999999999996e-10,-1.1381,-0.18525,-0.10920999999999999,0.00085668,0.012245,0.0067527,0.0010331,0.00088188,0.010482,0.007810899999999999,0.0043841999999999996,3.3578,3.2609,3.3482,3.4297,3.5423,3.5747
0.61525,0.1476,0.63532,0.00080905,0.0001431,0.00017956,1.0472,0.76962,-0.45206,0.00025196,0.006979399999999999,0.005518,0.0013606,0.00055432,0.0057951999999999995,0.0061983,0.017789,3.0292,2.3694,2.1915,3.5606,3.2259,2.9294
0.2602,0.49081,0.39165,7.429299999999999e-06,9.080899999999999e-05,1.5171e-05,-0.21699000000000002,0.5555100000000001,-0.007589,0.0006803,0.012447,0.0061227,0.0011086,0.00080629,0.010986,0.0074078,0.0048881,3.3337,3.3793,3.1861,3.5674,3.1619,3.2803
0.6282800000000001,0.09286,0.7079,0.00131,0.0010490999999999999,0.00060581,-0.090562,0.85351,-1.5663,0.00052913,0.0095495,0.002696,0.0014614,0.00045354,0.0076345,0.0038803000000000006,0.018241999999999998,1.495,1.1845,1.1022,1.5434,1.5005,0.96936
0.54942,0.20033,0.56298,1.3624e-07,0.00026346,8.568700000000001e-05,-0.058679999999999996,0.30935999999999997,0.41273000000000004,0.00040314,0.011337999999999999,0.0066015,0.001285,0.00062991,0.0091463,0.0071558,0.0078865,3.1237,3.1246,3.2459,3.2195,3.1522,3.5460000000000003
0.40946,0.09963,0.50632,0.0020814,1.2067e-05,0.00011014,-1.1567,1.7774,0.1126,0.00047873,0.0086424,0.006324300000000001,0.0012345999999999998,0.0006803,0.00834,0.0077605,0.010986,3.2653,3.1889,3.1487,2.8571,3.0198,2.824
0.56766,0.46741000000000005,0.4541,2.9572e-11,2.7088e-06,1.2233e-05,-0.92501,-0.37496999999999997,0.31563,0.00015118,0.0035275,0.0012345999999999998,0.0015874,0.00032755,0.0040062,0.0018393,0.031773,1.6046,2.1481,1.4773,1.1959,2.7336,1.3814
0.47193999999999997,0.6046699999999999,0.15789,1.0464e-05,0.00022338,9.1906e-06,-0.37979,0.075766,1.0032,0.00055432,0.0094487,0.005215699999999999,0.001411,0.00050393,0.0091211,0.0075588999999999995,0.010633,3.0477,2.8343,3.3167,3.1553,3.082,2.8710000000000004
0.6188600000000001,0.74649,0.55062,3.2954e-11,4.4073e-06,4.6731999999999996e-06,-0.099275,-0.3684,0.6137699999999999,0.00052913,0.011943,0.0050645,0.0011842,0.0007307,0.010583,0.0068281999999999995,0.007584100000000001,1.1608,1.6784,1.1396,1.7431,2.0851,1.4513
0.44088,0.29944,0.54369,0.0010475999999999999,0.00056631,0.0002541,-0.6312,1.0473,-0.77671,0.00052913,0.010305,0.0058456,0.001159,0.00075589,0.009398299999999998,0.0065259,0.0099274,2.7967,3.0984,3.2276,3.1948,3.2230000000000003,2.6484
0.34114,0.17244,0.83093,1.8005e-05,4.3801000000000004e-07,1.6304000000000002e-05,-0.5806399999999999,-0.67772,0.79206,0.00017638,0.007231399999999999,0.0024189,0.001537,0.00037795,0.005644,0.0030236,0.024037,1.6026,1.4381,1.0025,2.0855,2.1125,1.3404
0.6359199999999999,0.8652299999999999,0.43188999999999994,7.204099999999999e-10,2.4536e-06,1.1972e-08,1.3651,1.4122,0.3154,0.00025196,0.0038551,0.002948,0.0015118,0.00040314,0.0032,0.0034519,0.028825,2.1939,1.9895,1.7557,1.8099,3.1194,2.477
0.31306999999999996,0.18311,0.5435300000000001,6.3764e-05,0.00074569,0.00033364,-0.1289,0.69229,-0.13716,0.00020158,0.0090964,0.0031749,0.0013859000000000002,0.00052915,0.0072569,0.0048632,0.017941,2.8589,2.3365,2.5639999999999996,2.655,2.8385,2.7843
0.57976,0.54137,0.55213,1.4863e-09,5.7854e-05,0.00027392,-0.6857300000000001,-0.50751,0.25513,0.00052913,0.0092975,0.0044598,0.0013354,0.00057952,0.0087936,0.0048881,0.014563999999999999,2.6469,2.5922,3.0125,2.8131,3.0835,2.9631
0.60243,0.5624600000000001,0.51053,3.0941e-10,8.180399999999999e-06,3.4141e-06,0.8884700000000001,0.64169,-0.09020299999999999,0.00055432,0.008768399999999999,0.0044346,0.001285,0.00062991,0.0073574,0.0052913000000000005,0.016125999999999998,2.8204,2.9364,3.1702,2.9208,2.8898,2.7824
0.50778,0.62644,0.29623,1.4659e-06,0.00023306,1.4471999999999999e-06,-0.41138,0.35258,-0.20813,0.00060472,0.008844,0.005392,0.0013858,0.00052913,0.008466,0.0062739,0.012950999999999999,2.7078,3.2735,3.3072,2.7919,3.0198,2.6821
0.6000800000000001,0.39038,0.77337,5.6147e-08,2.4766e-05,6.574e-05,-0.9688,-0.8575,-0.32815,0.00050393,0.011616,0.004485,0.0014614,0.00045354,0.010179,0.0061227,0.009625100000000001,2.9035,2.9614,2.6742,3.0907,3.0856,2.9297
0.5465899999999999,0.50225,0.58709,1.2806e-10,3.6566000000000003e-06,1.604e-06,-2.3891,-1.2933,-0.22551999999999997,0.00015119,0.00093231,0.00022678,0.0018142,0.00010079,0.00062994,0.00070554,0.039888,0.53732,1.051,0.5755899999999999,3.3887,0.13801,3.3161
0.11285,0.3312,0.51635,3.2717e-05,1.202e-05,1.0670999999999998e-05,0.4344,0.15517,0.24578000000000003,0.00075589,0.011011,0.0047621,0.0013606,0.00055432,0.009877,0.006399899999999999,0.0097258,3.1778,2.9914,3.1121,2.8121,3.1893,3.247
0.5138699999999999,0.33409,0.38188,5.5337e-06,3.8144e-05,5.4942e-06,-0.41294,0.63071,0.29151,0.00050393,0.0080881,0.0051653,0.0013102,0.00060472,0.0071306,0.0059968,0.015647,3.0239,2.7981,2.9524,2.9765,3.036,2.7103
0.5493899999999999,0.53422,0.30992,1.8496e-09,8.6796e-05,8.1176e-06,0.27619,-0.37519,-0.14916,0.00055432,0.010986,0.0056944,0.0012094,0.0007055,0.0091715,0.006727500000000001,0.009398299999999998,2.7604,3.1143,3.0281,3.0873,2.9968,2.8738
0.65541,0.041121,0.7801,2.1699e-05,6.074e-08,1.6272999999999998e-05,-0.84856,0.4966,-0.47888000000000003,0.00075589,0.0062235,0.00257,0.0017385999999999999,0.00017638,0.0048125,0.0040314,0.024138,1.5442,1.8627,2.1046,1.7185,2.4999,2.0475
0.12491,0.044594,0.1671,0.00015489,3.3139e-07,4.554e-07,-0.055514999999999995,-0.19359,0.14515999999999998,0.00062991,0.010657999999999999,0.0072818,0.0013354,0.00057952,0.0092723,0.0087432,0.0059464,2.9243,2.0017,2.2101,2.9019,3.2156,3.0332
0.21616999999999997,0.080943,0.71902,4.0075e-05,8.3401e-08,9.8502e-06,0.23405,0.13414,-0.38533,0.00057952,0.010154,0.006979399999999999,0.0011842,0.0007307,0.0084156,0.0090959,0.007306999999999999,2.2289,2.6917,1.7091,2.9552,2.9393,3.188
0.60036,0.29406,0.49218,0.0020356,0.00071739,0.00083552,0.12247999999999999,0.081104,-0.21172,0.00030236,0.0075084999999999995,0.0051905,0.001537,0.00037795,0.0071306,0.0059716000000000005,0.016428,2.4307,2.3957,2.4031,3.1583,2.8604,2.8888
0.60782,0.7502300000000001,0.30038000000000004,7.720500000000001e-08,9.8065e-05,1.1055e-05,-0.3369,0.26174000000000003,0.9698700000000001,0.00040314,0.0074329999999999995,0.004560600000000001,0.001159,0.00075589,0.0076093,0.0047117,0.017814,2.5437,2.8944,2.3095,2.7946,2.8111,2.8138
0.5310699999999999,0.33109,0.36491999999999997,1.0692999999999999e-07,6.5783e-05,0.00011891,0.53555,0.76223,0.1537,0.00062991,0.010154,0.0052913000000000005,0.0011842,0.0007307,0.008768399999999999,0.0068281999999999995,0.01086,2.5611,2.3679,2.8707,3.012,3.005,2.5192
0.53541,0.11485,0.63589,0.00014904,7.8835e-06,0.00043742,-0.9928899999999999,1.2047,-0.81466,0.00042834,0.004560600000000001,0.0031244,0.0014866,0.00042834,0.004409399999999999,0.0029984,0.027011,2.3793,2.3977,2.3494,1.9608,2.48,2.5983
0.37990999999999997,0.087227,0.8226899999999999,5.1235e-05,7.958100000000001e-05,0.00073605,1.1953,1.1927,-0.42973999999999996,0.00025198,0.0060222,0.0017637999999999998,0.0014111,0.00050395,0.006626999999999999,0.0020914,0.025776999999999998,2.2998,2.1478,1.9869999999999999,2.4203,1.8782,2.01
0.60687,0.52068,0.59172,1.5823e-05,0.00030844,2.2135e-05,0.25029,-0.082411,0.4839,0.00050393,0.009625100000000001,0.0032,0.0014614,0.00045354,0.0085668,0.0049637,0.015672,2.7122,2.6348,2.2601,2.5076,2.8059,2.8487
0.57648,0.53701,0.56421,1.4935e-05,0.0010797,0.00010286,0.9628399999999999,-0.56995,0.86779,0.00032755,0.0065763,0.0042078,0.0015874,0.00032755,0.0059464,0.0044346,0.021039,2.7017,2.441,2.8483,2.8893,2.5631,2.9654
0.52476,0.47471,0.25058,3.9306999999999996e-08,6.128600000000001e-05,1.3382e-06,1.3038,-0.3129,1.1753,0.00057952,0.011464,0.0053165,0.001159,0.00075589,0.010104,0.0061227,0.0089447,2.292,2.2095,2.8679,2.4804,2.8480000000000003,3.1011
0.5842,0.46948,0.72072,1.9258e-08,4.1383e-06,3.6054e-07,-0.57277,0.047425,0.8818799999999999,0.00025198,0.00892,0.0032253,0.0012851,0.00062994,0.0073577,0.0050143,0.017764,2.3568,2.2452,1.8443,2.9522,2.6607,2.4655
0.5575399999999999,0.21506,0.53504,0.00019984,2.158e-05,0.00037507,-0.6211800000000001,0.35768,-0.13857,0.00042834,0.006248699999999999,0.005644,0.001411,0.00050393,0.0053417000000000004,0.0066771,0.018192,2.1628,2.4052,2.2709,2.2101,2.7496,2.5274
0.38948,0.034711,0.9379700000000001,0.00015387,8.9087e-08,0.00014349,-0.48223,-1.6055,-1.4348,0.00027716,0.0019905,0.0022929,0.0015622,0.00035275,0.0020409000000000004,0.0021920999999999998,0.033738,0.8288200000000001,0.77251,0.88451,1.6325,0.9284,0.95216
0.60396,0.63467,0.5909800000000001,4.307e-06,0.0014475999999999998,4.7699e-05,-0.56137,0.24344000000000002,-0.047962,0.00047873,0.007684899999999999,0.004636199999999999,0.0014362,0.00047873,0.006853399999999999,0.0052409,0.017638,1.3791,1.9999,1.7995,1.8823,1.9169,2.3212
0.44588,0.12703,0.5068699999999999,0.00011750000000000001,5.3735e-05,2.6411999999999997e-05,-1.2147,2.0051,0.67175,0.0006803,0.010079000000000001,0.0065763,0.001411,0.00050393,0.0084156,0.0076093,0.0091715,2.8329,3.1378,2.9266,3.2317,3.3808,3.2431
0.40744,0.055082000000000006,0.56035,0.0013073,7.275e-06,5.1786e-05,0.19610999999999998,0.47275,-0.07821399999999999,0.00060474,0.012372,0.0037040999999999997,0.0013355,0.00057955,0.009398700000000001,0.0061734,0.010281,2.9508,2.9101,3.1291,3.3319,3.1595,3.403
0.55502,0.14966,0.73078,1.1978e-05,2.8355e-06,7.8633e-06,0.8397600000000001,-0.31416,0.4093,0.00037795,0.0042834,0.00257,0.001537,0.00037795,0.0037290999999999995,0.0032503,0.028321,1.3654,2.1407,1.4815,1.901,2.1087,1.5184
0.26511,0.19599,0.18502000000000002,1.0436e-05,3.9256e-06,3.5526e-06,0.69975,-0.36608,1.1235,0.0006803,0.010834,0.0061731,0.001285,0.00062991,0.0086928,0.007231399999999999,0.0089196,2.41,2.5759,2.5514,2.8426,2.3471,2.3954
0.57922,0.62968,0.3949,2.1272000000000003e-08,0.00027386,5.5687e-05,0.4256,-0.35562,0.70329,0.00078109,0.010935,0.0061227,0.0013606,0.00055432,0.0092975,0.007810899999999999,0.007584100000000001,2.8854,2.4391,2.4314,2.9698,3.0874,2.7761
0.5787800000000001,0.80734,0.24038,9.929800000000001e-08,0.00014580000000000002,1.0527000000000001e-05,-0.2974,-0.7167,-0.2822,0.00040314,0.0070298,0.0041573999999999995,0.0015622,0.00035275,0.006022,0.0050645,0.019855,2.2897,1.8259999999999998,2.1922,2.3486,2.4316,2.5912
0.19384,0.06331200000000001,0.8633299999999999,6.592999999999999e-06,3.4292e-09,2.5413e-06,0.14497000000000002,-0.8293799999999999,-0.17060999999999998,0.00052913,0.006626699999999999,0.0036030999999999997,0.0014362,0.00047873,0.004988899999999999,0.005644,0.02114,2.4794,2.2422,2.4023,2.4976,2.33,2.3517
0.59397,0.68508,0.79718,1.4565e-10,6.4704e-06,3.3489e-06,0.51962,-1.2349,-1.3015,0.00035275,0.0017889,0.0012598,0.0017637999999999998,0.00015118,0.001159,0.0018645,0.036107,0.43168999999999996,0.6555300000000001,0.29996,2.6062,0.50741,1.6634
0.6584899999999999,0.63013,0.22373,2.0258e-08,0.00011106,6.5625e-06,0.34612,0.10733,0.064263,0.00062994,0.01149,0.0036033000000000003,0.0013859000000000002,0.00052915,0.0083656,0.0063246000000000005,0.01212,3.1689,2.6627,2.8241,3.5645,2.7227,2.8099
0.73936,0.6943199999999999,0.22546,0.0060479,1.0192e-05,0.0004378,-1.1916,-0.59313,0.9356200000000001,0.00032755,0.0028724,0.0023433000000000004,0.0016378,0.00027716,0.0025448,0.0025951999999999998,0.031848,1.5835,1.5981,1.4559,1.4807,1.6723,1.5782
0.57467,0.40403,0.54982,5.7865e-11,2.9316e-07,6.1717e-07,0.44548999999999994,-0.67772,1.0564,0.00045354,0.0071558,0.0048125,0.001285,0.00062991,0.006853399999999999,0.0048881,0.018368000000000002,1.7071,2.4254,2.1193,3.011,2.9431,2.737
0.61187,0.49567,0.26343,0.00059165,0.00033016,0.00011203,0.78791,-0.23456999999999997,-0.26661999999999997,0.00045354,0.0073574,0.0026204,0.0013606,0.00055432,0.0075084999999999995,0.003074,0.021518000000000002,2.5027,2.5660000000000003,2.2292,2.8106,2.6337,2.8231
0.54445,0.46015,0.6785,6.091399999999999e-05,0.00012986,4.2081000000000006e-05,0.12507000000000001,-0.3891,-1.278,0.00020159,0.0069801,0.0013355,0.0016379,0.00027719,0.0060477,0.0027971,0.025174000000000002,2.025,2.03,1.7837,1.8568,2.3871,2.1113
0.56072,0.89487,0.67093,3.2539999999999993e-12,8.1701e-07,1.0359000000000002e-07,0.79786,-0.040092,0.33061999999999997,0.00055432,0.01028,0.0040566000000000005,0.0014362,0.00047873,0.007306999999999999,0.0056692,0.014663999999999998,2.3828,2.5368,2.5931,2.6655,3.1906,2.7334
0.24674000000000001,0.13308,0.62263,2.2842e-05,7.6041e-06,3.7345e-05,-0.076366,0.6129600000000001,0.22059,0.00042834,0.005568399999999999,0.0027716,0.001537,0.00037795,0.0043841999999999996,0.0038803000000000006,0.025499,2.4346,2.3792,1.8427,2.8776,3.2335,2.1762
0.30763,0.08390700000000001,0.61849,0.0005055,1.1475e-06,0.00035095,0.17906,0.385,0.34906,0.00045354,0.010506999999999999,0.0048629,0.0011086,0.00080629,0.0095999,0.006979399999999999,0.010129,2.5076,2.5107,2.3680000000000003,3.1306,2.892,2.7563
0.68623,0.059099,0.65598,0.0039626999999999996,1.0228e-07,0.00022614,0.67797,0.4934,-0.5019600000000001,0.00042834,0.0087936,0.0052913000000000005,0.0013858,0.00052913,0.0084912,0.005518,0.014009,2.9539,2.6732,2.596,2.9093,3.2065,2.569
0.60957,0.49296,0.7048399999999999,2.0754000000000002e-08,8.2815e-05,6.7385e-06,-0.1571,-0.086086,-0.20743000000000003,0.00045354,0.0038803000000000006,0.0016378,0.001663,0.00025196,0.0031496,0.0024945,0.030916000000000003,1.4417,1.4503,1.385,1.5786,1.7229,1.5495
0.68198,0.14146,0.52055,0.00069812,1.2139e-05,0.00065545,0.2036,-0.061877,1.3281,0.00010079,0.0060472,0.0032251,0.0014866,0.00042834,0.0059968,0.0036030999999999997,0.023559,2.2121,2.0901,2.4198,2.6684,2.7004,2.6197
0.61412,0.43551999999999996,0.6288,8.2901e-06,0.00048528,0.00019181,-0.17453,-0.48338000000000003,-0.5597300000000001,0.00016342,0.0093697,0.00021790000000000004,0.0020155999999999998,5.4475e-05,0.0096693,0.00024514,0.026311,1.7146,1.6472,1.2426,2.0952,1.6742,1.7064
0.5994,0.98015,0.85241,8.0153e-12,1.2e-10,5.663200000000001e-10,-0.6249,-0.063654,-0.8285100000000001,0.00050393,0.010583,0.0059968,0.001159,0.00075589,0.0097258,0.0062739,0.0094487,2.5381,2.0045,1.3285,3.2854,3.181,2.7102
0.71453,0.35455,0.45816999999999997,0.00032682,0.00039736,0.00018162,0.3765,0.17268,0.5617,0.00075589,0.0078613,0.0082392,0.0013354,0.00057952,0.008214,0.0093227,0.0081385,2.5337,3.1382,2.8175,2.9849,3.2504,2.7199
0.6458,0.47905,0.21936999999999998,5.8573e-09,7.0545e-05,0.0001326,0.25527,0.29445,-0.20556,0.00055432,0.0060975000000000005,0.0042834,0.0014614,0.00045354,0.0058708,0.004409399999999999,0.021315999999999998,1.3968,1.4201,1.0966,1.1272,1.7498,1.1894
0.6017399999999999,0.11039000000000002,0.70505,7.3631e-05,1.1683e-05,1.9298e-05,-1.4680000000000002,-0.52571,0.39975,0.00037795,0.0072566,0.0065763,0.0013858,0.00052913,0.0050393,0.0075588999999999995,0.015722999999999997,2.8191,2.2429,2.3292,3.2152,2.1609,2.3774
0.64326,0.5846399999999999,0.37869,3.106e-09,4.6893e-05,5.5918e-05,0.23471999999999998,0.15561,0.33437,0.00065511,0.010129,0.0052661,0.0012345999999999998,0.0006803,0.0092219,0.0062739,0.010986,3.0514,2.7064,3.0154,2.7965,3.2228,3.2005
0.62369,0.32273,0.88097,1.6404000000000002e-09,9.0447e-06,1.5197e-07,0.73532,-0.72788,0.011563,0.00035275,0.004636199999999999,0.0030488000000000004,0.0014866,0.00042834,0.0045102,0.0040062,0.025977999999999998,2.6096,2.5154,1.7783,3.0681,2.7033,2.3554
0.60077,0.090603,0.51047,0.0028398000000000004,1.5273e-05,0.00017114,-0.42233999999999994,1.4847,-0.090634,0.00035275,0.005820399999999999,0.0035023000000000003,0.001411,0.00050393,0.0054424,0.0038299,0.023584,2.2652,1.9157,2.3188,2.2726,2.1636,2.5337
0.61523,0.5301,0.61032,1.2959e-09,7.5979e-06,9.4792e-07,0.46773000000000003,-0.73246,-0.60193,0.00085668,0.010179,0.005593600000000001,0.0013606,0.00055432,0.0093731,0.007206199999999999,0.0093227,2.7728,2.9748,3.0151,3.1841,3.0821,3.0789999999999997
0.59023,0.093929,0.64675,0.00087456,3.1209e-07,1.6863e-05,1.0358,1.3965,-1.2305,0.00037795,0.0050393,0.0021920999999999998,0.0015874,0.00032755,0.0045858,0.0025951999999999998,0.027741000000000002,1.8292,2.0507,2.1639,1.9231,2.0383,1.62
0.5685600000000001,0.46211,0.50349,1.712e-07,2.273e-05,2.3474000000000003e-05,0.30457,1.4431,-0.71159,0.0007307,0.00834,0.0048629,0.0014362,0.00047873,0.0071054,0.00577,0.015722999999999997,2.5342,3.0789,2.4624,2.694,3.155,2.7062
0.10734,0.35278000000000004,0.38778,0.005703100000000001,1.8084000000000001e-06,1.4945e-05,1.1311,0.41255,0.5493399999999999,0.00075589,0.0095999,0.0050897,0.0015118,0.00040314,0.008844,0.007206199999999999,0.011036,3.0786,3.3148,2.8447,3.2289,3.4622,3.1874
0.60937,0.34526,0.6130899999999999,3.6699e-09,9.509899999999999e-05,1.8099e-05,-0.36434,0.54725,-0.25111,0.00062991,0.010834,0.0063747,0.0011842,0.0007307,0.009877,0.0071054,0.0077101,3.0675,3.1504,3.0433,3.2649,3.0872,3.0283
0.26284,0.20579,0.36279,7.1038e-06,1.7338999999999998e-06,2.99e-06,-0.13922,0.7811600000000001,0.13226,0.00065514,0.01275,0.0028221,0.0013607,0.00055435,0.01086,0.0050143,0.010431999999999999,3.1243,2.8635,2.592,3.2593,3.2307,3.1347
0.37696,0.10450999999999999,0.30295,0.00030554,0.00030312,1.8435e-05,-0.9677,1.145,-0.91348,0.00078109,0.011238,0.006803,0.0011842,0.0007307,0.009675399999999999,0.00834,0.0056944,3.3834,3.3544,3.3093,3.2319,3.3316,3.1202
0.61093,0.44203000000000003,0.68396,5.0019000000000003e-11,1.709e-07,2.9927e-09,-1.4679,-2.1663,1.3772,0.00035275,0.01028,0.005392,0.0011842,0.0007307,0.0090455,0.006853399999999999,0.010608,1.8414,1.9609,1.3526,3.2609,2.8577,2.7873
0.37956999999999996,0.31969000000000003,0.46557,9.1668e-06,7.0967e-05,8.494700000000001e-05,-0.059515,1.092,0.29338000000000003,0.00027717,0.011969,0.0045608,0.0012599,0.00065514,0.010129,0.0060474,0.0095499,2.8913,2.4881,2.8760000000000003,2.9713,2.8604,2.9837
0.5464600000000001,0.27161,0.48421000000000003,2.8559e-08,5.9789e-05,0.00015335,0.64817,0.51886,-0.08898500000000001,0.00055432,0.010834,0.0051653,0.0013354,0.00057952,0.010028,0.005820399999999999,0.010129,2.8496,3.1756,2.6492,3.0595,3.1723,2.9248
0.60901,0.090455,0.78066,0.0023979,0.00044015,7.1959e-06,0.30107,-2.0167,0.46825,0.00035275,0.0035779,0.004107,0.0016378,0.00027716,0.0019652999999999997,0.0042078,0.028321,2.0627,0.87077,0.9527899999999999,2.2345,1.631,1.0931
0.49965,0.31995,0.37678,5.3447e-05,2.7851999999999997e-05,0.00022101,-0.69995,-0.34003,0.049225,0.00050395,0.008768799999999998,0.0027969,0.0015875,0.00032757,0.007005,0.0052411,0.018218,2.5002,2.7375,2.4028,2.5587,3.0676,2.9781
0.64222,0.23661,0.6914600000000001,0.00016721,0.00021924,5.954e-05,-0.9537100000000001,0.6613,-0.88444,0.00042834,0.006727500000000001,0.004611,0.0014614,0.00045354,0.0057951999999999995,0.005518,0.019452,2.7386,2.7208,3.1575,2.7723,2.3536,2.7698
0.44576000000000005,0.052512,0.6089,0.00022392,2.5852e-05,0.00017134,-0.7168800000000001,3.2983,-0.53203,0.00045354,0.009826600000000001,0.0042078,0.0014614,0.00045354,0.008466,0.0062235,0.013354,2.9582,2.8656,2.8955,2.9334,2.4198,2.9829
0.65054,0.27881999999999996,0.66068,0.00026537,0.00068134,8.636100000000001e-05,-0.41206000000000004,0.93965,-0.087274,0.0007055,0.010583,0.0052913000000000005,0.0012345999999999998,0.0006803,0.0087432,0.0066015,0.010608,3.2717,3.1053,3.4454,3.0412,3.3304,3.3021
0.53393,0.22776999999999997,0.54952,9.2302e-07,0.00010246,7.4314e-05,0.69121,0.051736000000000004,-0.31051,0.00075589,0.010079000000000001,0.0052409,0.0013858,0.00052913,0.0090455,0.0062235,0.011187,3.1037,3.0143,3.3124,3.1675,3.1516,2.9738
0.59741,0.3051,0.58706,1.5775e-08,5.019e-05,2.5631999999999998e-05,-0.82053,0.8124399999999999,-0.013406999999999999,0.00022677,0.0078865,0.0057951999999999995,0.0011842,0.0007307,0.007810899999999999,0.0059716000000000005,0.014841,2.7969,2.8814,2.4646,3.6196,3.1519999999999997,2.7013
0.54984,0.83294,0.27702,1.8354e-08,1.2005e-05,9.323899999999999e-07,0.55029,0.37765,1.9574,0.00045356,0.013304,0.0038552,0.0013355,0.00057955,0.01018,0.006375,0.0083656,1.744,1.6388,2.4687,1.6252,2.9789,2.7232
0.6229600000000001,0.36278,0.9279,2.2326999999999998e-05,1.235e-05,0.00062069,0.5239,-0.12437999999999999,-1.2695,0.00032755,0.0042834,0.0027716,0.0015874,0.00032755,0.0035527,0.0030992,0.028497,1.3122,1.6101,1.4721,1.5472,1.1291,1.171
0.50298,0.71029,0.20872,1.488e-07,0.00012762,1.9257e-06,-0.59837,0.23179,-0.0096705,0.00027716,0.0071306,0.0029984,0.001537,0.00037795,0.006299100000000001,0.0034015,0.022425,2.8521,2.9294,2.7181,2.8946,2.6486,2.9557
0.56235,0.40229000000000004,0.5304300000000001,5.0026000000000005e-05,0.0017820999999999998,0.00073543,-1.0994,1.9683,0.9252100000000001,0.00027716,0.0080377,0.002822,0.0015118,0.00040314,0.007004600000000001,0.0038047,0.020586,1.8592,2.6811,2.6002,2.3354,2.7052,2.4701
0.3832,0.18899000000000002,0.71931,0.00010689,3.9505e-05,0.00019425,0.65684,-0.040292,-0.26282,0.00037795,0.008844,0.004107,0.0015118,0.00040314,0.0078613,0.0051905,0.016151,2.8938,2.6771,2.9766,2.6012,2.903,2.81
0.10661,0.051611000000000004,0.82934,0.00011786,3.8522e-07,1.5099e-05,1.0428,0.012859,-0.61887,0.00057952,0.0080881,0.0052409,0.001285,0.00062991,0.0071558,0.0053417000000000004,0.016125999999999998,2.8419,3.263,2.8266,2.9568,3.1031,3.2709
0.6249100000000001,0.5195,0.59751,3.109e-10,1.0855999999999999e-05,7.948699999999999e-07,0.69904,-1.4001,0.9983799999999999,0.00042834,0.0083904,0.0047621,0.0014362,0.00047873,0.007810899999999999,0.0055432,0.015597,2.6295,2.5332,2.7774,3.1289999999999996,2.9532,2.7322
0.5885699999999999,0.5424800000000001,0.44414,2.5435e-08,0.00035346,2.791e-05,0.10188,0.35470999999999997,0.94101,0.00040314,0.007659699999999999,0.004233,0.0013354,0.00057952,0.0075084999999999995,0.0050393,0.017688,2.5743,2.9741,2.7294,2.4416,2.9943,2.7615
0.4257,0.064187,0.57902,0.00066005,3.313e-07,1.2481e-05,-0.29888000000000003,-0.14583,-0.15352000000000002,0.00062991,0.010406,0.0048125,0.0013354,0.00057952,0.0088944,0.005896,0.011893,3.0711,2.9702,3.2965,3.3733,3.1965,3.4547
0.26153000000000004,0.19654000000000002,0.73265,0.002526,9.965799999999999e-05,8.7993e-05,0.34538,0.34271,-0.05414,0.00055432,0.009851799999999999,0.0051905,0.0013606,0.00055432,0.0080377,0.0067527,0.012145,3.2236,3.2741,3.3218,3.2618,3.0539,3.2138
0.39111,0.083761,0.49212,8.5749e-05,1.3629000000000001e-05,4.6238e-05,0.081692,2.1694,-0.28048,0.0007055,0.011893,0.0047369,0.001159,0.00075589,0.010884999999999999,0.0065259,0.0077856999999999996,3.4836,3.3107,3.1789,3.2862,3.2822,3.2989
0.5862,0.37121,0.59612,4.7191e-11,1.2585e-07,2.6501e-08,0.44047,-0.53265,0.36243000000000003,0.00025198,0.007534100000000001,0.0027213000000000003,0.0013859000000000002,0.00052915,0.0062742,0.0042836,0.021468,2.4875,2.5416,1.9918,2.9456,2.718,2.7147
0.5814,0.5114,0.55077,5.8397e-07,0.00041186,0.00022832,0.48883999999999994,-0.37624,0.10525999999999999,0.00042834,0.0060975000000000005,0.0033259,0.0017889,0.00012598,0.0052661,0.0048881,0.022525999999999997,2.4975,2.0688,2.1895,2.7114,2.4063,2.1707
0.32834,0.010283,0.9682299999999999,0.00041758,3.355e-08,1.0478e-05,0.36336999999999997,0.19967000000000001,-1.5196,0.00065511,0.0066771,0.0029984,0.0015118,0.00040314,0.005644,0.0042582,0.022299,1.7524,1.9397,2.2893,2.5178,2.1941,2.2776
0.5139,0.34758,0.48271000000000003,7.3438e-07,0.00031165,0.00012067,0.10136,0.28908,-0.11130999999999999,0.00042836,0.008164,0.0034016999999999997,0.0014615000000000001,0.00045356,0.0036033000000000003,0.007559300000000001,0.019377000000000002,2.4629,2.9034,2.5478,2.7375,2.5905,2.4134
0.64536,0.36889,0.3852,1.4912e-05,6.230600000000001e-05,0.00021207,0.33133,-0.77178,0.3141,0.00047873,0.0073322000000000005,0.0046865000000000006,0.0015622,0.00035275,0.006803,0.006022,0.017209000000000002,2.5322,2.7268,2.8928,2.6895,2.8971,3.0175
0.6040800000000001,0.05631,0.51361,0.00037476,8.6918e-07,6.692800000000001e-05,0.15805999999999998,1.6598,0.39355999999999997,0.00085668,0.011162,0.006248699999999999,0.0011842,0.0007307,0.010179,0.0080125,0.0060723,2.9167,2.7230000000000003,3.142,3.122,3.0189,2.7112
0.42368,0.077311,0.68694,5.4926e-06,1.7201000000000002e-07,0.00017309,-0.35223000000000004,0.48586,0.34968,0.0006803,0.010003,0.0043338000000000005,0.0013606,0.00055432,0.0091715,0.005140100000000001,0.013203,2.5469999999999997,2.6051,2.1201,2.5196,3.0478,2.8533
0.67598,0.094774,0.66561,2.4083000000000003e-05,6.2837e-07,0.00016302,-0.97001,0.95836,0.20076,0.00037795,0.009625100000000001,0.0052913000000000005,0.0012094,0.0007055,0.008718,0.006551100000000001,0.011968000000000001,2.9768,3.0164,2.8006,3.0818,3.0197,3.2972
0.5304800000000001,0.11459000000000001,0.78337,5.7167e-06,3.3558e-05,4.9183e-05,-0.41472,0.93115,-1.2925,0.00057952,0.0093731,0.0048376999999999995,0.0013102,0.00060472,0.0079369,0.0061731,0.013631,3.2279,3.0982,3.0936,3.2393,3.1209,3.0782
0.46858999999999995,0.20118,0.53982,1.668e-05,8.4599e-05,0.00031796,0.54469,-0.56388,-0.031201999999999997,0.00032755,0.0078865,0.0050897,0.0013858,0.00052913,0.0063747,0.005593600000000001,0.01726,2.7962,2.8498,2.8188,2.7985,3.1054,2.9151
0.55312,0.52865,0.7470399999999999,9.901200000000001e-11,1.0225e-05,8.4342e-06,0.03893,0.043132,0.27149,0.00030236,0.0071054,0.0043338000000000005,0.0013858,0.00052913,0.007458199999999999,0.004409399999999999,0.018923,2.6439999999999997,2.6066,2.301,2.603,2.5904,1.922
0.58572,0.7875800000000001,0.3631,4.8673e-09,0.00044247,0.00014303,0.050792000000000004,-0.21153000000000002,0.66843,0.00032755,0.0075588999999999995,0.0041573999999999995,0.0013102,0.00060472,0.0070298,0.0049637,0.018494,2.4909,2.7449,2.5661,2.8615,2.735,2.8519
0.21055,0.046853,0.736,0.0022177,7.6602e-05,9.122e-05,-0.62995,0.85045,-0.2604,0.0007307,0.012775,0.0054676,0.001159,0.00075589,0.0099274,0.006853399999999999,0.0067779,3.2246,2.8483,3.2287,3.4253,2.8634,2.5726
0.6155,0.26595,0.72158,8.4651e-09,2.3042e-06,4.526e-06,1.1893,-0.58152,0.2944,0.0007055,0.011464,0.0036283,0.0014866,0.00042834,0.0090959,0.0059464,0.011691,2.5983,2.6228,2.6902,2.6515,3.1685,2.8152
0.5108699999999999,0.32402,0.69688,8.9485e-08,0.00055848,5.5774e-05,0.038849,-0.46291000000000004,0.44299999999999995,0.00032755,0.006551100000000001,0.0036534999999999996,0.0012598,0.00065511,0.0060975000000000005,0.0041322,0.021769999999999998,2.0832,1.8845,1.6785,2.2092,2.3682,1.7444
0.42296000000000006,0.03895,0.79091,0.0010998,2.9039e-05,0.00034916,-0.43532,0.94811,-1.0266,0.00027716,0.0059716000000000005,0.0048125,0.0015118,0.00040314,0.005593600000000001,0.0053417000000000004,0.020534999999999998,2.7209,2.7407,2.3794,2.6748,2.2687,2.3341
0.6478,0.18185,0.31051,0.00046174,8.0986e-05,2.4923000000000002e-05,1.3506,0.8563200000000001,1.0686,0.00052913,0.01028,0.0056692,0.0014362,0.00047873,0.0092723,0.007055,0.0097258,2.8522,2.9555,2.8536,2.9697,3.5231,3.3859
0.6118100000000001,0.46147,0.73418,0.00013213,0.00049312,8.1374e-06,0.82437,0.18674000000000002,0.34883000000000003,0.00022677,0.0041826,0.0043841999999999996,0.0016378,0.00027716,0.0018645,0.0061478999999999995,0.025726,1.7944,1.4779,1.2644,1.7584,1.8481,1.5983
0.19005999999999998,0.11105,0.70535,0.0033779000000000005,0.00010520000000000001,0.00018129,0.12719,0.20783000000000001,0.70705,0.00025196,0.0077101,0.0041826,0.0013354,0.00057952,0.0067779,0.0048125,0.018797,2.9545,2.7118,2.8452,3.242,2.9566,2.5548
0.5888800000000001,0.63803,0.5044,4.1582e-10,5.3736e-05,2.029e-05,-0.19680999999999998,-0.71727,0.20976,0.00015119,0.00446,0.0019906,0.0014111,0.00050395,0.0027465,0.0026962,0.030489,1.0974,1.1554,0.80177,1.4753,0.60332,0.78485
0.57093,0.34452,0.7621,2.5358000000000003e-09,7.152e-06,3.0286999999999996e-05,0.079699,-0.40318000000000004,-0.41063,0.00020157,0.0061731,0.0039558,0.0015622,0.00035275,0.0053417000000000004,0.0047621,0.022097,1.8504,2.0018,1.7416,2.6021,2.3216,1.9583
0.14864000000000002,0.09654700000000001,0.76178,0.0023539000000000003,1.0123e-06,0.00025595,0.57022,0.48818999999999996,-0.24606999999999998,0.00052913,0.0092975,0.0048125,0.0014362,0.00047873,0.008214,0.0059968,0.013682,2.8536,2.9409,2.9012,3.1456,2.7034,2.5894
0.5829300000000001,0.76532,0.64071,9.0451e-08,0.00022184,7.9165e-05,-0.24538000000000001,-0.13437000000000002,0.20961,0.00032757,0.0047876,0.0017385999999999999,0.0015119,0.00040316,0.0042332,0.0024441999999999997,0.029002999999999998,1.9711,1.8724,2.0915,2.0643,2.3418,2.2579
0.65136,0.11266,0.6150800000000001,0.00020408,1.0521e-05,0.00015784,-0.60523,-0.40066999999999997,0.070925,0.00047873,0.0092975,0.0057448,0.001411,0.00050393,0.0084912,0.005492800000000001,0.013027,2.9719,3.1979,2.7965,3.2212,3.4336,3.1839999999999997
0.23825,0.53833,0.33906,2.218e-08,3.9348000000000003e-05,3.8297e-06,0.12042,0.32445,-0.42008,0.0007307,0.011162,0.006500700000000001,0.001159,0.00075589,0.009977799999999998,0.0074834,0.0066771,3.1825,3.3871,3.1311,3.0979,3.3294,2.9848
0.4078,0.31426,0.36067,0.0011438,6.8036e-05,0.00034494,0.5149199999999999,0.022866,1.0222,0.00047873,0.0083904,0.0049637,0.0012345999999999998,0.0006803,0.006979399999999999,0.0056692,0.01605,2.6988,2.835,2.8495,2.8106,2.9197,2.8954
0.44287,0.1494,0.54918,7.2004e-05,0.00066203,0.00023881,0.34129,0.025315,0.21824000000000002,0.0007307,0.0086928,0.00257,0.0014614,0.00045354,0.007810899999999999,0.0035275,0.0192,2.8238,2.1137,2.2448,2.9,2.472,2.7876
0.13041,0.07357899999999999,0.79055,0.00028412,1.9929000000000002e-05,6.2588e-05,1.0551,0.29051,-0.16236,0.00030239,0.0063753,0.0022175000000000003,0.0016379,0.00027719,0.0044602,0.0042586,0.024922,1.4989,1.7289,1.2913,1.3927,2.5578,1.8738
0.25706999999999997,0.51988,0.46667,0.0011947000000000001,0.00050771,0.00034198,1.0529,-0.29632,-0.14735,0.00035275,0.0085668,0.005215699999999999,0.0015118,0.00040314,0.0072818,0.0062739,0.014841,2.5703,2.7322,2.8055,3.0499,2.9573,2.738
0.5643100000000001,0.38123,0.73526,4.1308e-09,0.00024940000000000004,4.9366e-06,-0.50698,0.6550600000000001,-0.26803,0.00032755,0.0088944,0.0066015,0.001285,0.00062991,0.007684899999999999,0.0079369,0.011086,3.1063,2.9075,2.8739999999999997,3.4466,3.0709,3.1416
0.26287,0.30493000000000003,0.31424,0.0033661000000000003,5.7993999999999994e-05,1.1549e-05,0.14624,1.9769999999999999,0.044811000000000004,0.00050393,0.0099022,0.006500700000000001,0.0015118,0.00040314,0.0077856999999999996,0.0077856999999999996,0.010053,3.1006,3.0008,3.1193,3.3601,3.1727,3.0371
0.53258,0.19659000000000001,0.75922,2.9497e-05,0.00046699999999999997,1.031e-05,0.11589,0.071854,-0.31901999999999997,0.00057952,0.0083652,0.0051905,0.0013102,0.00060472,0.007306999999999999,0.0061731,0.014916,2.5151,2.8298,2.6133,2.7681,3.0259,2.1886
0.54466,0.25742,0.45419,1.3593e-08,3.2192e-06,7.8435e-06,0.06841,0.29143,-0.15079,0.00030236,0.0095243,0.0048125,0.0014614,0.00045354,0.0083904,0.004988899999999999,0.014513,2.5583,2.8971,2.7371,2.9160000000000004,2.8771,3.1282
0.58336,0.5618,0.37283,3.1295999999999997e-10,4.9557e-05,1.004e-06,-0.37556,0.8134399999999999,0.13298,0.00075589,0.012699,0.005492800000000001,0.001285,0.00062991,0.0095999,0.0067779,0.007206199999999999,3.1533,3.1362,2.7358,2.9038,3.1328,2.5258
0.56393,0.2919,0.34031999999999996,1.7269000000000002e-07,0.00089196,4.5772e-05,0.31743000000000005,1.0541,0.21145999999999998,0.00062991,0.012523000000000001,0.005644,0.0013102,0.00060472,0.01023,0.0069038,0.0066015,3.2744,3.2235,2.9061,2.9309,3.6794,2.9795
0.61205,0.27421999999999996,0.6513399999999999,7.8375e-10,0.00035025,3.2696999999999995e-05,-0.36627,0.24368,0.19610999999999998,0.00045354,0.0067023,0.0048125,0.0014362,0.00047873,0.0050645,0.0066015,0.018897,2.8501,2.4356,2.5196,2.6511,2.3242,2.6078
0.59609,0.57685,0.56219,7.6974e-10,0.00012456,3.3358e-05,-0.5954,-0.22657,0.5200600000000001,0.00032757,0.0058207,0.001789,0.0016378,0.00027717,0.004762399999999999,0.0028725,0.026962,1.7907,1.6127,2.0927,2.0463,2.2646,2.1732
0.25536,0.13505,0.6852699999999999,7.6060000000000005e-06,9.559299999999999e-05,0.00061761,0.69618,0.54869,-0.41553,0.00065511,0.0073574,0.0033763000000000005,0.0015874,0.00032755,0.005820399999999999,0.0051148999999999995,0.020208,2.2263,1.8441,1.3579,2.1005,2.9654,2.0992
0.5792,0.36418,0.65978,2.0751999999999996e-09,4.6615e-06,1.0053999999999999e-05,-0.90959,0.069404,-0.14046,0.00055432,0.006803,0.004485,0.001411,0.00050393,0.0053417000000000004,0.0055432,0.019804,2.1408,2.1919,2.1814,2.3646,2.113,2.5799
0.46073000000000003,0.1541,0.6474300000000001,0.0017772000000000003,5.4488e-07,1.2787e-05,0.50295,-0.13855,-0.22243000000000002,0.00095747,0.009851799999999999,0.005896,0.001159,0.00075589,0.0095243,0.0070298,0.0092723,2.8314,2.9041,2.9277,3.0115,2.8549,3.4199
0.44828,0.12372999999999999,0.1943,0.00016586,0.00012703,1.856e-05,0.1646,0.43096,0.6888,0.00032755,0.008718,0.005140100000000001,0.0014362,0.00047873,0.0074834,0.005644,0.015219,2.5347,2.9811,3.0264,2.7004,3.0853,2.9779
0.36399000000000004,0.12983,0.47885,2.6818000000000003e-05,7.968600000000001e-05,0.00033033,-0.20603000000000002,1.1816,-0.14478,0.00062991,0.010759000000000001,0.0061478999999999995,0.001159,0.00075589,0.0094235,0.0068786,0.0086928,3.3112,3.1781,3.2871,3.2437,3.3188,3.515
0.53546,0.24761,0.61951,2.7244000000000002e-08,4.22e-05,0.00034573,0.27976999999999996,0.57152,-0.21424,0.00032755,0.0060723,0.0040566000000000005,0.0013102,0.00060472,0.0062235,0.0050645,0.020787,2.2198,1.5955,1.8553,2.9017,2.6824,2.3427
0.5017,0.35991,0.21048000000000003,0.00015939,0.00044602,8.578399999999999e-05,-1.2086,1.5704,0.25225,0.00040314,0.0082392,0.0058708,0.001285,0.00062991,0.0075588999999999995,0.0060975000000000005,0.014362,2.2945,2.9979,2.4254,2.3911,3.2451,2.653
0.61541,0.37633,0.69195,1.9616e-09,4.835e-06,1.7149e-05,-0.62444,1.0205,0.67437,0.00035275,0.0046613,0.0042582,0.0015622,0.00035275,0.0034519,0.0047621,0.025044999999999998,2.1524,2.0622,2.218,1.8254,2.3769,1.6323
0.53293,0.2904,0.44491,1.9239e-05,1.8547e-05,1.1989000000000002e-05,0.8371799999999999,0.45743,0.64113,0.00035275,0.005820399999999999,0.004560600000000001,0.0013858,0.00052913,0.0054172,0.0052661,0.021115000000000002,2.5242,2.6595,2.5493,2.7969,3.0051,2.6231
0.07212400000000001,0.36541,0.54715,0.00013616,0.00033553,0.00015469,1.9523,0.51179,0.19532,0.00085668,0.012245,0.0052913000000000005,0.0011338,0.00078109,0.011691,0.005518,0.006929,2.7368,3.469,3.0662,3.0725,3.3953,2.89
0.4232,0.058539999999999995,0.73536,0.0015452999999999999,4.0078e-06,1.2801e-05,-0.06918300000000001,0.34163000000000004,0.92924,0.00055432,0.0080377,0.005492800000000001,0.0014362,0.00047873,0.0067779,0.0071558,0.014513,2.2512,2.5019,1.7157,2.1609,3.1417,2.2816
0.061409000000000005,0.37749,0.37406,2.1701999999999998e-08,1.7019e-05,1.0127e-05,-0.47476999999999997,1.5419999999999998,-0.09443700000000001,0.0007055,0.012019,0.0063495,0.0011338,0.00078109,0.0097258,0.0078361,0.005896,3.1009,2.8684,2.9455,3.2201,2.9403,3.1660000000000004
0.50756,0.26794,0.25925,0.00043973,0.00059833,0.00015661,-0.012417000000000001,0.70982,0.8527899999999999,0.00040314,0.0077101,0.0032,0.0016125999999999998,0.00030236,0.0060723,0.0041826,0.020963,2.4785,2.4426,2.3626,2.5132,2.5815,2.4223
0.61525,0.78551,0.41201000000000004,7.157899999999999e-11,2.1069999999999996e-08,9.0661e-09,-0.47258,0.7512300000000001,0.51525,0.00055432,0.010104,0.0048629,0.001411,0.00050393,0.0085416,0.0056692,0.0128,2.3391,2.0761,1.7897,3.2231,3.2552,3.1242
0.35072,0.23314000000000001,0.48236999999999997,0.00045716,0.00055032,0.00074706,-2.29,1.0045,-1.2325,0.00040314,0.0080881,0.0051905,0.0014866,0.00042834,0.0064251,0.0058456,0.016579,2.2977,2.6723,2.4519,2.3769,2.7238,2.2794
0.563,0.63164,0.37808,9.098099999999999e-10,0.00057431,2.9208000000000002e-05,-0.2551,-0.6581600000000001,1.1332,0.00055432,0.0073826000000000004,0.0051148999999999995,0.0015622,0.00035275,0.0074834,0.00577,0.016227000000000002,2.8143,3.0905,2.8569999999999998,2.8696,3.165,3.1144
0.10248,0.25405,0.4671,0.0019492,9.3206e-05,7.3659e-05,0.32227,0.1644,-0.8349799999999999,0.00060472,0.009473899999999999,0.0057951999999999995,0.0013354,0.00057952,0.007962100000000001,0.0064251,0.012270999999999999,2.8329,2.9492,2.8764,3.0309,2.8589,2.5736
0.17561,0.46182,0.25189,0.00017914,0.00054142,0.0003324,-0.15408,0.12045,0.28544,0.0007055,0.0085164,0.0037039,0.0015118,0.00040314,0.006979399999999999,0.0053417000000000004,0.017285,2.3835,2.5825,2.214,2.759,2.8507,2.8014
0.213,0.040979,0.8289799999999999,1.0308e-07,8.8199e-10,1.0025e-07,-0.36822,0.7557,-0.5557300000000001,0.00010895,0.0062918,0.00062646,0.0020155999999999998,5.4475e-05,0.0087432,5.4475e-05,0.030151999999999998,3.2855,3.3682,3.5745,3.091,3.3937,2.8658
0.45148999999999995,0.081603,0.58654,0.00020151,3.3076e-06,4.6661000000000006e-05,0.18484,0.7862899999999999,0.34078,0.00020157,0.0075588999999999995,0.005593600000000001,0.0013354,0.00057952,0.007458199999999999,0.005820399999999999,0.015899,2.1082,2.4768,1.7358,2.7087,2.7263,2.1589
0.5828399999999999,0.43113,0.70672,2.0248000000000003e-11,1.3425e-08,1.7023e-09,-0.45707,1.175,0.078597,0.00047873,0.008188899999999999,0.005492800000000001,0.0011842,0.0007307,0.007987300000000001,0.006022,0.014362,2.2726,1.8847,1.2344,3.5412,2.9355,2.8636
0.0495,0.54477,0.65299,5.2708e-09,1.7355999999999998e-05,3.0666999999999996e-05,0.27581,-0.9580200000000001,0.15064,0.00052913,0.0090959,0.00577,0.001159,0.00075589,0.0084156,0.0064754999999999995,0.012245,3.1059,2.6625,3.3005,3.108,2.7743,3.2636
0.51483,0.46984,0.39476999999999995,7.3011e-08,9.9231e-06,6.1851e-06,0.11484000000000001,-0.67803,-0.2134,0.00016342,0.0090156,0.00049027,0.0020155999999999998,5.4475e-05,0.0079806,5.4475e-05,0.028272000000000002,2.3168,2.1276,2.2412,2.4194,2.5784,2.0389
0.16030999999999998,0.25823,0.7598,3.8799999999999994e-05,5.3063e-07,2.311e-05,0.50907,1.6131,0.1395,0.00022677,0.00257,0.0024945,0.0013606,0.00055432,0.0026204,0.0022173,0.032402999999999994,1.8861,1.8052,1.761,2.6751,2.28,2.3024
0.60526,0.093498,0.58412,0.00097042,0.00012145,0.00049354,-0.57473,0.20432,0.25903000000000004,0.00037795,0.0075084999999999995,0.0028472,0.001537,0.00037795,0.007004600000000001,0.0034015,0.021391999999999998,2.6282,2.5732,2.4604,2.8198,2.6415,2.9277
0.5781,0.6572,0.40252,6.3401e-08,0.00064288,1.2945e-05,-0.45186000000000004,-0.002663,0.58453,0.00042834,0.008188899999999999,0.0042582,0.0014866,0.00042834,0.007306999999999999,0.0048125,0.017537,2.1172,1.7989,1.4951,2.562,1.9877,2.912
0.6030800000000001,0.60128,0.5674899999999999,1.7339e-12,7.9639e-08,2.8474e-10,-0.21973,0.43318999999999996,0.61429,0.00027716,0.0053417000000000004,0.0052661,0.0014614,0.00045354,0.0042582,0.0056188,0.021769999999999998,2.072,1.2014,0.7672100000000001,2.6789,2.5844,2.2919
0.16238,0.33323,0.48976000000000003,3.2831e-05,0.00011445,0.00026716,-0.46781000000000006,0.008936,1.0245,0.0007307,0.0097762,0.007206199999999999,0.0012345999999999998,0.0006803,0.0091463,0.007181,0.0084912,3.0672,3.5086,3.4551,3.4039,3.2560000000000002,3.4010000000000002
0.59749,0.64179,0.7117100000000001,6.712600000000001e-11,1.1226999999999999e-06,3.4635999999999993e-07,0.38871,0.44101999999999997,0.078792,0.00062991,0.008617200000000002,0.0056692,0.001285,0.00062991,0.0080629,0.007206199999999999,0.012346,1.6914,2.3885,1.506,2.6415,1.9235,2.8139999999999996
0.5978399999999999,0.59125,0.43418,0.00015902,0.00067648,0.00021368,-2.0042,0.48383000000000004,0.60621,0.00032755,0.0034771,0.0025196,0.0017134000000000001,0.00020157,0.0025448,0.0031496,0.030513,1.5043,1.4936,1.443,1.411,1.7831,1.4239
0.5483399999999999,0.69594,0.65954,1.8123e-11,2.274e-05,1.5785e-06,-0.46246000000000004,0.66762,0.37463,0.00052913,0.006626699999999999,0.0034519,0.0014866,0.00042834,0.0054172,0.0048881,0.021619,2.6675,2.4548,2.7455,2.8649,2.6703,2.9458
0.66266,0.10364000000000001,0.64276,0.00022568,1.5713e-05,6.6745e-05,-1.2546,0.603,-0.6693,0.00047873,0.01028,0.0052913000000000005,0.0014362,0.00047873,0.0091211,0.0067779,0.010583,3.2126,2.9794,2.9954,3.3426,3.3409,3.1223
0.58531,0.13666,0.39453,0.00043018,2.215e-06,2.7195999999999998e-06,0.78755,0.38687,-0.27191,0.00045354,0.0041826,0.0024693000000000002,0.0017637999999999998,0.00015118,0.0031748,0.0034015,0.02885,1.7369,1.6251,2.3091,2.2407,1.9019,1.1957
0.68386,0.2445,0.5966199999999999,0.00085255,0.00054256,0.00031056,0.33205,0.06143099999999999,1.4769999999999999,0.0007307,0.007584100000000001,0.003981,0.0016378,0.00027716,0.0060472,0.0055432,0.018645,2.5751,2.6686,2.7628,3.0731,2.5534,2.9544
0.5313899999999999,0.24816,0.50893,4.3838e-06,0.00029798,6.608699999999999e-05,-0.074292,0.30365,-0.1286,0.00062991,0.01217,0.0061478999999999995,0.0012345999999999998,0.0006803,0.0097762,0.0077856999999999996,0.006022,3.1795,3.4259,3.3407,3.3662,3.4684,3.3979
0.39350999999999997,0.23235,0.28461,1.7245e-05,0.0012385999999999999,0.00013585,-0.16959000000000002,1.5185,-0.073817,0.00040314,0.0089196,0.0071306,0.0014866,0.00042834,0.0074078,0.008667600000000001,0.010003,2.4211,3.2098,3.0805,2.5612,3.3548,3.1029
0.55667,0.43946999999999997,0.59482,9.551e-08,0.00013894,0.00028774,1.0751,0.44566000000000006,-0.51486,0.00045354,0.006500700000000001,0.0032503,0.001537,0.00037795,0.0058456,0.004359,0.022123,2.6096,2.8495,2.4841,2.6527,2.6405,2.6076
0.65672,0.5614600000000001,0.14735,1.28e-07,2.5155999999999998e-05,6.2458e-06,1.3278,0.090348,-0.34983000000000003,0.00075589,0.0079117,0.004308600000000001,0.0014362,0.00047873,0.0070298,0.004988899999999999,0.017537,1.6237,1.2487,1.4362,1.9285,1.7029,2.1631
0.6070399999999999,0.33629000000000003,0.78394,3.1916e-08,4.1923000000000005e-06,2.2054e-06,-0.51946,0.63663,-1.4661,0.00057952,0.0042834,0.0020157,0.0015874,0.00032755,0.0038299,0.002696,0.029126999999999997,1.6177,1.6553,2.22,2.1809,2.7247,2.2944
0.7378100000000001,0.10693,0.60217,0.00029549,3.0763000000000003e-05,0.00017923,-1.1656,0.010327,-0.33403,0.00060472,0.0062235,0.004409399999999999,0.0014362,0.00047873,0.004988899999999999,0.0053417000000000004,0.020963,2.7430000000000003,2.2359,2.3586,2.7006,2.2023,2.6608
0.38776,0.26156,0.30122,2.3505999999999998e-05,0.00016416,0.0007438,-0.39145,0.60696,-0.078484,0.0007055,0.010205,0.0059968,0.0014866,0.00042834,0.0084156,0.0073322000000000005,0.009877,2.4707,2.6445,2.1366,2.7211,2.7437,2.6381
0.25969000000000003,0.15406,0.2719,0.00023513,1.2393e-05,8.9019e-06,0.83054,0.6136199999999999,-0.5955199999999999,0.00035277,0.011590999999999999,0.0027465,0.0013355,0.00057955,0.010431999999999999,0.004611199999999999,0.0128,2.1303,2.2814,2.1479,2.3226,3.1877,2.8044
0.63666,0.4928,0.18916,1.1645999999999999e-07,0.00013462,2.0208e-05,0.45109,-1.2786,0.114,0.00040316,0.0087436,0.002293,0.0015623,0.00035277,0.006626999999999999,0.0041324,0.020335,2.4533,2.4674,2.5407,2.6408,2.8501,2.8019
0.60644,0.28148,0.44197,8.840299999999999e-08,0.0001737,0.00011908,0.89265,0.1122,0.2183,0.00047873,0.010406,0.004485,0.0012094,0.0007055,0.0094235,0.005719600000000001,0.012019,2.9423,3.0189,2.8409,3.0428,2.9321,2.8905
0.091889,0.24569000000000002,0.45064,0.001003,6.3241999999999995e-06,7.4764999999999995e-06,0.23378000000000002,0.58173,0.30166,0.00057952,0.0093227,0.004560600000000001,0.0012094,0.0007055,0.0075084999999999995,0.006324300000000001,0.014236000000000002,2.4768,2.5514,2.2744,2.9082,2.8657,2.7751
0.093144,0.50147,0.69655,1.8294000000000002e-10,4.5138999999999996e-05,7.8391e-05,-1.0144,-0.28485,-0.36788000000000004,0.0007055,0.0089447,0.004560600000000001,0.0015622,0.00035275,0.0080629,0.0054424,0.014816,2.5622,2.9341,2.764,3.0224,2.688,2.9015
0.62485,0.34095,0.5653600000000001,9.9168e-06,7.390100000000001e-05,0.00063561,-0.83691,-0.33774,-0.91333,0.00037795,0.0057951999999999995,0.0012345999999999998,0.0015622,0.00035275,0.0059464,0.0014866,0.027691000000000004,1.0991,1.3294,1.0438,1.1495,1.82,1.1216
0.53213,0.33092,0.27213000000000004,0.00014765,0.00021364,0.00024432,0.6128600000000001,0.5150899999999999,-0.07785399999999999,0.00030237,0.0098775,0.0024694,0.0013859000000000002,0.00052915,0.0085924,0.0043088,0.016983,2.8032,2.7703,3.0564,2.9895,2.9651,2.7629
0.5970300000000001,0.35505,0.7510600000000001,1.5931000000000002e-10,3.0292e-09,6.0706e-09,-0.17357,-0.97046,-0.36598,0.00057952,0.009977799999999998,0.0050645,0.0013102,0.00060472,0.0092975,0.005719600000000001,0.011893,2.1775,1.8062,1.5959999999999999,3.3316,3.0579,2.7207
0.053689999999999995,0.4491,0.4575,2.0246e-09,8.7009e-06,8.845800000000001e-06,-0.18170999999999998,0.48033000000000003,0.045199,0.00032755,0.004988899999999999,0.00257,0.001411,0.00050393,0.0048125,0.0032503,0.026581999999999998,3.0539,2.3288,2.4706,2.8271,2.3598,2.1117
0.69245,0.40026999999999996,0.21861999999999998,5.2808e-08,0.00011576,4.1475e-05,0.14251,0.59635,0.13263,0.00080629,0.010633,0.0056944,0.0013858,0.00052913,0.008314799999999999,0.006551100000000001,0.010532,2.7964,2.4348,2.5842,3.1269,2.6518,2.6613
0.13104000000000002,0.21383000000000002,0.77992,5.0981000000000005e-05,8.9231e-06,0.00014774,-0.16079000000000002,1.3459,0.16806,0.00045354,0.0089951,0.0048881,0.0014614,0.00045354,0.0091715,0.0057951999999999995,0.013228,2.8962,3.5569,3.1804,3.1085,3.4093,3.1797
0.6917300000000001,0.31106999999999996,0.19932,0.006398600000000001,7.7778e-05,0.00031264,0.032997000000000005,1.7734,-0.38395,0.0007055,0.0082644,0.005896,0.0014866,0.00042834,0.0075588999999999995,0.0064503,0.013656,1.8815,2.3434,2.2446,2.1708,2.377,2.1941
0.22294,0.12180999999999999,0.49345,0.005571,2.2921e-05,0.00010149,1.5192,1.1031,-0.25081,0.00060472,0.010079000000000001,0.005719600000000001,0.0013102,0.00060472,0.0098014,0.0073574,0.0089699,3.2819,3.1872,3.3807,3.4463,3.2726,3.0847
0.22095,0.070441,0.40316,0.00083877,9.749200000000001e-05,0.0006408,1.9198,1.2593,0.16812,0.00085668,0.01096,0.0051148999999999995,0.0015118,0.00040314,0.0093479,0.0060472,0.010205,2.4439,3.4531,2.9582,2.3103,3.1796,2.7249
0.38896,0.1574,0.32495,1.9547000000000002e-07,5.4112e-08,6.3389e-08,-0.35756,0.15159,-0.55062,0.0006803,0.0128,0.0038803000000000006,0.0011338,0.00078109,0.012069,0.0047621,0.00834,3.2456,2.9486,2.9634,3.5868,3.0474,3.2751
0.315,0.25564000000000003,0.17586,9.1215e-05,0.00048622,0.00023589,-0.83962,0.99716,-0.2909,0.00042834,0.0053165,0.0022173,0.0015622,0.00035275,0.0048125,0.0033763000000000005,0.026381,2.1441,2.0373,2.0379,2.2091,2.1678,2.2651
0.5472199999999999,0.71241,0.34241,5.7132e-09,9.3588e-05,1.4694e-06,0.058347,-0.39266,0.54152,0.00047873,0.0083652,0.0060975000000000005,0.0013606,0.00055432,0.006803,0.006803,0.013984,2.0911,2.3305,1.8937,3.1710000000000003,2.4064,3.1468
0.61664,0.27455,0.69376,2.7841e-08,4.8898000000000005e-05,3.4047e-05,-0.84585,-1.1163,1.0625,0.00030236,0.0093479,0.0060472,0.0013858,0.00052913,0.0081385,0.007458199999999999,0.011238,3.0169,3.0455,2.4927,3.1145,3.2627,2.5309
0.58936,0.8300700000000001,0.42352,7.0938e-07,8.8265e-05,5.0418e-06,-2.748,-0.5303100000000001,-0.52312,0.00035277,0.0038048,0.0011591,0.0015875,0.00032757,0.0024694,0.0020662,0.032681,0.42299,0.42896000000000006,0.20886,0.20686,0.7408600000000001,0.34426999999999996
0.39755,0.040428,0.71933,2.4888000000000003e-05,4.6561000000000005e-07,0.00022836,-0.47728000000000004,0.5109100000000001,-0.14692,0.00062991,0.008466,0.0062739,0.0014614,0.00045354,0.0076093,0.0079117,0.011641,2.9165,2.8039,2.6524,2.7989,3.0838,2.713
0.49576000000000003,0.05783200000000001,0.4549,0.00029987,9.5391e-06,6.854699999999999e-05,-0.62461,0.94296,0.22441,0.00080629,0.0093731,0.008214,0.0013354,0.00057952,0.0071054,0.011086,0.0059464,3.5121,3.2884,3.3851,3.3846,3.0498,3.0253
0.53476,0.086632,0.77342,0.00031794,0.00025320000000000003,0.00064022,0.40367,0.80953,-0.8891600000000001,0.00062991,0.0083652,0.0051905,0.0013102,0.00060472,0.0076345,0.006022,0.01469,2.4917,2.543,2.8419,3.0487,2.7425,2.9042
0.49144,0.12596,0.65794,5.9038e-05,0.00013849,0.00030710000000000004,-0.26245,0.63559,-0.19193,0.00015118,0.0034519,0.0031244,0.0016882000000000002,0.00022677,0.0022929,0.0038299,0.029681,1.6668,1.4545,2.3,2.1385,2.1824,1.7726
0.57123,0.39768000000000003,0.6371100000000001,5.5537999999999996e-09,0.00061767,3.9494e-05,0.76415,0.90665,-0.064539,0.00045354,0.0086424,0.004611,0.0013354,0.00057952,0.0077856999999999996,0.0054424,0.015597,2.8402,2.9506,2.6727,2.8663,3.0389999999999997,2.5597
0.27596,0.3495,0.28755,0.00012833,4.2021e-05,0.00042397,0.3053,0.44128,-0.047388,0.00052913,0.010657999999999999,0.005593600000000001,0.0013102,0.00060472,0.008844,0.007004600000000001,0.0099022,2.3296,2.6456,2.9918,2.8181,2.6096,3.2158
0.56038,0.08217,0.7461899999999999,0.00027598,6.046699999999999e-06,1.9261e-05,0.45223,1.3763,-0.89456,0.00060472,0.0089196,0.0050897,0.0013858,0.00052913,0.0065763,0.0069542,0.014387,3.1628,2.5893,2.9726,3.1283,2.6917,3.0426
0.61647,0.12205999999999999,0.68462,6.436e-05,0.00042618,0.00081268,-1.8056,0.62236,-0.66365,0.00052913,0.008214,0.0059212,0.0013102,0.00060472,0.0080377,0.0068281999999999995,0.013000999999999999,2.8059,2.8838,2.6633,3.2005,3.3741,2.972
0.5675100000000001,0.16405,0.7622399999999999,1.0472999999999999e-07,3.0499000000000002e-06,0.00037815,0.061295,0.19925,0.58906,0.00060472,0.0091463,0.0043338000000000005,0.0015118,0.00040314,0.00834,0.0048376999999999995,0.015269,2.8037,2.75,2.6386,3.0088,3.0469,2.9928
0.57014,0.41192,0.63949,1.5381e-06,7.979999999999999e-05,5.3906e-05,0.14857,0.5928,-0.15062,0.00025196,0.004611,0.005568399999999999,0.0014614,0.00045354,0.0038299,0.0063747,0.021896000000000002,2.4425,2.1005,2.1588,2.562,2.6816,2.0594
0.50955,0.4055,0.41303999999999996,0.00054768,0.00013265,0.00013968,-1.694,-0.054934000000000004,0.59055,0.00032755,0.006651899999999999,0.0040062,0.0015118,0.00040314,0.0058456,0.0041826,0.021518000000000002,2.0666,2.2429,2.367,1.9535,2.3267,2.5181
0.71642,0.096966,0.65472,0.0064716999999999995,0.00034621,0.00010464,-1.3509,0.56694,0.48418,0.0007307,0.0088692,0.0050645,0.0013354,0.00057952,0.0071306,0.006324300000000001,0.014412000000000001,2.5944,2.7826,2.491,2.4681,2.6701,2.9886
0.58498,0.18425,0.20729,1.7954e-08,5.4187e-08,3.1465e-08,0.15432,-0.57714,-0.10897000000000001,0.00078109,0.011565,0.0068786,0.0013102,0.00060472,0.009247100000000001,0.008768399999999999,0.0052913000000000005,3.2865,3.2299,2.8264,3.1218,3.4772,3.2233
0.54771,0.18085,0.7396199999999999,1.4129e-09,1.3978e-06,1.1752999999999999e-05,0.035438,0.28475,1.0473,0.00065511,0.0065763,0.0015874,0.0016125999999999998,0.00030236,0.0057951999999999995,0.002948,0.02497,1.9969999999999999,1.8361,1.4876,2.26,1.72,1.649
0.58619,0.27145,0.8184100000000001,0.00025642,9.3363e-06,3.6806e-07,0.11835,0.23606,0.57233,0.00030236,0.0048881,0.0024441,0.0014362,0.00047873,0.0051653,0.002696,0.027036,2.3368,2.2404,1.9575,2.5275,2.895,2.4212
0.41257,0.039034,0.77922,0.00010326,9.6819e-07,0.00021769,1.2448,0.0099513,-1.04,0.00042834,0.008466,0.006626699999999999,0.001285,0.00062991,0.0078613,0.0069038,0.012245,2.9262,2.5447,2.5359,2.7432,2.9974,2.6779
0.87087,0.38279,0.097357,0.0007704,2.8808000000000003e-05,6.3316e-06,-0.29955,1.1563,0.21176999999999999,0.00047873,0.0090455,0.0042078,0.0015622,0.00035275,0.0084912,0.0056692,0.014639,1.7374,1.7012,1.1144,2.7779,2.218,1.5573
0.65261,0.32245,0.70276,0.0014098,4.6515e-05,7.5848e-05,-0.6701199999999999,0.22338000000000002,1.1721,0.00025196,0.005896,0.0045102,0.0013858,0.00052913,0.006022,0.0047621,0.021089,2.4212,2.4009,2.524,2.4436,2.3591,2.4126
0.63581,0.91853,0.35995,1.8103000000000002e-10,1.1670999999999999e-07,1.8919000000000002e-07,-0.077459,-0.22476999999999997,0.080675,0.00062991,0.011565,0.005215699999999999,0.0014866,0.00042834,0.008818799999999998,0.0062235,0.010079000000000001,3.095,2.4208,2.4384,2.8835,3.2695,2.6689
0.5927600000000001,0.23258,0.68653,1.3765000000000002e-07,2.6468e-05,3.6122e-05,-0.63746,0.24149,-0.46299999999999997,0.00037795,0.01222,0.005644,0.0012345999999999998,0.0006803,0.010809000000000001,0.0059464,0.0075337,3.1096,3.2254,3.0656,3.2205,3.3963,3.3217
0.5795899999999999,0.042496,0.6824,0.00077291,2.4655e-06,3.7727e-05,-0.23640999999999998,0.15314,-0.25951,0.0007055,0.011086,0.0059716000000000005,0.0010834000000000002,0.00083148,0.01149,0.0072566,0.006022,3.3568,3.3532,3.3398,3.3928,3.5997,3.2147
0.52355,0.54397,0.5154,6.901900000000001e-06,0.00012673,0.00018887,0.08252899999999999,0.33699,0.3968,0.00047873,0.013178,0.004636199999999999,0.0012598,0.00065511,0.010834,0.0054424,0.007962100000000001,3.2119999999999997,3.0407,3.0707,3.2402,3.2038,3.1597
0.42846999999999996,0.21343,0.39915,4.011e-05,3.9273e-05,9.3764e-06,-0.5606,-0.22755999999999998,0.2581,0.00032755,0.0081637,0.0058456,0.0012598,0.00065511,0.007458199999999999,0.0069542,0.013781999999999999,2.7449,3.0354,2.4928,2.6537,3.217,2.8493
0.6019399999999999,0.41651000000000005,0.60522,1.2304e-09,2.9804e-05,5.1695e-05,0.424,0.56691,-0.058121000000000006,0.00035275,0.0058456,0.0029228,0.0015118,0.00040314,0.005518,0.0036534999999999996,0.024239,2.1362,2.3659,1.8959,2.3213,2.2283,1.7682
0.5738,0.7361,0.81794,1.2040999999999999e-05,0.00061242,3.8932e-05,-0.98713,0.25042,-0.72288,0.00032755,0.002822,0.0019905,0.0016378,0.00027716,0.0025448,0.0024189,0.032428,0.99959,0.99939,1.1852,1.3796,1.0928,1.4154
0.57303,0.87574,0.78555,6.4395e-11,2.4041e-05,2.2554000000000002e-07,0.45197,-0.33321999999999996,0.2622,0.00025196,0.005593600000000001,0.0032503,0.0014866,0.00042834,0.0056944,0.0031748,0.024567,2.8721,3.0556,3.375,2.3341,2.4719,2.8625
0.5673199999999999,0.30036,0.6651199999999999,5.4181e-08,1.3792000000000001e-05,7.0463e-06,0.63067,0.6580600000000001,-0.36971,0.00037797,0.0072569,0.0023686,0.0015119,0.00040316,0.0055183,0.0046364,0.022376,2.4617,2.6310000000000002,1.9605,2.2393,2.8826,2.4279
